Mid_Price,Reservation_Price,Bid,Ask,Position,PnL,Spread
76732.0085,76732.0085,76731.36311479945,76732.65388520055,0.0,0.0,1.2907704011013266
76732.0085,76732.0085,76730.07234440112,76733.94465559887,4.857e-05,0.00010338124411646277,3.872311197745148
76732.00850000003,76732.00850000003,76730.07446869134,76733.94253130871,4.857e-05,0.00010338124411646277,3.8680626173736528
76732.00850000003,76732.00850000003,76730.0765894886,76733.94041051145,4.857e-05,0.00010338124411646277,3.8638210228527896
76732.00850000003,76732.00850000003,76730.08293099946,76733.93406900059,4.857e-05,0.00010338124411646277,3.851138001133222
76732.00850000003,76732.00850000003,76730.08556412612,76733.93143587394,0.0006715299999999999,0.0014293515996541828,3.845871747820638
76732.0085,76732.0085,76730.07330584589,76733.9436941541,0.00344778,0.007338599723880179,3.8703883082198445
76732.00849999998,76732.00849999998,76730.07253231206,76733.9444676879,0.00344778,0.007338599723880179,3.8719353758497164
76732.0085,76732.0085,76730.07251440159,76733.9444855984,0.01344778,0.028623599719139747,3.8719711968151387
76732.00849999997,76732.00849999997,76730.07238327268,76733.94461672725,0.01389546,0.029576486587757245,3.872233454574598
76732.0085,76732.0085,76730.0723827851,76733.94461721489,0.01389546,0.029576486587757245,3.872234429785749
76732.0085,76732.0085,76730.07238264057,76733.94461735942,0.01389543,0.029576545741292648,3.872234718844993
76732.00849999998,76732.00849999998,76730.07238581899,76733.94461418097,0.01389537,0.029576664630440064,3.8722283619863447
76732.0085,76732.0085,76730.07239215689,76733.9446078431,0.01389535,0.02957670425530523,3.872215686220443
76732.0085,76732.0085,76730.0723942695,76733.94460573049,0.01389535,0.02957670425530523,3.872211460984545
76732.0085,76732.0085,76730.07239411735,76733.94460588264,0.01389535,0.02957670425530523,3.872211765294196
76732.00850000001,76732.00850000001,76730.07239200392,76733.9446079961,0.013895330000000001,0.029576743894722313,3.8722159921890125
76732.00850000001,76732.00850000001,76730.07239399051,76733.9446060095,0.013895230000000001,0.029576942048151977,3.872212018992286
76732.0085,76732.0085,76730.07240392415,76733.94459607585,0.013895160000000002,0.029577080757007934,3.8721921516989823
76732.00850000001,76732.00850000001,76730.07241089284,76733.94458910718,0.013895090000000002,0.02957721946586389,3.872178214340238
76732.2165,76732.2165,76730.28041784617,76734.15258215382,0.013894960000000003,0.03246762872731779,3.8721643076569308
76732.42199999999,76732.42199999999,76730.48593075978,76734.3580692402,0.013894940000000003,0.03532307437853888,3.8721384804230183
76732.6285,76732.6285,76730.6924327465,76734.56456725352,0.013894940000000003,0.038192379477550276,3.8721345070225652
76732.83499999999,76732.83499999999,76730.8989292735,76734.77107072648,0.013894940000000003,0.04106168459111359,3.872141452971846
76733.041,76733.041,76731.10492852794,76734.97707147205,0.013894740000000003,0.043924232028075494,3.8721429441065993
76733.2465,76733.2465,76731.3104473023,76735.18255269769,0.013894680000000003,0.046779645708738826,3.872105395392282
76733.452,76733.452,76731.51595293717,76735.38804706284,0.013894650000000003,0.04963501858583186,3.8720941256615333
76733.5815,76733.5815,76731.64545575251,76735.51754424749,0.013894650000000003,0.051434375753160566,3.8720884949725587
76733.78699999998,76733.78699999998,76731.85092377214,76735.72307622782,0.013894610000000003,0.054289734456688166,3.87215245567495
76733.9925,76733.9925,76732.05642631915,76735.92857368084,0.013894560000000004,0.05714507668744773,3.872147361689713
76733.992,76733.992,76732.05592940642,76735.92807059358,0.013837620000000004,0.057138015516102314,3.8721411871665623
76733.9925,76733.9925,76732.06004918292,76735.92495081706,0.013315200000000003,0.057143628277117386,3.8649016341369133
76733.9925,76733.9925,76732.09280026003,76735.89219973996,0.013315170000000003,0.057143628189805895,3.7993994799326174
76733.9925,76733.9925,76732.09280211678,76735.89219788321,0.013315110000000003,0.05714362804428674,3.7993957664293703
76733.992,76733.992,76732.09230583042,76735.89169416958,0.013315090000000003,0.05713697044120636,3.7993883391609415
76733.99149999999,76733.99149999999,76732.09180706825,76735.89119293173,0.013315070000000004,0.057130312867229804,3.7993858634727076
76733.992,76733.992,76732.09230830615,76735.89169169385,0.013315070000000004,0.05713697041210253,3.799383387697162
76733.992,76733.992,76732.09174528705,76735.89225471295,0.013315010000000004,0.05713697028113529,3.800509425898781
76733.992,76733.992,76732.09174597773,76735.89225402227,0.011289170000000005,0.05713291860593017,3.800508044543676
76733.992,76733.992,76732.20950920884,76735.77449079115,0.008889170000000005,0.057128118598484434,3.564981582312612
76733.9925,76733.9925,76732.33615797624,76735.64884202374,0.008889170000000005,0.057132563189952634,3.3126840475015342
76733.9925,76733.9925,76732.33607985466,76735.64892014532,0.008889170000000005,0.057132563189952634,3.3128402906586416
76733.992,76733.992,76732.34324228697,76735.64075771303,0.008889170000000005,0.057128118598484434,3.29751542606391
76733.9915,76733.9915,76732.3427457511,76735.64025424891,0.008889170000000005,0.05712367402156815,3.2975084978097584
76733.9915,76733.9915,76732.46277348702,76735.52022651299,0.008889170000000005,0.05712367402156815,3.0574530259764288
76733.992,76733.992,76732.46327882036,76735.52072117964,0.008889170000000005,0.057128118598484434,3.057442359277047
76733.992,76733.992,76732.46146019154,76735.52253980846,0.008889170000000005,0.057128118598484434,3.061079616920324
76733.9915,76733.9915,76732.46096284852,76735.52203715149,0.008889170000000005,0.05712367402156815,3.0610743029683363
76733.9915,76733.9915,76732.46096949093,76735.52203050908,0.008889170000000005,0.05712367402156815,3.0610610181465745
76733.99149999999,76733.99149999999,76732.46253640985,76735.52046359013,0.008889170000000005,0.05712367402156815,3.0579271802853327
76733.9915,76733.9915,76732.46253994736,76735.52046005265,0.008889170000000005,0.05712367402156815,3.057920105289668
76733.9915,76733.9915,76732.46254127393,76735.52045872608,0.008889170000000005,0.05712367402156815,3.0579174521553796
76733.9915,76733.9915,76732.46294608717,76735.52005391284,0.008889170000000005,0.05712367402156815,3.057107825676212
76733.99149999999,76733.99149999999,76732.46295184018,76735.5200481598,0.008889170000000005,0.05712367402156815,3.05709631962236
76733.99149999999,76733.99149999999,76732.46295184018,76735.5200481598,0.008889170000000005,0.05712367402156815,3.05709631962236
76733.99149999999,76733.99149999999,76732.46295274647,76735.5200472535,0.008889170000000005,0.05712367402156815,3.0570945070357993
76733.9915,76733.9915,76732.4681934664,76735.51480653361,0.008889170000000005,0.05712367402156815,3.0466130672139116
76733.9915,76733.9915,76732.49271640259,76735.49028359742,0.008889170000000005,0.05712367402156815,2.9975671948341187
76733.99149999999,76733.99149999999,76732.49865440541,76735.48434559457,0.008889170000000005,0.05712367402156815,2.9856911891547497
76733.99149999999,76733.99149999999,76732.84543653499,76735.13756346499,0.008889170000000005,0.05712367402156815,2.2921269299986307
76733.99100000001,76733.99100000001,76732.85912166788,76735.12287833214,0.008889170000000005,0.05711922943009995,2.2637566642661113
76733.99100000001,76733.99100000001,76732.86353202665,76735.11846797337,0.008889170000000005,0.05711922943009995,2.2549359467229806
76733.991,76733.991,76732.86353918034,76735.11846081965,0.008889170000000005,0.05711922943009995,2.254921639309032
76733.991,76733.991,76732.86353775093,76735.11846224905,0.008889170000000005,0.05711922943009995,2.25492449812009
76733.991,76733.991,76732.86353918034,76735.11846081965,0.008889170000000005,0.05711922943009995,2.254921639309032
76733.9905,76733.9905,76733.05674609165,76734.92425390835,0.008889170000000005,0.057114784853183664,1.8675078166997992
76733.9905,76733.9905,76733.11311694505,76734.86788305495,0.008889170000000005,0.057114784853183664,1.7547661098942626
76733.9905,76733.9905,76733.12994217944,76734.85105782056,0.008889170000000005,0.057114784853183664,1.721115641121287
76733.9905,76733.9905,76733.12994217944,76734.85105782056,0.008889170000000005,0.057114784853183664,1.721115641121287
76733.99049999999,76733.99049999999,76733.12994104491,76734.85105895506,0.008889170000000005,0.057114784853183664,1.7211179101432208
76733.99100000001,76733.99100000001,76733.13043991041,76734.8515600896,0.008889170000000005,0.05711922943009995,1.7211201791942585
76733.9915,76733.9915,76733.12832523561,76734.8546747644,0.008889170000000005,0.05712367402156815,1.7263495287916157
76733.9915,76733.9915,76733.07870365941,76734.9042963406,0.008889170000000005,0.05712367402156815,1.8255926811834797
76733.9915,76733.9915,76733.13198839393,76734.85101160608,0.008889170000000005,0.05712367402156815,1.719023212150205
76733.99149999999,76733.99149999999,76733.1435276259,76734.83947237408,0.008889170000000005,0.05712367402156815,1.69594474817859
76733.99149999999,76733.99149999999,76733.19572237838,76734.7872776216,0.008889170000000005,0.05712367402156815,1.5915552432124969
76733.99100000001,76733.99100000001,76733.19521514523,76734.78678485479,0.008889170000000005,0.05711922943009995,1.5915697095624637
76733.991,76733.991,76733.19521448766,76734.78678551233,0.008889170000000005,0.05711922943009995,1.5915710246772505
76733.99100000001,76733.99100000001,76732.32775763857,76735.65424236144,0.008889170000000005,0.05711922943009995,3.3264847228711005
76733.9915,76733.9915,76732.20022130763,76735.78277869237,0.008889170000000005,0.05712367402156815,3.58255738473963
76733.9915,76733.9915,76732.20253180087,76735.78046819914,0.008889170000000005,0.05712367402156815,3.5779363982728682
76733.9915,76733.9915,76732.20273688792,76735.78026311209,0.008889170000000005,0.05712367402156815,3.577526224165922
76733.9915,76733.9915,76732.20464943686,76735.77835056315,0.008889170000000005,0.05712367402156815,3.5737011262972374
76733.99149999999,76733.99149999999,76732.20464914008,76735.7783508599,0.008889170000000005,0.05712367402156815,3.573701719811652
76733.99149999999,76733.99149999999,76732.20464888042,76735.77835111956,0.008889170000000005,0.05712367402156815,3.5737022391404025
76733.9915,76733.9915,76732.20443851565,76735.77856148436,0.008889170000000005,0.05712367402156815,3.5741229687118903
76733.9915,76733.9915,76732.20443847866,76735.77856152135,0.008889170000000005,0.05712367402156815,3.5741230426938273
76733.992,76733.992,76732.16537478859,76735.81862521141,0.008889170000000005,0.057128118598484434,3.6532504228234757
76733.992,76733.992,76732.16595947384,76735.81804052615,0.008889170000000005,0.057128118598484434,3.6520810523070395
76733.9925,76733.9925,76732.17238432242,76735.81261567757,0.008889170000000005,0.057132563189952634,3.640231355151627
76733.9925,76733.9925,76732.18619057929,76735.7988094207,0.008889170000000005,0.057132563189952634,3.6126188414054923
76733.99250000001,76733.99250000001,76732.19070139526,76735.79429860476,0.008889170000000005,0.057132563189952634,3.6035972094978206
76733.99299999999,76733.99299999999,76732.20282322972,76735.78317677026,0.008889170000000005,0.057137007781420834,3.580353540543001
76733.99299999999,76733.99299999999,76732.22916576847,76735.7568342315,0.008889170000000005,0.057137007781420834,3.5276684630371165
76733.993,76733.993,76732.24243794891,76735.7435620511,0.008889170000000005,0.057137007781420834,3.501124102185713
76733.993,76733.993,76732.24243850746,76735.74356149255,0.008889170000000005,0.057137007781420834,3.5011229850933887
76733.9935,76733.9935,76732.22701742804,76735.75998257195,0.008889170000000005,0.05714145235833712,3.532965143909678
76733.99399999999,76733.99399999999,76732.2472283237,76735.74077167628,0.008889170000000005,0.05714589694980532,3.493543352582492
76733.99399999999,76733.99399999999,76732.41641786494,76735.57158213505,0.008889170000000005,0.05714589694980532,3.1551642701087985
76733.994,76733.994,76732.4167720566,76735.57122794341,0.008889170000000005,0.05714589694980532,3.1544558868044987
76733.9945,76733.9945,76732.75411827014,76735.23488172986,0.008889170000000005,0.057150341526721604,2.4807634597236756
76733.9945,76733.9945,76732.7568791479,76735.2321208521,0.008889170000000005,0.057150341526721604,2.475241704203654
76733.995,76733.995,76732.71685583197,76735.27314416802,0.008889170000000005,0.057154786118189804,2.556288336054422
76733.995,76733.995,76732.73784003156,76735.25215996843,0.008889170000000005,0.057154786118189804,2.514319936861284
76733.995,76733.995,76732.73784033117,76735.25215966882,0.008889170000000005,0.057154786118189804,2.514319337642519
76733.99549999999,76733.99549999999,76732.73833943233,76735.25266056765,0.008889170000000005,0.05715923069510609,2.5143211353279185
76733.99549999999,76733.99549999999,76732.7522758452,76735.23872415478,0.008889170000000005,0.05715923069510609,2.486448309588013
76733.995,76733.995,76732.74941999676,76735.24058000323,0.008889170000000005,0.057154786118189804,2.491160006466089
76733.99549999999,76733.99549999999,76732.74991986332,76735.24108013666,0.008889170000000005,0.05715923069510609,2.491160273348214
76733.995,76733.995,76732.76333483245,76735.22666516755,0.008889170000000005,0.057154786118189804,2.4633303351001814
76733.9945,76733.9945,76732.76283483433,76735.22616516567,0.008889170000000005,0.057150341526721604,2.4633303313457873
76733.99399999999,76733.99399999999,76732.76233330207,76735.22566669791,0.008889170000000005,0.05714589694980532,2.463333395833615
76733.99399999999,76733.99399999999,76732.76233452938,76735.2256654706,0.008889170000000005,0.05714589694980532,2.4633309412165545
76733.99399999999,76733.99399999999,76732.76743158193,76735.22056841805,0.008889170000000005,0.05714589694980532,2.453136836120393
76733.99399999999,76733.99399999999,76732.76743096551,76735.22056903447,0.008889170000000005,0.05714589694980532,2.4531380689586513
76733.99399999999,76733.99399999999,76732.7395232202,76735.24847677979,0.008889170000000005,0.05714589694980532,2.5089535595907364
76733.99399999999,76733.99399999999,76732.73976066898,76735.248239331,0.008889170000000005,0.05714589694980532,2.5084786620282102
76733.9935,76733.9935,76732.74571465631,76735.24128534368,0.008889170000000005,0.05714145235833712,2.4955706873734016
76733.9935,76733.9935,76732.74570238426,76735.24129761574,0.008889170000000005,0.05714145235833712,2.495595231477637
76733.99299999999,76733.99299999999,76732.745200363,76735.24079963697,0.008889170000000005,0.057137007781420834,2.4955992739705835
76733.9925,76733.9925,76732.74470050738,76735.24029949261,0.008889170000000005,0.057132563189952634,2.4955989852314815
76733.9925,76733.9925,76732.74120015946,76735.24379984052,0.008889170000000005,0.057132563189952634,2.5025996810582
76733.992,76733.992,76732.68794009689,76735.2960599031,0.008889170000000005,0.057128118598484434,2.608119806216564
76733.992,76733.992,76732.68935381487,76735.29464618512,0.008889170000000005,0.057128118598484434,2.6052923702518456
76733.992,76733.992,76732.68935314835,76735.29464685165,0.008889170000000005,0.057128118598484434,2.605293703294592
76733.99149999999,76733.99149999999,76732.8133325513,76735.16966744867,0.008889170000000005,0.05712367402156815,2.356334897369379
76733.99149999999,76733.99149999999,76732.81333706088,76735.1696629391,0.008889170000000005,0.05712367402156815,2.356325878208736
76733.99149999999,76733.99149999999,76732.81333549514,76735.16966450484,0.008889170000000005,0.05712367402156815,2.3563290096935816
76733.9915,76733.9915,76732.81333549516,76735.16966450485,0.008889170000000005,0.05712367402156815,2.3563290096935816
76733.992,76733.992,76733.13637798968,76734.84762201032,0.008889170000000005,0.057128118598484434,1.7112440206401516
76733.9925,76733.9925,76733.12559138611,76734.85940861388,0.008889170000000005,0.057132563189952634,1.733817227766849
76733.99299999999,76733.99299999999,76733.11623880522,76734.86976119476,0.008889170000000005,0.057137007781420834,1.7535223895392846
76733.993,76733.993,76732.87978753608,76735.10621246393,0.008889170000000005,0.057137007781420834,2.2264249278523494
76733.99350000001,76733.99350000001,76732.80803638836,76735.17896361166,0.008889170000000005,0.05714145235833712,2.370927223295439
76733.9935,76733.9935,76732.73648484438,76735.25051515561,0.008889170000000005,0.05714145235833712,2.5140303112275433
76733.9935,76733.9935,76732.73300957555,76735.25399042445,0.008889170000000005,0.05714145235833712,2.5209808489016723
76733.993,76733.993,76732.73251509607,76735.25348490394,0.008889170000000005,0.057137007781420834,2.5209698078688234
76733.99299999999,76733.99299999999,76732.73251018893,76735.25348981105,0.008889170000000005,0.057137007781420834,2.520979622117011
76733.993,76733.993,76732.73272526817,76735.25327473183,0.008889170000000005,0.057137007781420834,2.5205494636611547
76733.99299999999,76733.99299999999,76732.73271483852,76735.25328516145,0.008889170000000005,0.057137007781420834,2.520570322929416
76733.993,76733.993,76732.73456865005,76735.25143134996,0.008889170000000005,0.057137007781420834,2.516862699907506
76733.99299999999,76733.99299999999,76732.73628236691,76735.24971763307,0.008889170000000005,0.057137007781420834,2.513435266155284
76733.99299999999,76733.99299999999,76732.73981894577,76735.2461810542,0.008889170000000005,0.057137007781420834,2.5063621084264014
76733.9935,76733.9935,76732.74903186009,76735.2379681399,0.008889170000000005,0.05714145235833712,2.4889362798130605
76733.99399999999,76733.99399999999,76732.74503480307,76735.24296519691,0.008889170000000005,0.05714589694980532,2.4979303938453086
76733.9945,76733.9945,76732.65848574377,76735.33051425623,0.008889170000000005,0.057150341526721604,2.672028512461111
76733.995,76733.995,76732.6423759935,76735.34762400649,0.008889170000000005,0.057154786118189804,2.705248012993252
76733.99549999999,76733.99549999999,76732.64464062513,76735.34635937485,0.008889170000000005,0.05715923069510609,2.70171874971129
76734.0725,76734.0725,76732.7644753355,76735.38052466449,0.008889170000000005,0.05784369679167867,2.6160493289935403
76734.1725,76734.1725,76732.76199441438,76735.58300558562,0.008889170000000005,0.05873261379019823,2.821011171239661
76734.17199999999,76734.17199999999,76732.69146880307,76735.65253119692,0.008889170000000005,0.05872816919873003,2.9610623938497156
76734.1715,76734.1715,76732.69158533694,76735.65141466305,0.008889170000000005,0.058723724621813744,2.959829326107865
76734.171,76734.171,76732.56583910689,76735.77616089312,0.008889170000000005,0.058719280030345544,3.2103217862313613
76734.17050000001,76734.17050000001,76732.57002489585,76735.77097510417,0.008889170000000005,0.05871483545342926,3.200950208323775
76734.1705,76734.1705,76732.57002335027,76735.77097664971,0.008889170000000005,0.05871483545342926,3.2009532994416077
76734.17050000001,76734.17050000001,76732.57001865061,76735.7709813494,0.008889170000000005,0.05871483545342926,3.200962698785588
76734.1705,76734.1705,76732.57265578903,76735.76834421096,0.008889170000000005,0.05871483545342926,3.195688421925297
76734.171,76734.171,76732.57315368575,76735.76884631425,0.008889170000000005,0.058719280030345544,3.1956926285056397
76734.1715,76734.1715,76732.55328820553,76735.78971179447,0.008889170000000005,0.058723724621813744,3.2364235889399424
76734.17199999999,76734.17199999999,76732.55057276385,76735.79342723613,0.008889170000000005,0.05872816919873003,3.24285447227885
76734.1725,76734.1725,76732.5503236496,76735.7946763504,0.008889170000000005,0.05873261379019823,3.2443527007999364
76734.1725,76734.1725,76732.54982416448,76735.79517583552,0.008889170000000005,0.05873261379019823,3.245351671037497
76734.1725,76734.1725,76732.54982367161,76735.79517632839,0.008889170000000005,0.05873261379019823,3.2453526567842346
76734.17199999999,76734.17199999999,76732.7397878454,76735.60421215458,0.008889170000000005,0.05872816919873003,2.864424309169408
76734.1715,76734.1715,76732.74457819456,76735.59842180544,0.008889170000000005,0.058723724621813744,2.8538436108792666
76734.171,76734.171,76732.52173981963,76735.82026018038,0.008889170000000005,0.058719280030345544,3.298520360753173
76734.1705,76734.1705,76732.5212423499,76735.81975765008,0.008889170000000005,0.05871483545342926,3.298515300179133
76734.17,76734.17,76732.52110802406,76735.81889197594,0.008889170000000005,0.05871039086196106,3.297783951886231
76734.0925,76734.0925,76732.44356648826,76735.74143351174,0.008889170000000005,0.058021480188472196,3.2978670234733727
76733.99250000001,76733.99250000001,76732.34355940047,76735.64144059955,0.008889170000000005,0.057132563189952634,3.2978811990760732
76733.9925,76733.9925,76732.34233521517,76735.64266478481,0.008889170000000005,0.057132563189952634,3.300329569639871
76733.9925,76733.9925,76732.33905121389,76735.6459487861,0.008889170000000005,0.057132563189952634,3.3068975722126197
76733.9925,76733.9925,76732.3390507077,76735.64594929229,0.008889170000000005,0.057132563189952634,3.306898584589362
76733.9925,76733.9925,76732.33905728812,76735.64594271187,0.008889170000000005,0.057132563189952634,3.306885423749918
76733.92199999999,76733.92199999999,76732.26855981903,76735.57544018095,0.008889170000000005,0.05650587670970708,3.3068803619244136
76733.852,76733.852,76733.18899447285,76734.51500552715,0.008889170000000005,0.05588363480637781,1.326011054305127
76733.8085,76733.8085,76732.30855086038,76735.30844913961,0.008889170000000005,0.0554969559161691,2.9998982792312745
76733.80799999999,76733.80799999999,76732.30684056204,76735.30915943794,0.008889170000000005,0.0554925113247009,3.002318875893252
76733.8075,76733.8075,76732.30633804105,76735.30866195894,0.008889170000000005,0.0554880667332327,3.002323917899048
76733.807,76733.807,76732.26307724812,76735.35092275188,0.008889170000000005,0.055483622156316414,3.087845503760036
76733.80649999999,76733.80649999999,76732.14011247971,76735.47288752027,0.008889170000000005,0.055479177564848214,3.332775040558772
76733.8065,76733.8065,76732.11420013802,76735.49879986199,0.008889170000000005,0.055479177564848214,3.384599723969586
76733.80649999999,76733.80649999999,76732.08210136404,76735.53089863595,0.008889170000000005,0.055479177564848214,3.4487972719070967
76733.80649999999,76733.80649999999,76732.0506244465,76735.56237555348,0.008889170000000005,0.055479177564848214,3.5117511069693137
76733.80649999999,76733.80649999999,76732.02897641742,76735.58402358256,0.008889170000000005,0.055479177564848214,3.5550471651367843
76733.736,76733.736,76731.95846277634,76735.51353722367,0.008889170000000005,0.05485249108460266,3.555074447329389
76733.659,76733.659,76731.85466964306,76735.46333035694,0.008889170000000005,0.054168024988030083,3.608660713885911
76733.34349999999,76733.34349999999,76731.5376652447,76735.14933475528,0.008889170000000005,0.05136349186068401,3.611669510573847
76733.11399999999,76733.11399999999,76731.30705934396,76734.92094065601,0.008889170000000005,0.049323427345370874,3.613881312048761
76732.89099999999,76732.89099999999,76731.08405023022,76734.69794976976,0.008889170000000005,0.04734114243183285,3.6138995395449456
76732.6685,76732.6685,76730.84579139917,76734.49120860083,0.008889170000000005,0.045363302109763026,3.64541720165289
76732.497,76732.497,76730.66777071734,76734.32622928267,0.008889170000000005,0.04383880944806151,3.658458565332694
76732.29000000001,76732.29000000001,76730.46073070775,76734.11926929226,0.008889170000000005,0.04199875125777908,3.6585385845100973
76732.115,76732.115,76730.28569704501,76733.944302955,0.008889170000000005,0.04044314651400782,3.658605909993639
76732.05,76732.05,76730.21358438552,76733.88641561448,0.008889170000000005,0.039865350467152894,3.6728312289633323
76731.9855,76731.9855,76730.12172072392,76733.84927927607,0.008889170000000005,0.03929199899721425,3.727558552142
76731.8065,76731.8065,76729.93950909332,76733.67349090669,0.008889170000000005,0.03770083756535314,3.733981813362334
76731.7665,76731.7665,76729.89748366055,76733.63551633945,0.008889170000000005,0.03734527077176608,3.7380326788988896
76731.249,76731.249,76729.37968693071,76733.11831306928,0.008889170000000005,0.032745125296059996,3.7386261385690887
76730.8505,76730.8505,76728.96254798127,76732.73845201873,0.008889170000000005,0.029202791047282517,3.775904037465807
76730.602,76730.602,76728.67746139674,76732.52653860326,0.009405240000000006,0.027810255051008426,3.8490772065124474
76730.3535,76730.3535,76728.43049594814,76732.27650405186,0.014070450000000005,0.03169411045382731,3.846008103719214
76730.105,76730.105,76728.1957501177,76732.0142498823,0.024070450000000007,0.03904760361183435,3.8184997646021657
76729.856,76729.856,76727.98793848946,76731.72406151054,0.024070450000000007,0.033054061568691395,3.736123021080857
76729.607,76729.607,76727.73893847718,76731.47506152283,0.024070450000000007,0.027060519525548443,3.73612304564449
76729.429,76729.429,76727.56093850847,76731.29706149154,0.024083350000000007,0.02278125550947152,3.7361229830712546
76729.25700000001,76729.25700000001,76727.38897507428,76731.12502492574,0.024083350000000007,0.01863891931134276,3.736049851460848
76729.32350000001,76729.32350000001,76727.45547508365,76731.19152491637,0.024083350000000007,0.020240462094079703,3.736049832717981
76729.3045,76729.3045,76727.42871427709,76731.1802857229,0.024385390000000007,0.01986880881304387,3.7515714458131697
76729.2785,76729.2785,76727.40130461298,76731.15569538702,0.02463865000000001,0.01930025639012456,3.7543907740327995
76729.25200000001,76729.25200000001,76727.37521633101,76731.128783669,0.02463865000000001,0.01864733216643799,3.753567337989807
76729.17450000001,76729.17450000001,76727.29750988698,76731.05149011304,0.02463865000000001,0.016737836791435257,3.7539802260580473
76729.1325,76729.1325,76727.25550989054,76731.00949010947,0.02463865000000001,0.015703013486927375,3.753980218927609
76729.05900000001,76729.05900000001,76727.18229920552,76730.9357007945,0.02717151000000001,0.013990854262374341,3.7534015889687
76728.94600000001,76728.94600000001,76727.0765508019,76730.81544919813,0.02730053000000001,0.010910926153883338,3.73889839623007
76728.8315,76728.8315,76726.9624186638,76730.7005813362,0.02730053000000001,0.007785015463014133,3.7381626724090893
76728.80500000001,76728.80500000001,76726.93591866914,76730.67408133087,0.02730053000000001,0.007061551412334666,3.7381626617279835
76728.59650000001,76728.59650000001,76726.72741888788,76730.46558111215,0.02736504000000001,0.0013420709292404354,3.738162224268308
76728.8655,76728.8655,76726.99660294822,76730.73439705178,0.02742160000000001,0.008694528165506199,3.737794103566557
76729.01550000001,76729.01550000001,76727.14676620948,76730.88423379054,0.02805482000000001,0.012804918689653277,3.7374675810569897
76729.015,76729.015,76727.14751852889,76730.88248147111,0.02805482000000001,0.012790891269105487,3.7349629422242288
76729.0145,76729.0145,76727.1470141506,76730.88198584941,0.02805482000000001,0.012776863863109611,3.7349716988101136
76729.0145,76729.0145,76727.14701576137,76730.88198423864,0.02853605000000001,0.0127742170880083,3.7349684772780165
76729.0145,76729.0145,76727.1483849004,76730.88061509961,0.02853605000000001,0.0127742170880083,3.73223019920988
76729.0145,76729.0145,76727.14838490753,76730.88061509248,0.02853605000000001,0.0127742170880083,3.732230184949003
76729.014,76729.014,76727.15077075863,76730.87722924136,0.02853605000000001,0.012759949066094123,3.7264584827353247
76729.0145,76729.0145,76727.16815524992,76730.86084475009,0.02918114000000001,0.01277066909824498,3.6926895001670346
76729.015,76729.015,76727.17107604536,76730.85892395464,0.029194170000000012,0.012785194528987631,3.6878479092847556
76729.015,76729.015,76727.17112346653,76730.85887653347,0.029232880000000013,0.012785000973963179,3.687753066944424
76729.0145,76729.0145,76727.17439640839,76730.85460359162,0.029232880000000013,0.01277038453554269,3.680207183235325
76729.0145,76729.0145,76727.19533966156,76730.83366033845,0.029232880000000013,0.01277038453554269,3.6383206768950913
76729.0145,76729.0145,76727.20439476323,76730.82460523678,0.029232880000000013,0.01277038453554269,3.6202104735421017
76729.0145,76729.0145,76727.2043989253,76730.82460107471,0.029232880000000013,0.01277038453554269,3.6202021494100336
76729.0145,76729.0145,76727.21527923777,76730.81372076223,0.03923288000000001,0.012715384538751096,3.5984415244602133
76729.0145,76729.0145,76727.41258585671,76730.6164141433,0.03923288000000001,0.012715384538751096,3.2038282865833025
76729.015,76729.015,76727.44251220067,76730.58748779933,0.03923288000000001,0.012735000971588306,3.1449755986686796
76729.01550000001,76729.01550000001,76727.95713889053,76730.07386110949,0.03923288000000001,0.012754617418977432,2.116722218954237
76729.01550000001,76729.01550000001,76728.11286965768,76729.91813034234,0.03923288000000001,0.012754617418977432,1.8052606846613344
76729.015,76729.015,76728.35909486157,76729.67090513842,0.03923288000000001,0.012735000971588306,1.3118102768494282
76729.0145,76729.0145,76728.35867785272,76729.67032214729,0.03923288000000001,0.012715384538751096,1.3116442945611198
76729.0145,76729.0145,76728.1927582492,76729.8362417508,0.03923288000000001,0.012715384538751096,1.6434835015970748
76729.0145,76729.0145,76728.0789186457,76729.95008135431,0.03923288000000001,0.012715384538751096,1.8711627086158842
76729.014,76729.014,76728.07945340806,76729.94854659193,0.03923288000000001,0.01269576809136197,1.8690931838646065
76729.014,76729.014,76728.07933320988,76729.94866679011,0.03923288000000001,0.01269576809136197,1.8693335802236106
76729.014,76729.014,76727.92709632133,76730.10090367866,0.03923288000000001,0.01269576809136197,2.1738073573214933
76729.014,76729.014,76727.27823067065,76730.74976932934,0.03923288000000001,0.01269576809136197,3.471538658690406
76729.014,76729.014,76727.25034244308,76730.77765755692,0.03923288000000001,0.01269576809136197,3.527315113838995
76729.0135,76729.0135,76727.09626172962,76730.93073827038,0.03923288000000001,0.012676151658524759,3.834476540767355
76729.013,76729.013,76727.0903249108,76730.93567508922,0.03923288000000001,0.012656535211135633,3.845350178424269
76729.0135,76729.0135,76727.08867012602,76730.93832987398,0.03923288000000001,0.012676151658524759,3.849659747967962
76729.0135,76729.0135,76727.08821778218,76730.93878221783,0.03923288000000001,0.012676151658524759,3.8505644356482662
76729.014,76729.014,76727.0887355412,76730.9392644588,0.03923288000000001,0.01269576809136197,3.8505289175955113
76729.014,76729.014,76727.0888706389,76730.9391293611,0.03923288000000001,0.01269576809136197,3.8502587222028524
76729.0135,76729.0135,76727.08887847386,76730.93812152614,0.03923288000000001,0.012676151658524759,3.849243052274687
76729.013,76729.013,76727.08837772271,76730.9376222773,0.03923288000000001,0.012656535211135633,3.8492445545853116
76729.0125,76729.0125,76727.08787672115,76730.93712327884,0.03923288000000001,0.012636918778298423,3.8492465576855466
76729.012,76729.012,76727.08784919728,76730.93615080272,0.03923288000000001,0.012617302330909297,3.8483016054378822
76729.0115,76729.0115,76727.08735737391,76730.93564262608,0.03923288000000001,0.012597685898072086,3.8482852521701716
76729.012,76729.012,76727.0878582917,76730.9361417083,0.03923288000000001,0.012617302330909297,3.8482834165915847
76729.012,76729.012,76727.08781864376,76730.93618135624,0.03923288000000001,0.012617302330909297,3.8483627124805935
76729.012,76729.012,76727.08782972023,76730.93617027978,0.03923288000000001,0.012617302330909297,3.8483405595470686
76729.012,76729.012,76727.08782955377,76730.93617044624,0.03923288000000001,0.012617302330909297,3.848340892465785
76729.0125,76729.0125,76727.08833021959,76730.9366697804,0.03923288000000001,0.012636918778298423,3.8483395608200226
76729.0125,76729.0125,76727.08829395224,76730.93670604775,0.03923288000000001,0.012636918778298423,3.8484120955108665
76729.0125,76729.0125,76727.08839282769,76730.9366071723,0.03923288000000001,0.012636918778298423,3.848214344616281
76729.013,76729.013,76727.08889801869,76730.93710198133,0.03923288000000001,0.012656535211135633,3.8482039626396727
76729.0125,76729.0125,76727.08838843672,76730.93661156327,0.03923288000000001,0.012636918778298423,3.848223126551602
76729.0125,76729.0125,76727.08839028153,76730.93660971847,0.03923288000000001,0.012636918778298423,3.8482194369425997
76729.0125,76729.0125,76727.08839312599,76730.936606874,0.03923288000000001,0.012636918778298423,3.8482137480168603
76729.012,76729.012,76727.08789575125,76730.93610424876,0.03923288000000001,0.012617302330909297,3.848208497511223
76729.012,76729.012,76727.08792079195,76730.93607920806,0.03923288000000001,0.012617302330909297,3.8481584161054343
76729.0115,76729.0115,76727.08694879376,76730.93605120623,0.03923288000000001,0.012597685898072086,3.849102412466891
76729.0115,76729.0115,76727.08694879376,76730.93605120623,0.03923288000000001,0.012597685898072086,3.849102412466891
76729.012,76729.012,76727.08746731756,76730.93653268245,0.03923288000000001,0.012617302330909297,3.8490653648914304
76729.012,76729.012,76727.08736235304,76730.93663764697,0.03923288000000001,0.012617302330909297,3.8492752939346246
76729.0125,76729.0125,76727.08786360163,76730.93713639837,0.03923288000000001,0.012636918778298423,3.84927279673866
76729.0125,76729.0125,76727.08785579927,76730.93714420073,0.03923288000000001,0.012636918778298423,3.8492884014558513
76729.013,76729.013,76727.08838010719,76730.93761989282,0.03923288000000001,0.012656535211135633,3.849239785631653
76729.0125,76729.0125,76727.08765568477,76730.93734431523,0.03923288000000001,0.012636918778298423,3.8496886304637883
76729.013,76729.013,76727.0881586191,76730.93784138092,0.03923288000000001,0.012656535211135633,3.849682761821896
76729.013,76729.013,76727.0881506427,76730.93784935732,0.03923288000000001,0.012656535211135633,3.8496987146208994
76729.013,76729.013,76727.08815023421,76730.9378497658,0.03923288000000001,0.012656535211135633,3.849699531594524
76729.0125,76729.0125,76727.08764966232,76730.93735033767,0.03923288000000001,0.012636918778298423,3.8497006753459573
76729.013,76729.013,76727.08814990743,76730.93785009258,0.03923288000000001,0.012656535211135633,3.849700185150141
76729.0135,76729.0135,76727.09017876473,76730.93682123527,0.03923288000000001,0.012676151658524759,3.846642470540246
76729.013,76729.013,76727.08997977976,76730.93602022025,0.03923288000000001,0.012656535211135633,3.8460404404904693
76729.013,76729.013,76727.09758150832,76730.92841849169,0.03923288000000001,0.012656535211135633,3.830836983368499
76729.013,76729.013,76727.3238030753,76730.70219692471,0.03923288000000001,0.012656535211135633,3.3783938494161703
76729.013,76729.013,76727.92027918047,76730.10572081954,0.03923288000000001,0.012656535211135633,2.185441639070632
76729.013,76729.013,76727.93161798513,76730.09438201488,0.03923288000000001,0.012656535211135633,2.1627640297519974
76729.013,76729.013,76727.93161199515,76730.09438800486,0.03923288000000001,0.012656535211135633,2.1627760097035207
76729.013,76729.013,76727.90856551396,76730.11743448605,0.03923288000000001,0.012656535211135633,2.2088689720840193
76729.0135,76729.0135,76727.8825778051,76730.1444221949,0.03923288000000001,0.012676151658524759,2.261844389809994
76729.013,76729.013,76727.86635830574,76730.15964169428,0.03923288000000001,0.012656535211135633,2.293283388542477
76729.0135,76729.0135,76727.86686012437,76730.16013987563,0.03923288000000001,0.012676151658524759,2.293279751262162
76729.013,76729.013,76727.68210869495,76730.34389130506,0.03923288000000001,0.012656535211135633,2.6617826101137325
76729.0135,76729.0135,76727.68260869494,76730.34439130506,0.03923288000000001,0.012676151658524759,2.6617826101137325
76729.013,76729.013,76727.67560862607,76730.35039137394,0.03923288000000001,0.012656535211135633,2.6747827478684485
76729.013,76729.013,76727.67560748158,76730.35039251843,0.03923288000000001,0.012656535211135633,2.67478503685561
76729.013,76729.013,76727.67560748158,76730.35039251843,0.03923288000000001,0.012656535211135633,2.67478503685561
76729.013,76729.013,76727.87259943242,76730.1534005676,0.03923288000000001,0.012656535211135633,2.280801135173533
76729.0135,76729.0135,76727.8730985191,76730.1539014809,0.03923288000000001,0.012676151658524759,2.2808029617881402
76729.0135,76729.0135,76727.88511110372,76730.14188889628,0.03923288000000001,0.012676151658524759,2.256777792557841
76729.013,76729.013,76727.88461708937,76730.14138291065,0.03923288000000001,0.012656535211135633,2.2567658212792594
76729.013,76729.013,76727.88461570807,76730.14138429194,0.03923288000000001,0.012656535211135633,2.256768583873054
76729.013,76729.013,76727.8713113781,76730.15468862191,0.03923288000000001,0.012656535211135633,2.2833772438170854
76729.013,76729.013,76727.86872759556,76730.15727240445,0.03923288000000001,0.012656535211135633,2.288544808892766
76729.013,76729.013,76727.86868321252,76730.15731678749,0.03923288000000001,0.012656535211135633,2.2886335749644786
76728.9025,76728.9025,76727.66682809041,76730.13817190958,0.03923288000000001,0.008321301982505247,2.4713438191683963
76728.792,76728.792,76727.22861311478,76730.35538688522,0.03923288000000001,0.0039860687393229455,3.1267737704329193
76728.743,76728.743,76727.1420848599,76730.34391514011,0.03923288000000001,0.002063657622784376,3.2018302802171092
76728.74250000001,76728.74250000001,76727.08645871932,76730.3985412807,0.03923288000000001,0.0020440411753952503,3.312082561373245
76728.639,76728.639,76726.9552882342,76730.3227117658,0.03923288000000001,-0.0020165619062026963,3.367423531599343
76728.639,76728.639,76726.91482720105,76730.36317279894,0.03923288000000001,-0.0020165619062026963,3.4483455978916027
76728.6385,76728.6385,76726.91431346066,76730.36268653935,0.03923288000000001,-0.002036178339039907,3.4483730786887463
76728.6385,76728.6385,76726.91416751957,76730.36283248043,0.03923288000000001,-0.002036178339039907,3.4486649608588777
76728.638,76728.638,76726.86517131979,76730.41082868022,0.03923288000000001,-0.0020557947864290327,3.5456573604315054
76728.56100000002,76728.56100000002,76726.78789873529,76730.33410126474,0.03923288000000001,-0.0050767265347531065,3.546202529454604
76728.56100000002,76728.56100000002,76726.78522111676,76730.33677888327,0.03923288000000001,-0.0050767265347531065,3.5515577665064484
76728.56049999999,76728.56049999999,76726.78471267459,76730.3362873254,0.03923288000000001,-0.005096342982142232,3.5515746508026496
76728.41,76728.41,76726.62651862882,76730.19348137119,0.03923288000000001,-0.011000891419826075,3.5669627423631027
76728.275,76728.275,76726.47727694815,76730.07272305184,0.03923288000000001,-0.01629733022127766,3.595446103689028
76728.025,76728.025,76726.22610979267,76729.82389020732,0.03923288000000001,-0.026105550219654106,3.5977804146532435
76727.7745,76727.7745,76725.97408572552,76729.57491427448,0.03923288000000001,-0.035933386665419675,3.60082854895154
76727.5195,76727.5195,76725.69418535719,76729.3448146428,0.03923288000000001,-0.0459377710649278,3.6506292856065556
76727.36899999999,76727.36899999999,76725.52109852705,76729.21690147293,0.03923288000000001,-0.051842319502611645,3.695802945876494
76727.0185,76727.0185,76725.16995823196,76728.86704176806,0.03923288000000001,-0.06559344394190703,3.697083536098944
76726.66699999999,76726.66699999999,76724.81295144843,76728.52104855154,0.03923288000000001,-0.07938380126142874,3.708097103110049
76726.444,76726.444,76724.55816529071,76728.3298347093,0.03923288000000001,-0.08813273350824602,3.7716694185801316
76726.239,76726.239,76724.35157211068,76728.12642788932,0.03923288000000001,-0.09617547389643732,3.7748557786399033
76725.9375,76725.9375,76724.04914108923,76727.82585891077,0.03923288000000001,-0.10800418721919414,3.7767178215435706
76725.4825,76725.4825,76723.59414022799,76727.37085977201,0.03923288000000001,-0.1258551476203138,3.7767195440246724
76725.09300000001,76725.09300000001,76723.19830767444,76726.98769232558,0.03923288000000001,-0.1411363543884363,3.7893846511433367
76724.5175,76724.5175,76722.61392120447,76726.42107879554,0.03923288000000001,-0.16371487682044972,3.8071575910726096
76724.067,76724.067,76722.16222336837,76725.97177663162,0.03923288000000001,-0.18138928926782683,3.809553263243288
76723.47899999999,76723.47899999999,76721.57385009037,76725.38414990962,0.03923288000000001,-0.2044582226953935,3.81029981924803
76722.89099999999,76722.89099999999,76720.9858500891,76724.79614991088,0.03923288000000001,-0.22752715613751207,3.810299821780063
76722.26749999999,76722.26749999999,76720.36264926779,76724.17235073219,0.03923288000000001,-0.25198885682038963,3.8097014644008595
76721.6795,76721.6795,76719.77464488155,76723.58435511845,0.03923288000000001,-0.2750577902625082,3.8097102369065396
76721.09150000001,76721.09150000001,76719.18665128056,76722.99634871946,0.03923288000000001,-0.2981267237046268,3.80969743890455
76720.4165,76720.4165,76718.51164921215,76722.32135078787,0.03923288000000001,-0.3246089176973328,3.809701575723011
76719.7255,76719.7255,76717.82064921137,76721.63035078863,0.03923288000000001,-0.3517188377882121,3.809701577265514
76719.15,76719.15,76717.24514922882,76721.05485077116,0.03923288000000001,-0.37429736022022553,3.8097015423409175
76718.575,76718.575,76716.66936866064,76720.48063133935,0.03923288000000001,-0.39685626621940173,3.8112626787042245
76718.004,76718.004,76716.0983682966,76719.9096317034,0.03923288000000001,-0.4192582406976726,3.811263406794751
76717.329,76717.329,76715.39784812204,76719.26015187796,0.03923288000000001,-0.4457404347049305,3.862303755915491
76716.854,76716.854,76714.92284812198,76718.78515187804,0.03923288000000001,-0.464376052696025,3.86230375606101
76716.38,76716.38,76714.44605286467,76718.31394713534,0.03923288000000001,-0.48297243782144506,3.867894270661054
76715.8885,76715.8885,76713.95455317381,76717.82244682619,0.039297300000000014,-0.502037755373749,3.86789365237928
76715.379,76715.379,76713.44519219596,76717.31280780405,0.039372930000000014,-0.5218427472573239,3.8676156080910005
76714.9045,76714.9045,76712.97024290898,76716.83875709103,0.03938584000000001,-0.54049428954022,3.868514182046056
76714.53450000001,76714.53450000001,76712.60027070464,76716.46872929537,0.03938584000000001,-0.5550670503434958,3.868458590732189
76714.2015,76714.2015,76712.26715958331,76716.13584041668,0.03938584000000001,-0.5681825350620784,3.8686808333732188
76713.679,76713.679,76711.74465958338,76715.61334041663,0.03938584000000001,-0.5887616364634596,3.8686808332568035
76713.032,76713.032,76711.09763688972,76714.96636311029,0.03938584000000001,-0.6142442749405745,3.8687262205639854
76712.557,76712.557,76710.62126403085,76714.49273596915,0.03938584000000001,-0.6329525489418302,3.8714719382987823
76712.0945,76712.0945,76710.15876403042,76714.03023596959,0.03938584000000001,-0.6511684999422869,3.8714719391718972
76711.7555,76711.7555,76709.81975301629,76713.69124698371,0.03938584000000001,-0.6645202997024171,3.8714939674246125
76711.3045,76711.3045,76709.36876188428,76713.24023811572,0.03938584000000001,-0.6822833135374822,3.871476231433917
76711.042,76711.042,76709.10627843442,76712.97772156558,0.03938584000000001,-0.6926220965397079,3.8714431311527733
76710.917,76710.917,76708.98127192081,76712.85272807919,0.03938584000000001,-0.6975453265476972,3.8714561583765317
76710.792,76710.792,76708.8562802419,76712.7277197581,0.03938584000000001,-0.7024685565411346,3.871439516195096
76710.792,76710.792,76708.8562753777,76712.72772462231,0.03938584000000001,-0.7024685565411346,3.8714492446160875
76710.792,76710.792,76708.85628709402,76712.72771290598,0.03938584000000001,-0.7024685565411346,3.8714258119580336
76710.7725,76710.7725,76708.8367827918,76712.70821720822,0.03938584000000001,-0.7032365804188885,3.8714344164181966
76710.75350000002,76710.75350000002,76708.81777159614,76712.6892284039,0.03938584000000001,-0.7039849113789387,3.8714568077703007
76710.75350000002,76710.75350000002,76708.81776623726,76712.68923376278,0.03938584000000001,-0.7039849113789387,3.871467525517801
76710.62899999999,76710.62899999999,76708.69326723924,76712.56473276073,0.04259987000000001,-0.7068989638937637,3.8714655214862432
76710.5035,76710.5035,76708.57432186097,76712.43267813904,0.04259987000000001,-0.7122452475887258,3.85835627806955
76710.302,76710.302,76708.37282197438,76712.23117802561,0.04259987000000001,-0.7208291213901248,3.8583560512342956
76710.1005,76710.1005,76708.17142044647,76712.02957955353,0.04259987000000001,-0.7294129951915238,3.8581591070687864
76709.8995,76709.8995,76707.97065575598,76711.82834424402,0.04259987000000001,-0.7379755690635648,3.857688488031272
76709.6985,76709.6985,76707.76966656232,76711.62733343767,0.04259987000000001,-0.7465381429356057,3.8576668753521517
76709.761,76709.761,76707.83222999117,76711.68977000883,0.05049927000000001,-0.732334627668024,3.8575400176632684
76709.823,76709.823,76707.9119314722,76711.7340685278,0.05310732000000001,-0.7252316127705853,3.822137055598432
76709.85,76709.85,76707.94846848492,76711.7515315151,0.05310732000000001,-0.72379771512351,3.8030630301800556
76709.8645,76709.8645,76707.9629688121,76711.76603118789,0.05310732000000001,-0.723027658983483,3.803062375780428
76709.868,76709.868,76707.96795171332,76711.76804828669,0.05310732000000001,-0.7228417833684944,3.800096573366318
76709.87150000001,76709.87150000001,76707.97637367809,76711.76662632193,0.05361413000000002,-0.7218594558362383,3.790252643841086
76709.68600000002,76709.68600000002,76707.79363751822,76711.57836248181,0.05361413000000002,-0.7318048769375309,3.7847249635960907
76709.60050000002,76709.60050000002,76707.70838942191,76711.49261057812,0.05361413000000002,-0.7363888850668445,3.7842211562092416
76709.51550000001,76709.51550000001,76707.62346024468,76711.40753975534,0.06361413000000002,-0.7287910861050477,3.7840795106603764
76709.30500000002,76709.30500000002,76707.46422594796,76711.14577405209,0.06361413000000002,-0.7421818604780128,3.681548104126705
76709.09500000002,76709.09500000002,76707.30681112356,76710.88318887647,0.06362704000000002,-0.7555305643327301,3.57637775290641
76708.90400000001,76708.90400000001,76707.11608220536,76710.69191779465,0.06362704000000002,-0.7676833289733622,3.5758355892903637
76708.71250000002,76708.71250000002,76706.9277924806,76710.49720751945,0.06362704000000002,-0.7798679071274819,3.569415038859006
76708.50200000002,76708.50200000002,76706.71729246748,76710.28670753256,0.06362704000000002,-0.793261399041512,3.5694150650815573
76708.41600000001,76708.41600000001,76706.63129248715,76710.20070751288,0.06362704000000002,-0.7987333244818728,3.5694150257331785
76708.33050000001,76708.33050000001,76706.54584839116,76710.11515160886,0.06362704000000002,-0.8041734364087461,3.569303217693232
76708.32100000003,76708.32100000003,76706.53635323608,76710.10564676397,0.06362704000000002,-0.8047778932814253,3.5692935278930236
76708.31150000003,76708.31150000003,76706.52687960293,76710.09612039712,0.06362704000000002,-0.8053823501686566,3.5692407941969577
76708.30200000003,76708.30200000003,76706.51737960949,76710.08662039056,0.06362704000000002,-0.8059868070413359,3.56924078107113
76708.29250000001,76708.29250000001,76706.50787413902,76710.077125861,0.06362704000000002,-0.8065912639285671,3.5692517219868023
76708.29200000002,76708.29200000002,76706.50708156363,76710.0769184364,0.06362704000000002,-0.8066230774420546,3.5698368727753405
76708.29200000002,76708.29200000002,76706.50708734225,76710.07691265778,0.06376198000000002,-0.8066241569613339,3.5698253155278508
76708.29200000002,76708.29200000002,76706.50781123228,76710.07618876775,0.06376198000000002,-0.8066241569613339,3.568377535470063
76708.29250000001,76708.29250000001,76706.50831381645,76710.07668618357,0.06412335000000002,-0.8065949862502748,3.568372367124539
76708.29250000001,76708.29250000001,76706.51021385875,76710.07478614127,0.06412335000000002,-0.8065949862502748,3.5645722825138364
76708.29250000001,76708.29250000001,76706.51021423786,76710.07478576216,0.06417953000000003,-0.8065954076009803,3.5645715243008453
76708.29250000001,76708.29250000001,76706.51017094638,76710.07482905364,0.06417953000000003,-0.8065954076009803,3.5646581072651315
76708.29250000001,76708.29250000001,76706.50977347807,76710.07522652195,0.06417953000000003,-0.8065954076009803,3.5654530438769143
76708.29200000002,76708.29200000002,76706.50920561602,76710.07479438401,0.06417953000000003,-0.8066274973680265,3.5655887679895386
76708.29200000002,76708.29200000002,76706.50920561934,76710.0747943807,0.06417953000000003,-0.8066274973680265,3.5655887613538653
76708.29150000002,76708.29150000002,76706.50870564254,76710.0742943575,0.06417953000000003,-0.8066595871350728,3.5655887149623595
76708.29200000002,76708.29200000002,76706.51471136956,76710.06928863048,0.06481296000000003,-0.8066325647960184,3.5545772609184496
76708.29200000002,76708.29200000002,76706.5200591832,76710.06394081684,0.06481296000000003,-0.8066325647960184,3.543881633639103
76708.29200000002,76708.29200000002,76706.52006469225,76710.06393530779,0.06481296000000003,-0.8066325647960184,3.5438706155400723
76708.29200000002,76708.29200000002,76706.5377175198,76710.04628248024,0.06481296000000003,-0.8066325647960184,3.508564960444346
76708.29200000002,76708.29200000002,76706.55043021122,76710.03356978881,0.06481296000000003,-0.8066325647960184,3.4831395775836427
76708.29200000002,76708.29200000002,76706.56145914864,76710.0225408514,0.06481296000000003,-0.8066325647960184,3.4610817027569283
76708.29250000001,76708.29250000001,76706.5904286897,76709.99457131032,0.06546833000000003,-0.8066050736088073,3.404142620624043
76708.29300000002,76708.29300000002,76706.60384649258,76709.98215350746,0.06579098000000003,-0.8065745979838539,3.3783070148783736
76708.29350000001,76708.29350000001,76706.64836584509,76709.93863415494,0.06579098000000003,-0.8065417024918133,3.290268309850944
76708.29350000001,76708.29350000001,76706.64910831631,76709.93789168372,0.06579098000000003,-0.8065417024918133,3.2887833674030844
76708.29300000002,76708.29300000002,76706.6657570047,76709.92024299534,0.06579098000000003,-0.8065745979838539,3.2544859906483907
76708.29300000002,76708.29300000002,76706.72493467294,76709.8610653271,0.06579098000000003,-0.8065745979838539,3.136130654165754
76708.29300000002,76708.29300000002,76707.1240988217,76709.46190117834,0.06579098000000003,-0.8065745979838539,2.337802356632892
76708.29300000002,76708.29300000002,76706.90863408906,76709.67736591097,0.06579098000000003,-0.8065745979838539,2.768731821910478
76708.29300000002,76708.29300000002,76706.95254223383,76709.6334577662,0.06579098000000003,-0.8065745979838539,2.6809155323717277
76708.29300000002,76708.29300000002,76706.83034780053,76709.75565219951,0.06579098000000003,-0.8065745979838539,2.9253043989883736
76708.29350000001,76708.29350000001,76706.73993977148,76709.84706022855,0.06579098000000003,-0.8065417024918133,3.1071204570762347
76708.29350000001,76708.29350000001,76706.62521194557,76709.96178805445,0.06579098000000003,-0.8065417024918133,3.336576108878944
76708.29350000001,76708.29350000001,76706.52231320039,76710.06468679964,0.06579098000000003,-0.8065417024918133,3.5423735992517322
76708.29350000001,76708.29350000001,76706.40983370948,76710.17716629055,0.06579098000000003,-0.8065417024918133,3.767332581075607
76708.29350000001,76708.29350000001,76706.42092132886,76710.16607867117,0.06579098000000003,-0.8065417024918133,3.7451573423168156
76708.29350000001,76708.29350000001,76706.42317185664,76710.16382814338,0.06579098000000003,-0.8065417024918133,3.740656286739977
76708.29350000001,76708.29350000001,76706.42317115684,76710.16382884319,0.06579098000000003,-0.8065417024918133,3.7406576863431837
76708.29350000001,76708.29350000001,76707.09299219683,76709.4940078032,0.06579098000000003,-0.8065417024918133,2.4010156063595787
76708.29350000001,76708.29350000001,76707.0945607985,76709.49243920152,0.06579098000000003,-0.8065417024918133,2.3978784030186944
76708.29350000001,76708.29350000001,76707.10279995263,76709.4842000474,0.06579098000000003,-0.8065417024918133,2.3814000947750174
76708.29300000002,76708.29300000002,76707.10230751726,76709.48369248278,0.06579098000000003,-0.8065745979838539,2.381384965527104
76708.29250000001,76708.29250000001,76707.1018067608,76709.48319323923,0.06579098000000003,-0.8066074934758944,2.381386478431523
76708.29200000002,76708.29200000002,76707.36280808513,76709.2211919149,0.06579098000000003,-0.806640388967935,1.8583838297636248
76708.29200000002,76708.29200000002,76707.3628102783,76709.22118972173,0.06579098000000003,-0.806640388967935,1.8583794434380252
76708.29250000001,76708.29250000001,76707.36367428963,76709.22132571039,0.06579098000000003,-0.8066074934758944,1.8576514207525179
76708.29250000001,76708.29250000001,76707.25750231702,76709.327497683,0.06579098000000003,-0.8066074934758944,2.0699953659786843
76708.29200000002,76708.29200000002,76707.25699938773,76709.3270006123,0.06579098000000003,-0.806640388967935,2.070001224579755
76708.29200000002,76708.29200000002,76707.25699729535,76709.32700270468,0.06579098000000003,-0.806640388967935,2.070005409332225
76708.29150000002,76708.29150000002,76707.56442865879,76709.01857134125,0.06579098000000003,-0.8066732844454236,1.4541426824580412
76708.29150000002,76708.29150000002,76707.56171603256,76709.02128396748,0.06579098000000003,-0.8066732844454236,1.4595679349149577
76708.29100000001,76708.29100000001,76707.52137020684,76709.06062979318,0.06579098000000003,-0.8067061799374642,1.539259586337721
76708.29100000001,76708.29100000001,76706.85548939985,76709.72651060017,0.06579098000000003,-0.8067061799374642,2.8710212003206834
76708.29100000001,76708.29100000001,76706.65521371645,76709.92678628357,0.06579098000000003,-0.8067061799374642,3.271572567115072
76708.29100000001,76708.29100000001,76706.65638785085,76709.92561214918,0.06579098000000003,-0.8067061799374642,3.2692242983321194
76708.29050000002,76708.29050000002,76706.61665452858,76709.96434547145,0.06579098000000003,-0.8067390754295047,3.34769094287185
76708.15650000001,76708.15650000001,76706.45965683514,76709.85334316488,0.06579098000000003,-0.8155550667434,3.393686329742195
76707.77300000002,76707.77300000002,76706.07180373043,76709.4741962696,0.06579098000000003,-0.8407859075814486,3.4023925391666126
76707.35750000001,76707.35750000001,76705.65333500308,76709.06166499695,0.06579098000000003,-0.8681220597645734,3.408329993864754
76706.94200000001,76706.94200000001,76705.23783504365,76708.64616495637,0.06579098000000003,-0.8954582119622501,3.408329912723275
76706.52700000002,76706.52700000002,76704.82237888726,76708.23162111278,0.06664098000000003,-0.9172050186607521,3.409242225519847
76706.11150000001,76706.11150000001,76704.41385266071,76707.80914733931,0.06664098000000003,-0.9448943458555732,3.3952946786012035
76705.69600000001,76705.69600000001,76703.99829995565,76707.39370004437,0.06664098000000003,-0.9725836730358424,3.395400088716997
76705.194,76705.194,76703.4962631807,76706.8917368193,0.06664098000000003,-1.006037444996764,3.3954736386076547
76704.455,76704.455,76702.75725147765,76706.15274852235,0.06674423000000003,-1.054155057980097,3.3954970446939114
76703.7155,76703.7155,76702.01860461116,76705.41239538885,0.06801109000000002,-1.0905834763398161,3.3937907776853535
76702.9765,76702.9765,76701.28476910964,76704.66823089037,0.06804336000000002,-1.1405381878867047,3.3834617807297036
76702.2375,76702.2375,76700.54603493682,76703.92896506318,0.06848176000000003,-1.186996094926144,3.382930126361316
76701.4985,76701.4985,76699.8106194125,76703.1863805875,0.07173131000000003,-1.211645085393684,3.3757611750042997
76700.7595,76700.7595,76699.09767334492,76702.42132665508,0.07174421000000003,-1.264561004936695,3.3236533101589885
76700.0205,76700.0205,76698.35877712429,76701.68222287571,0.07193185000000003,-1.3163583459099755,3.323445751419058
76699.2815,76699.2815,76697.6212677953,76700.9417322047,0.07244809000000003,-1.3665365039050812,3.3204644093930256
76698.5425,76698.5425,76696.8811672278,76700.2038327722,0.07264168000000003,-1.4191014007374179,3.3226655444013886
76697.80350000001,76697.80350000001,76696.14114443693,76699.46585556309,0.07269774000000002,-1.4725429086538497,3.3247111261589453
76697.06450000001,76697.06450000001,76695.40218940645,76698.72681059357,0.07396460000000002,-1.5217634846485453,3.3246211871155538
76696.3255,76696.3255,76694.6732763633,76697.97772363671,0.08396460000000001,-1.5482683240552433,3.304447273403639
76695.7205,76695.7205,76694.35523580616,76697.08576419383,0.08520125000000002,-1.5963332922256086,2.730528387677623
76695.365,76695.365,76694.00715471363,76696.72284528638,0.08521416000000002,-1.6265983885386959,2.715690572746098
76695.0415,76695.0415,76693.65216376107,76696.43083623894,0.09521416000000002,-1.6388501692999853,2.778672477870714
76694.71800000001,76694.71800000001,76693.55700131321,76695.8789986868,0.09957979000000002,-1.6643782690225635,2.3219973735976964
76694.394,76694.394,76693.20305907162,76695.58494092838,0.09957979000000002,-1.6966421209799591,2.381881856766995
76694.0705,76694.0705,76692.97863660664,76695.16236339336,0.09957979000000002,-1.728856183050084,2.1837267867231276
76693.747,76693.747,76692.64679201046,76694.84720798954,0.09957979000000002,-1.7610702451202087,2.200415979081299
76693.51,76693.51,76692.41650173577,76694.60349826422,0.09957979000000002,-1.7846706553391414,2.1869965284422506
76693.51,76693.51,76692.41656082922,76694.60343917077,0.09957979000000002,-1.7846706553391414,2.18687834154116
76693.51,76693.51,76692.42211252515,76694.59788747484,0.09957979000000002,-1.7846706553391414,2.175774949690094
76693.51,76693.51,76692.41864358335,76694.60135641664,0.09957979000000002,-1.7846706553391414,2.182712833280675
76693.51,76693.51,76692.41889489097,76694.60110510902,0.09957979000000002,-1.7846706553391414,2.182210218044929
76693.51,76693.51,76692.46395660567,76694.55604339432,0.09957979000000002,-1.7846706553391414,2.092086788645247
76693.51,76693.51,76692.46958552225,76694.55041447774,0.09957979000000002,-1.7846706553391414,2.0808289554843213
76693.51,76693.51,76692.4733993626,76694.54660063739,0.09957979000000002,-1.7846706553391414,2.0732012747903354
76693.51,76693.51,76692.49692565518,76694.5230743448,0.09957979000000002,-1.7846706553391414,2.026148689619731
76693.51,76693.51,76692.50224367683,76694.51775632316,0.09957979000000002,-1.7846706553391414,2.01551264632144
76693.51,76693.51,76692.50963185226,76694.51036814773,0.09957979000000002,-1.7846706553391414,2.0007362954784185
76693.51,76693.51,76692.51052215908,76694.50947784091,0.09957979000000002,-1.7846706553391414,1.99895568183274
76693.51,76693.51,76692.69213309923,76694.32786690076,0.09957979000000002,-1.7846706553391414,1.6357338015222922
76693.51,76693.51,76692.68051333491,76694.33948666508,0.09957979000000002,-1.7846706553391414,1.6589733301661909
76693.51,76693.51,76692.77845896641,76694.24154103358,0.09957979000000002,-1.7846706553391414,1.4630820671736728
76693.51,76693.51,76692.83950650187,76694.18049349812,0.09957979000000002,-1.7846706553391414,1.34098699624883
76693.51,76693.51,76692.58670207566,76694.43329792433,0.09957979000000002,-1.7846706553391414,1.84659584867768
76693.51,76693.51,76692.58469670142,76694.43530329857,0.09957979000000002,-1.7846706553391414,1.850606597145088
76693.51,76693.51,76692.43863797522,76694.58136202476,0.09957979000000002,-1.7846706553391414,2.142724049539538
76693.544,76693.544,76692.24905055024,76694.83894944975,0.09957979000000002,-1.781284942480852,2.5898988995177206
76693.8675,76693.8675,76692.2380821501,76695.49691784989,0.09957964000000001,-1.7490699635382043,3.2588356997875962
76694.19099999999,76694.19099999999,76692.56151023817,76695.82048976181,0.09957951000000001,-1.7168551974318689,3.258979523641756
76694.51449999999,76694.51449999999,76692.72995290869,76696.29904709129,0.09957948000000001,-1.6846410619764356,3.569094182603294
76694.83799999999,76694.83799999999,76692.93182411663,76696.74417588334,0.09957937000000001,-1.6524265345797176,3.8123517667117994
76695.16149999999,76695.16149999999,76693.22663819836,76697.09636180161,0.09957928000000002,-1.6202121747191995,3.8697236032458022
76695.4855,76695.4855,76693.55063847687,76697.42036152312,0.09957928000000002,-1.5879484879988013,3.869723046256695
76695.8095,76695.8095,76693.87463817585,76697.74436182415,0.09957928000000002,-1.555684801278403,3.8697236482985318
76696.133,76696.133,76694.19813681227,76698.06786318774,0.09957922000000002,-1.5234706733899657,3.8697263754729647
76696.457,76696.457,76694.52213840597,76698.39186159402,0.09957922000000002,-1.4912070061109262,3.869723188050557
76696.78099999999,76696.78099999999,76694.84578436751,76698.71621563246,0.09957922000000002,-1.4589433388318866,3.8704312649497297
76697.10449999999,76697.10449999999,76695.16903818026,76699.03996181971,0.09957919000000003,-1.4267293748853263,3.8709236394497566
76697.42799999999,76697.42799999999,76695.49245497395,76699.36354502602,0.09957910000000003,-1.3945152772503207,3.871090052067302
76697.752,76697.752,76695.81645547724,76699.68754452275,0.09957910000000003,-1.3622516488394467,3.871089045511326
76698.07549999999,76698.07549999999,76696.13995548288,76700.0110445171,0.09957891000000003,-1.3300374481477775,3.8710890342190396
76698.39899999999,76698.39899999999,76696.46345654044,76700.33454345954,0.09957868000000003,-1.2978233071335126,3.871086919098161
76698.72249999999,76698.72249999999,76696.78695782654,76700.65804217344,0.09957865000000003,-1.2656095664133318,3.8710843469016254
76699.046,76699.046,76697.11045803911,76700.9815419609,0.09957848000000004,-1.2333957143564476,3.871083921781974
76699.3695,76699.3695,76697.43395899453,76701.30504100547,0.09957839000000004,-1.201182021133718,3.8710820109408814
76699.6935,76699.6935,76697.75795950503,76701.62904049495,0.09957839000000004,-1.168918622774072,3.8710809899203014
76699.983,76699.983,76698.04745950717,76701.91854049281,0.09957829000000004,-1.1400906791677698,3.8710809856420383
76699.983,76699.983,76698.04746007425,76701.91853992574,0.09957824000000004,-1.140090679313289,3.871079851494869
76699.9835,76699.9835,76698.0479603563,76701.9190396437,0.09957824000000004,-1.1400408901972696,3.8710792874044273
76699.9835,76699.9835,76698.04796037622,76701.91903962378,0.09957811000000004,-1.140040890648379,3.8710792475612834
76699.9835,76699.9835,76698.04796205493,76701.91903794507,0.09957801000000004,-1.140040890997625,3.871075890143402
76699.9835,76699.9835,76698.04796271032,76701.91903728968,0.09957798000000004,-1.1400408910994884,3.871074579365086
76699.983,76699.983,76698.04746289854,76701.91853710145,0.09957792000000004,-1.1400906802737154,3.871074202907039
76699.9825,76699.9825,76698.04696456988,76701.91803543012,0.09957779000000004,-1.1401404695643578,3.8710708602447994
76699.9825,76699.9825,76698.04696563356,76701.91803436643,0.09957778000000005,-1.1401404695789097,3.8710687328712083
76699.9825,76699.9825,76698.04696654771,76701.91803345228,0.09957778000000005,-1.1401404695789097,3.871066904568579
76699.98199999999,76699.98199999999,76698.0464665845,76701.91753341547,0.09957773000000004,-1.1401902585639618,3.871066830964992
76699.98199999999,76699.98199999999,76698.04646702266,76701.91753297731,0.09957763000000004,-1.1401902587676886,3.8710659546486568
76699.98199999999,76699.98199999999,76698.04646776844,76701.91753223154,0.09957757000000005,-1.1401902588986559,3.8710644631064497
76699.9815,76699.9815,76698.04596744497,76701.91703255502,0.09950913000000004,-1.1402401503437432,3.871065110055497
76699.9815,76699.9815,76698.04648053845,76701.91651946153,0.09950902000000005,-1.1402401505038142,3.8700389230798464
76699.9815,76699.9815,76698.04647395213,76701.91652604786,0.09889033000000004,-1.140241078537656,3.8700520957354456
76699.9815,76699.9815,76698.05115553309,76701.9118444669,0.09889009000000004,-1.1402410789014539,3.860688933811616
76699.9815,76699.9815,76698.05117562997,76701.91182437002,0.09883429000000005,-1.1402411626040703,3.8606487400538754
76699.9815,76699.9815,76698.05161224128,76701.91138775871,0.09883416000000005,-1.1402411627932452,3.859775517426897
76699.981,76699.981,76698.05120453105,76701.91079546895,0.09883396000000004,-1.1402905800787266,3.859590937907342
76699.981,76699.981,76698.05122749697,76701.91077250303,0.09883383000000004,-1.1402905802096939,3.859545006067492
76699.981,76699.981,76698.05125876996,76701.91074123004,0.09883378000000004,-1.1402905802533496,3.8594824600731954
76699.98049999999,76699.98049999999,76698.05076279149,76701.91023720849,0.09882927000000004,-1.1403399993869243,3.859474416996818
76699.98049999999,76699.98049999999,76698.05179322134,76701.90920677864,0.09872495000000003,-1.1403400515555404,3.8574135572998784
76699.98049999999,76699.98049999999,76698.05276486346,76701.90823513652,0.09872480000000003,-1.1403400516283,3.8554702730616555
76699.98049999999,76699.98049999999,76698.05372408326,76701.90727591672,0.09872464000000003,-1.1403400517010596,3.853551833453821
76699.98049999999,76699.98049999999,76698.05543249592,76701.90556750406,0.09872459000000003,-1.1403400517156115,3.850135008135112
76699.98049999999,76699.98049999999,76698.06523027558,76701.8957697244,0.09872455000000002,-1.1403400517301634,3.8305394488270395
76699.98049999999,76699.98049999999,76698.06541484337,76701.89558515661,0.09872446000000003,-1.140340051788371,3.830170313245617
76699.98,76699.98,76698.23196139575,76701.72803860424,0.09872440000000003,-1.1403894140239572,3.496077208488714
76699.98,76699.98,76698.41742854187,76701.54257145812,0.09872440000000003,-1.1403894140239572,3.1251429162512068
76699.98049999999,76699.98049999999,76698.57436220265,76701.38663779733,0.09872440000000003,-1.1403400518174749,2.8122755946824327
76699.98049999999,76699.98049999999,76698.4695306561,76701.49146934388,0.09872440000000003,-1.1403400518174749,3.02193868777249
76699.98049999999,76699.98049999999,76698.46953480507,76701.49146519491,0.09872440000000003,-1.1403400518174749,3.0219303898338694
76699.981,76699.981,76698.4700306578,76701.4919693422,0.09872440000000003,-1.1402906896255445,3.0219386843964458
76699.981,76699.981,76698.46477923875,76701.49722076124,0.09872440000000003,-1.1402906896255445,3.0324415224895347
76699.981,76699.981,76698.46477923875,76701.49722076124,0.09872440000000003,-1.1402906896255445,3.0324415224895347
76699.9815,76699.9815,76698.56784470406,76701.39515529593,0.09872440000000003,-1.1402413274190621,2.827310591877904
76699.98199999999,76699.98199999999,76698.63225764653,76701.33174235345,0.09872440000000003,-1.1401919652271317,2.699484706914518
76699.98199999999,76699.98199999999,76698.59335499223,76701.37064500774,0.09872440000000003,-1.1401919652271317,2.7772900155105162
76699.9825,76699.9825,76698.74385501278,76701.22114498721,0.09872440000000003,-1.1401426030206494,2.477289974427549
76699.983,76699.983,76698.416814823,76701.54918517699,0.09872440000000003,-1.140093240814167,3.132370353996521
76699.983,76699.983,76698.40799537174,76701.55800462824,0.09872440000000003,-1.140093240814167,3.15000925649656
76699.9835,76699.9835,76698.40848700945,76701.55851299055,0.09872440000000003,-1.1400438786222367,3.1500259811000433
76699.984,76699.984,76698.42929486954,76701.53870513046,0.09872440000000003,-1.1399945164157543,3.109410260920413
76699.984,76699.984,76698.40081619404,76701.56718380595,0.09872440000000003,-1.1399945164157543,3.1663676119060256
76699.98449999999,76699.98449999999,76698.40127517359,76701.5677248264,0.09872440000000003,-1.139945154223824,3.1664496528101154
76699.98449999999,76699.98449999999,76698.35385461651,76701.61514538348,0.09872440000000003,-1.139945154223824,3.261290766968159
76699.98449999999,76699.98449999999,76698.35383528046,76701.61516471952,0.09872440000000003,-1.139945154223824,3.261329439061228
76699.985,76699.985,76698.35432561324,76701.61567438676,0.09872440000000003,-1.1398957920173416,3.261348773521604
76699.985,76699.985,76698.35277111075,76701.61722888926,0.09872440000000003,-1.1398957920173416,3.2644577785104048
76699.985,76699.985,76698.35277111075,76701.61722888926,0.09872440000000003,-1.1398957920173416,3.2644577785104048
76699.9855,76699.9855,76698.34917775002,76701.62182224997,0.09872440000000003,-1.1398464298254112,3.272644499957096
76699.986,76699.986,76698.33839411709,76701.63360588292,0.09872440000000003,-1.1397970676189288,3.295211765827844
76699.986,76699.986,76698.26795155287,76701.70404844714,0.09872440000000003,-1.1397970676189288,3.4360968942637555
76699.986,76699.986,76698.22519631236,76701.74680368765,0.09872440000000003,-1.1397970676189288,3.5216073752962984
76699.9865,76699.9865,76698.22570657045,76701.74729342955,0.09872440000000003,-1.1397477054269984,3.5215868591039907
76699.986,76699.986,76698.22460735067,76701.74739264934,0.09872440000000003,-1.1397970676189288,3.5227852986718062
76699.986,76699.986,76698.22461027415,76701.74738972586,0.09872440000000003,-1.1397970676189288,3.5227794517122675
76699.9865,76699.9865,76698.21245657129,76701.76054342871,0.09872440000000003,-1.1397477054269984,3.5480868574231863
76699.9865,76699.9865,76698.21019484567,76701.76280515433,0.09872440000000003,-1.1397477054269984,3.552610308659496
76699.986,76699.986,76698.2091481674,76701.76285183261,0.09872440000000003,-1.1397970676189288,3.5537036652094685
76699.9865,76699.9865,76698.2096441489,76701.7633558511,0.09872440000000003,-1.1397477054269984,3.5537117022031453
76699.986,76699.986,76698.20726986331,76701.7647301367,0.09872440000000003,-1.1397970676189288,3.5574602733831853
76699.986,76699.986,76698.19817303996,76701.77382696005,0.09872440000000003,-1.1397970676189288,3.5756539200956468
76699.986,76699.986,76698.18855827078,76701.78344172923,0.09872440000000003,-1.1397970676189288,3.5948834584560245
76699.986,76699.986,76698.10851169484,76701.86348830517,0.09872440000000003,-1.1397970676189288,3.7549766103329603
76699.9865,76699.9865,76698.10526504938,76701.86773495062,0.09872440000000003,-1.1397477054269984,3.762469901237637
76699.9865,76699.9865,76698.09752172444,76701.87547827556,0.09872440000000003,-1.1397477054269984,3.777956551115494
76699.986,76699.986,76698.097020486,76701.874979514,0.09872440000000003,-1.1397970676189288,3.7779590279969852
76699.9865,76699.9865,76698.0974993968,76701.8755006032,0.09872440000000003,-1.1397477054269984,3.7780012064031325
76699.986,76699.986,76698.094265193,76701.87773480701,0.09872440000000003,-1.1397970676189288,3.7834696140198503
76699.9855,76699.9855,76698.0937803105,76701.87721968949,0.09872440000000003,-1.1398464298254112,3.7834393789817113
76699.985,76699.985,76698.09276226681,76701.87723773319,0.09872440000000003,-1.1398957920173416,3.7844754663819913
76699.98449999999,76699.98449999999,76698.0800137566,76701.88898624339,0.09872440000000003,-1.139945154223824,3.808972486789571
76699.98449999999,76699.98449999999,76698.59565056273,76701.37334943726,0.09872440000000003,-1.139945154223824,2.7776988745317794
76699.984,76699.984,76698.59514455052,76701.37285544947,0.09872440000000003,-1.1399945164157543,2.7777108989539556
76699.984,76699.984,76698.84559341084,76701.12240658916,0.09872440000000003,-1.1399945164157543,2.2768131783232093
76699.9835,76699.9835,76698.84509456811,76701.1219054319,0.09872440000000003,-1.1400438786222367,2.2768108637828846
76699.983,76699.983,76698.84459341338,76701.12140658661,0.09872440000000003,-1.140093240814167,2.276813173230039
76699.983,76699.983,76698.85529412213,76701.11070587786,0.09872440000000003,-1.140093240814167,2.255411755730165
76699.9835,76699.9835,76698.85418263088,76701.11281736912,0.09872440000000003,-1.1400438786222367,2.258634738245746
76699.983,76699.983,76698.84755762343,76701.11844237655,0.09872440000000003,-1.140093240814167,2.2708847531175707
76699.9835,76699.9835,76698.84805592046,76701.11894407954,0.09872440000000003,-1.1400438786222367,2.2708881590806413
76699.9835,76699.9835,76698.81768491755,76701.14931508245,0.09872440000000003,-1.1400438786222367,2.33163016490289
76699.9835,76699.9835,76698.81806642903,76701.14893357098,0.09872440000000003,-1.1400438786222367,2.3308671419508755
76699.983,76699.983,76698.81756698633,76701.14843301366,0.09872440000000003,-1.140093240814167,2.3308660273323767
76699.9825,76699.9825,76698.8057688414,76701.1592311586,0.09872440000000003,-1.1401426030206494,2.3534623172017746
76699.9825,76699.9825,76698.81161461634,76701.15338538366,0.09872440000000003,-1.1401426030206494,2.3417707673215773
76699.9825,76699.9825,76698.82001263721,76701.14498736279,0.09872440000000003,-1.1401426030206494,2.324974725575885
76699.98199999999,76699.98199999999,76698.81951206987,76701.14448793011,0.09872440000000003,-1.1401919652271317,2.324975860246923
76699.98199999999,76699.98199999999,76698.9217434731,76701.04225652688,0.09872440000000003,-1.1401919652271317,2.120513053785544
76699.98199999999,76699.98199999999,76698.93365908365,76701.03034091633,0.09872440000000003,-1.1401919652271317,2.0966818326851353
76699.9825,76699.9825,76698.93416029606,76701.03083970393,0.09872440000000003,-1.1401426030206494,2.096679407870397
76699.9825,76699.9825,76698.92088901784,76701.04411098215,0.09872440000000003,-1.1401426030206494,2.123221964313416
76699.983,76699.983,76698.94052542563,76701.02547457436,0.09872440000000003,-1.140093240814167,2.084949148731539
76699.9835,76699.9835,76698.31287015851,76701.6541298415,0.09872440000000003,-1.1400438786222367,3.341259682987584
76699.984,76699.984,76698.30612005467,76701.66187994533,0.09872440000000003,-1.1399945164157543,3.355759890662739
76699.98449999999,76699.98449999999,76698.30656600326,76701.66243399672,0.09872440000000003,-1.139945154223824,3.3558679934649263
76699.98449999999,76699.98449999999,76698.24400715555,76701.72499284444,0.09872440000000003,-1.139945154223824,3.480985688889632
76699.984,76699.984,76698.24669637946,76701.72130362054,0.09872440000000003,-1.1399945164157543,3.474607241078047
76699.9835,76699.9835,76698.24619525351,76701.7208047465,0.09872440000000003,-1.1400438786222367,3.4746094929869287
76699.9835,76699.9835,76698.24639945003,76701.72060054998,0.09872440000000003,-1.1400438786222367,3.474201099947095
76699.983,76699.983,76698.24690135615,76701.71909864384,0.09872440000000003,-1.140093240814167,3.4721972876868676
76699.9825,76699.9825,76698.79050009121,76701.17449990878,0.09872440000000003,-1.1401426030206494,2.3839998175681103
76699.9825,76699.9825,76698.56330038873,76701.40169961126,0.09872440000000003,-1.1401426030206494,2.8383992225280963
76699.9825,76699.9825,76698.56324299441,76701.40175700559,0.09872440000000003,-1.1401426030206494,2.8385140111786313
76699.9825,76699.9825,76698.52875304432,76701.43624695568,0.09872440000000003,-1.1401426030206494,2.9074939113634173
76699.909,76699.909,76698.45506138453,76701.36293861546,0.09872440000000003,-1.1473988464131253,2.9078772309294436
76699.586,76699.586,76698.12701577872,76701.04498422127,0.10840497000000003,-1.1205644900037441,2.917968442547135
76699.263,76699.263,76697.83707628332,76700.68892371669,0.11840497000000003,-1.0981492953142151,2.8518474333686754
76698.94,76698.94,76697.71569958818,76700.16430041182,0.11844292000000002,-1.1361884116340661,2.4486008236417547
76698.617,76698.617,76697.39280970657,76699.84119029343,0.11876230000000002,-1.1728175949247088,2.4483805868658237
76698.2935,76698.2935,76697.0696042904,76699.5173957096,0.11881784000000002,-1.2109720787993865,2.4477914191957098
76697.96949999999,76697.96949999999,76696.74576101384,76699.19323898615,0.11881784000000002,-1.249469058951945,2.4474779723095708
76697.64499999999,76697.64499999999,76696.41750081314,76698.87249918684,0.11881784000000002,-1.288025448040571,2.4549983736942522
76697.3205,76697.3205,76696.05347760856,76698.58752239145,0.11881784000000002,-1.3265818371146452,2.5340447828930337
76696.9965,76696.9965,76695.72590814876,76698.26709185123,0.11881784000000002,-1.3650788172672037,2.541183702473063
76696.6725,76696.6725,76695.36585661182,76697.97914338818,0.11881784000000002,-1.4035757974343142,2.6132867763517424
76696.349,76696.349,76695.03184599923,76697.66615400078,0.11881784000000002,-1.442013368679909,2.63430800155038
76696.02500000001,76696.02500000001,76694.7073095976,76697.34269040242,0.11881784000000002,-1.4805103488324676,2.635380804829765
76695.7015,76695.7015,76694.3804814475,76697.02251855249,0.11881784000000002,-1.5189479200780625,2.6420371049898677
76695.23300000001,76695.23300000001,76693.91192066096,76696.55407933905,0.12008483000000002,-1.5687567833520006,2.642158678092528
76694.76450000002,76694.76450000002,76693.44674610956,76696.08225389048,0.12106846000000002,-1.6209300353657454,2.6355077809130307
76694.29600000002,76694.29600000002,76692.98089596673,76695.6111040333,0.12910656,-1.648022172274068,2.6302080665773246
76693.82700000002,76693.82700000002,76692.53726210597,76695.11673789407,0.12910656,-1.708573148905998,2.579475788108539
76693.35800000004,76693.35800000004,76692.06824424044,76694.64775575964,0.12910656,-1.7691241255379282,2.5795115192013327
76692.88900000004,76692.88900000004,76691.60248158268,76694.1755184174,0.12910656,-1.8296751021844102,2.573036834714003
76692.49400000004,76692.49400000004,76691.20581098406,76693.78218901601,0.12911946000000002,-1.8806478897895431,2.5763780319539364
76692.34850000004,76692.34850000004,76691.06034695641,76693.63665304366,0.12938548000000002,-1.8989722954429453,2.5763060872559436
76692.20300000002,76692.20300000002,76690.91570920713,76693.49029079292,0.13121970000000002,-1.9148759703239193,2.5745815857953858
76692.05750000002,76692.05750000002,76690.77474978249,76693.34025021756,0.13160697000000002,-1.9334078633401077,2.5655004350701347
76691.91200000004,76691.91200000004,76690.62711158501,76693.19688841507,0.14160697000000003,-1.9395366774697322,2.569776830059709
76691.76600000003,76691.76600000003,76690.5330676841,76692.99893231597,0.14160697000000003,-1.9602112950960873,2.465864631871227
76691.62150000004,76691.62150000004,76690.38556493283,76692.85743506724,0.14160697000000003,-1.9806735022575594,2.4718701344099827
76691.47700000003,76691.47700000003,76690.29034056386,76692.66365943619,0.14160697000000003,-2.0011357094190316,2.373318872327218
76691.33250000003,76691.33250000003,76690.1927063308,76692.47229366927,0.14160697000000003,-2.021597916580504,2.279587338474812
76691.18750000003,76691.18750000003,76690.09228946283,76692.28271053723,0.14160697000000003,-2.042130927235121,2.1904210743959993
76691.04250000003,76691.04250000003,76690.01587481536,76692.06912518469,0.14160697000000003,-2.062663937889738,2.0532503693248145
76690.89750000002,76690.89750000002,76689.88499817025,76691.91000182979,0.14160697000000003,-2.083196948544355,2.0250036595389247
76690.75300000003,76690.75300000003,76689.74075502824,76691.76524497182,0.14160697000000003,-2.1036591557058273,2.0244899435783736
76690.60800000004,76690.60800000004,76689.59592822088,76691.6200717792,0.14160697000000003,-2.1241921663458925,2.0241435583157
76690.60750000003,76690.60750000003,76689.59681315684,76691.61818684322,0.14160697000000003,-2.1242629698390374,2.0213736863806844
76690.60700000003,76690.60700000003,76689.59607699575,76691.61792300432,0.14160697000000003,-2.1243337733176304,2.0218460085743573
76690.60650000002,76690.60650000002,76689.594208264,76691.61879173605,0.14160697000000003,-2.1244045768107753,2.024583472055383
76690.60700000003,76690.60700000003,76689.59469029527,76691.6193097048,0.14160697000000003,-2.1243337733176304,2.0246194095234387
76690.60750000003,76690.60750000003,76689.46114580639,76691.75385419367,0.14160697000000003,-2.1242629698390374,2.292708387278253
76690.60800000004,76690.60800000004,76689.54160646051,76691.67439353956,0.14160697000000003,-2.1241921663458925,2.1327870790555608
76690.60800000004,76690.60800000004,76689.61916614686,76691.59683385321,0.14160697000000003,-2.1241921663458925,1.977667706349166
76690.60800000004,76690.60800000004,76689.58161994892,76691.63438005115,0.14160697000000003,-2.1241921663458925,2.052760102233151
76690.60800000004,76690.60800000004,76689.6395272551,76691.57647274497,0.14160697000000003,-2.1241921663458925,1.9369454898696858
76690.60800000004,76690.60800000004,76689.79474447363,76691.42125552644,0.14160697000000003,-2.1241921663458925,1.626511052803835
76690.60800000004,76690.60800000004,76689.79482555982,76691.42117444026,0.14160697000000003,-2.1241921663458925,1.6263488804397639
76690.60850000003,76690.60850000003,76689.79593563285,76691.42106436721,0.14160697000000003,-2.1241213628672995,1.6251287343620788
76690.60850000003,76690.60850000003,76689.71369347778,76691.50330652228,0.14160697000000003,-2.1241213628672995,1.7896130445005838
76690.60800000004,76690.60800000004,76689.27415688375,76691.94184311632,0.14160697000000003,-2.1241921663458925,2.6676862325693946
76690.60800000004,76690.60800000004,76689.27394680755,76691.94205319253,0.14160697000000003,-2.1241921663458925,2.6681063849828206
76690.60750000003,76690.60750000003,76689.12902843069,76692.08597156937,0.14160697000000003,-2.1242629698390374,2.956943138677161
76690.60700000003,76690.60700000003,76689.12760186022,76692.08639813984,0.14160697000000003,-2.1243337733176304,2.9587962796213105
76690.60700000003,76690.60700000003,76689.12502052229,76692.08897947778,0.14160697000000003,-2.1243337733176304,2.963958955486305
76690.60650000002,76690.60650000002,76688.98437910812,76692.22862089192,0.14160697000000003,-2.1244045768107753,3.244241783802863
76690.60600000003,76690.60600000003,76689.01222498942,76692.19977501064,0.14160697000000003,-2.1244753802893683,3.1875500212190673
76690.60600000003,76690.60600000003,76689.01224518465,76692.1997548154,0.14160697000000003,-2.1244753802893683,3.1875096307485364
76690.60650000002,76690.60650000002,76689.01289832333,76692.20010167672,0.14160697000000003,-2.1244045768107753,3.1872033533873037
76690.60700000003,76690.60700000003,76689.01310344334,76692.20089655672,0.14160697000000003,-2.1243337733176304,3.187793113378575
76690.60650000002,76690.60650000002,76689.01107504513,76692.20192495492,0.14160697000000003,-2.1244045768107753,3.190849909791723
76690.60600000003,76690.60600000003,76688.88079825247,76692.33120174758,0.14160697000000003,-2.1244753802893683,3.45040349510964
76690.60600000003,76690.60600000003,76688.88065289885,76692.33134710121,0.14160697000000003,-2.1244753802893683,3.450694202358136
76690.60550000003,76690.60550000003,76688.73436220954,76692.47663779053,0.14160697000000003,-2.1245461837679613,3.7422755809966475
76690.60500000003,76690.60500000003,76688.68325149723,76692.52674850282,0.14160697000000003,-2.1246169872611063,3.8434970055823214
76690.60450000003,76690.60450000003,76688.68006685928,76692.52893314078,0.14160697000000003,-2.124687790754251,3.848866281507071
76690.60400000002,76690.60400000002,76688.67950539109,76692.52849460895,0.14160697000000003,-2.124758594232844,3.848989217862254
76690.60350000003,76690.60350000003,76688.6786353132,76692.52836468685,0.14160697000000003,-2.124829397711437,3.8497293736436404
76690.60350000003,76690.60350000003,76688.67865685109,76692.52834314897,0.14160697000000003,-2.124829397711437,3.8496862978790887
76690.60300000003,76690.60300000003,76688.67798546562,76692.52801453444,0.14160697000000003,-2.124900201204582,3.8500290688243695
76690.60350000003,76690.60350000003,76688.67861343209,76692.52838656797,0.14160697000000003,-2.124829397711437,3.849773135880241
76690.60300000003,76690.60300000003,76688.67801477677,76692.52798522329,0.14160697000000003,-2.124900201204582,3.8499704465211835
76690.60300000003,76690.60300000003,76688.6787061387,76692.52729386136,0.14160697000000003,-2.124900201204582,3.848587722663069
76690.60350000003,76690.60350000003,76688.67338854936,76692.5336114507,0.14160697000000003,-2.124829397711437,3.8602229013340548
76690.60350000003,76690.60350000003,76688.67337889234,76692.53362110771,0.14160697000000003,-2.124829397711437,3.8602422153635416
76690.60350000003,76690.60350000003,76688.67337903829,76692.53362096177,0.14160697000000003,-2.124829397711437,3.860241923481226
76690.60350000003,76690.60350000003,76688.67339343029,76692.53360656976,0.14160697000000003,-2.124829397711437,3.860213139472762
76690.60350000003,76690.60350000003,76688.67339767018,76692.53360232987,0.14160697000000003,-2.124829397711437,3.8602046596934088
76690.60300000003,76690.60300000003,76688.67306538622,76692.53293461385,0.14160697000000003,-2.124900201204582,3.8598692276282236
76690.60250000002,76690.60250000002,76688.67256046929,76692.53243953075,0.14160697000000003,-2.124971004683175,3.859879061463289
76690.60300000003,76690.60300000003,76688.67323974377,76692.53276025629,0.14160697000000003,-2.124900201204582,3.8595205125166103
76690.60300000003,76690.60300000003,76688.67343141911,76692.53256858095,0.14160697000000003,-2.124900201204582,3.8591371618385892
76690.60250000002,76690.60250000002,76688.67313876396,76692.53186123609,0.14160697000000003,-2.124971004683175,3.8587224721268285
76690.60250000002,76690.60250000002,76688.67351685894,76692.53148314111,0.14160697000000003,-2.124971004683175,3.8579662821721286
76690.60250000002,76690.60250000002,76688.67360562421,76692.53139437584,0.14160697000000003,-2.124971004683175,3.857788751629414
76690.60250000002,76690.60250000002,76688.67360753185,76692.5313924682,0.14160697000000003,-2.124971004683175,3.857784936350072
76690.60250000002,76690.60250000002,76688.67360879901,76692.53139120103,0.14160697000000003,-2.124971004683175,3.8577824020176195
76690.60250000002,76690.60250000002,76688.67361762689,76692.53138237316,0.14160697000000003,-2.124971004683175,3.8577647462661844
76690.60200000003,76690.60200000003,76688.67195442476,76692.5320455753,0.14160697000000003,-2.12504180817632,3.860091150534572
76690.60250000002,76690.60250000002,76688.67145196156,76692.53354803848,0.14160697000000003,-2.124971004683175,3.862096076918533
76690.60250000002,76690.60250000002,76688.67135815806,76692.53364184199,0.14160697000000003,-2.124971004683175,3.8622836839349475
76690.60250000002,76690.60250000002,76688.67135902093,76692.53364097912,0.14160697000000003,-2.124971004683175,3.8622819581942167
76690.60250000002,76690.60250000002,76688.67170754747,76692.53329245257,0.14160697000000003,-2.124971004683175,3.8615849050984252
76690.60250000002,76690.60250000002,76688.67211276312,76692.53288723693,0.14160697000000003,-2.124971004683175,3.860774473811034
76690.60250000002,76690.60250000002,76688.67223470751,76692.53276529253,0.14160697000000003,-2.124971004683175,3.860530585021479
76690.60300000003,76690.60300000003,76688.67312057003,76692.53287943003,0.14160697000000003,-2.124900201204582,3.859758859995054
76690.60300000003,76690.60300000003,76688.67487004347,76692.5311299566,0.14160697000000003,-2.124900201204582,3.856259913125541
76690.60300000003,76690.60300000003,76688.67487233393,76692.53112766614,0.14160697000000003,-2.124900201204582,3.856255332211731
76690.60350000003,76690.60350000003,76688.675384369,76692.53161563106,0.14160697000000003,-2.124829397711437,3.8562312620633747
76690.60400000002,76690.60400000002,76688.67590403925,76692.53209596079,0.14160697000000003,-2.124758594232844,3.8561919215426315
76690.60350000003,76690.60350000003,76688.67556321852,76692.53143678153,0.14160697000000003,-2.124829397711437,3.855873563006753
76690.60400000002,76690.60400000002,76688.67606417289,76692.53193582715,0.14160697000000003,-2.124758594232844,3.8558716542611364
76690.60400000002,76690.60400000002,76688.67591142199,76692.53208857805,0.14160697000000003,-2.124758594232844,3.856177156063495
76690.60450000003,76690.60450000003,76688.67641133296,76692.5325886671,0.14160697000000003,-2.124687790754251,3.8561773341498338
76690.60500000003,76690.60500000003,76688.67690742857,76692.53309257148,0.14160697000000003,-2.1246169872611063,3.856185142911272
76690.60500000003,76690.60500000003,76688.74277240506,76692.46722759499,0.14160697000000003,-2.1246169872611063,3.7244551899202634
76690.60500000003,76690.60500000003,76688.74277820693,76692.46722179312,0.14160697000000003,-2.1246169872611063,3.7244435861939564
76690.60500000003,76690.60500000003,76688.74273856025,76692.4672614398,0.14160697000000003,-2.1246169872611063,3.724522879550932
76690.60500000003,76690.60500000003,76688.74274339528,76692.46725660477,0.14160697000000003,-2.1246169872611063,3.7245132094831206
76690.60450000003,76690.60450000003,76688.74418315606,76692.464816844,0.14160697000000003,-2.124687790754251,3.720633687946247
76690.60450000003,76690.60450000003,76688.75097266836,76692.4580273317,0.14160697000000003,-2.124687790754251,3.7070546633331105
76690.60500000003,76690.60500000003,76688.69290665972,76692.51709334033,0.14160697000000003,-2.1246169872611063,3.824186680605635
76690.66450000003,76690.66450000003,76688.75173544843,76692.57726455163,0.14160697000000003,-2.116191372551839,3.825529103196459
76690.72350000002,76690.72350000002,76688.81050905147,76692.63649094857,0.14160697000000003,-2.1078365613211645,3.825981897098245
76691.16200000001,76691.162,76689.24899661064,76693.07500338936,0.14160691000000003,-2.045741411886411,3.826006778719602
76691.60050000002,76691.6005,76689.68749631356,76693.51350368644,0.14160682000000002,-1.983646081702318,3.826007372874301
76692.0395,76692.03949999998,76690.12649631589,76693.95250368408,0.14160680000000003,-1.9214805409137625,3.8260073681885842
76692.4785,76692.47849999998,76690.56549482647,76694.3915051735,0.14160678000000004,-1.8593150176893687,3.826010347023839
76692.91749999997,76692.91749999995,76691.00448797898,76694.83051202093,0.14160678000000004,-1.7971496412792476,3.826024041947676
76693.35599999999,76693.35599999997,76691.44623652898,76695.26576347096,0.14160664000000003,-1.735054224889609,3.8195269419811666
76693.79549999998,76693.79549999996,76691.88573823874,76695.70526176119,0.14160664000000003,-1.672818106613704,3.819523522455711
76694.23399999998,76694.23399999997,76692.32424301696,76696.14375698297,0.14160644000000003,-1.6107225657615345,3.8195139660092536
76694.6735,76694.67349999999,76692.75690354625,76696.59009645373,0.14160644000000003,-1.5484865353791974,3.833192907477496
76695.11200000001,76695.112,76693.17718291901,76697.04681708098,0.14160636000000001,-1.4863917699985905,3.869634161965223
76695.55049999998,76695.55049999997,76693.6156876661,76697.48531233384,0.14160634000000002,-1.4242973045620602,3.8696246677427553
76695.99,76695.98999999999,76694.05518876585,76697.92481123413,0.14160634000000002,-1.362061318126507,3.869622468278976
76696.429,76696.429,76694.49407502638,76698.36392497363,0.13590437000000002,-1.2830696213932242,3.869849947252078
76696.86799999999,76696.86799999999,76695.09699994743,76698.63900005254,0.13590435000000003,-1.2234075527376262,3.5420001051097643
76697.30699999999,76697.30699999999,76695.53599725684,76699.07800274313,0.13590429000000004,-1.1637454187002731,3.5420054862916004
76697.74649999998,76697.74649999998,76695.97549483573,76699.51750516423,0.13590429000000004,-1.1040154832444387,3.5420103284996003
76698.18499999998,76698.18499999998,76696.41159707312,76699.95840292684,0.13590415000000003,-1.0444212847796734,3.546805853722617
76698.62399999998,76698.62399999998,76696.85073255743,76700.39726744253,0.13590415000000003,-0.9847593629383482,3.5465348850993905
76699.00349999999,76699.00349999999,76697.22774222329,76700.7792577767,0.13590413000000004,-0.9331837304780493,3.551515553408535
76699.383,76699.383,76697.60724196068,76701.15875803932,0.13590394000000003,-0.8816081137192668,3.5515160786453635
76699.38299999999,76699.38299999999,76697.60724588836,76701.15875411162,0.13590371000000004,-0.8816081144032069,3.5515082232595887
76699.38299999999,76699.38299999999,76697.60725060546,76701.15874939451,0.13590369000000005,-0.8816081144614145,3.5514987890492193
76699.38299999999,76699.38299999999,76697.60725034648,76701.15874965349,0.13590364000000005,-0.8816081146214856,3.55149930701009
76699.38299999999,76699.38299999999,76697.607247933,76701.15875206697,0.13584836000000006,-0.8816082804551115,3.5515041339676827
76699.38249999998,76699.38249999998,76697.60819196168,76701.15680803827,0.13584818000000007,-0.8816762050846592,3.548616076586768
76699.38249999998,76699.38249999998,76697.60819588481,76701.15680411515,0.13584809000000006,-0.8816762053174898,3.548608230339596
76699.38249999998,76699.38249999998,76697.60930706191,76701.15569293805,0.13584809000000006,-0.8816762053174898,3.5463858761359006
76699.38249999999,76699.38249999999,76697.60866138944,76701.15633861054,0.12854575000000007,-0.881694461175357,3.5476772210968193
76699.38199999998,76699.38199999998,76697.78578240436,76700.9782175956,0.12854575000000007,-0.8817587340454338,3.1924351912457496
76699.38199999998,76699.38199999998,76697.78577519224,76700.97822480772,0.12854575000000007,-0.8817587340454338,3.1924496154824737
76699.38199999998,76699.38199999998,76697.78583800967,76700.9781619903,0.12854575000000007,-0.8817587340454338,3.192323980620131
76699.38199999997,76699.38199999997,76697.78688816473,76700.97711183521,0.12854575000000007,-0.8817587340454338,3.1902236704772804
76699.38199999998,76699.38199999998,76697.7848092517,76700.97919074827,0.12854575000000007,-0.8817587340454338,3.1943814965779893
76699.38249999998,76699.38249999998,76697.78530880397,76700.97969119599,0.12854575000000007,-0.881694461175357,3.194382392015541
76699.38299999999,76699.38299999999,76697.7837221228,76700.98227787718,0.12854575000000007,-0.8816301882907283,3.198555754381232
76699.38249999999,76699.38249999999,76697.71517110858,76701.04982889141,0.12854575000000007,-0.881694461175357,3.334657782834256
76699.38249999998,76699.38249999998,76697.71529174579,76701.04970825417,0.12854575000000007,-0.881694461175357,3.3344165083835833
76699.38249999998,76699.38249999998,76697.71529266675,76701.04970733321,0.12854575000000007,-0.881694461175357,3.3344146664603613
76699.38299999999,76699.38299999999,76697.71126076457,76701.0547392354,0.12854575000000007,-0.8816301882907283,3.343478470836999
76699.56349999999,76699.56349999999,76697.85188517932,76701.27511482066,0.12854569000000007,-0.8584274748282041,3.423229641339276
76699.74399999999,76699.74399999999,76698.03255125725,76701.45544874274,0.12721745000000007,-0.8309135107556358,3.4228974854922853
76699.9245,76699.9245,76698.23395115991,76701.61504884007,0.12721726000000005,-0.807950178583269,3.3810976801614743
76700.105,76700.105,76698.41445254443,76701.79554745556,0.12721724000000006,-0.7849874054518295,3.381094911135733
76700.286,76700.286,76698.59544931326,76701.97655068673,0.12721724000000006,-0.7619610850088065,3.381101373466663
76700.467,76700.467,76698.77642407984,76702.15757592017,0.12721724000000006,-0.7389347645657836,3.3811518403235823
76700.6475,76700.6475,76698.95477398075,76702.34022601927,0.12721709000000006,-0.7159717013710178,3.38545203852118
76700.8275,76700.8275,76699.13477428549,76702.52022571451,0.12721705000000005,-0.6930725386773702,3.3854514290287625
76701.008,76701.008,76699.46879807302,76702.54720192698,0.12721695000000005,-0.6701096629549284,3.078403853956843
76701.1885,76701.1885,76699.65998421848,76702.71701578153,0.12721688000000006,-0.6471468773670495,3.057031563046621
76701.3695,76701.3695,76699.8464012452,76702.8925987548,0.12721688000000006,-0.6241206220875029,3.046197509596823
76701.55,76701.55,76700.0267899312,76703.0732100688,0.12721688000000006,-0.6011579752375837,3.0464201376016717
76701.7305,76701.7305,76700.20728969273,76703.25371030728,0.12721688000000006,-0.5781953284022165,3.0464206145552453
76701.911,76701.911,76700.38197156898,76703.44002843101,0.12721688000000006,-0.5552326815668494,3.0580568620353006
76702.091,76702.091,76700.56197299577,76703.62002700423,0.12721688000000006,-0.5323336431611096,3.058054008462932
76702.2715,76702.2715,76700.74247846853,76703.80052153148,0.12721688000000006,-0.5093709963257425,3.0580430629488546
76702.4525,76702.4525,76700.92603552138,76703.97896447862,0.12721688000000006,-0.48634474104619585,3.0529289572441485
76702.87049999999,76702.87049999999,76701.1813078473,76704.55969215267,0.12721685000000005,-0.43316793911799323,3.3783843053679448
76703.2885,76703.2885,76701.60055349137,76704.97644650862,0.12721685000000005,-0.3799912958056666,3.3758930172480177
76703.7185,76703.7185,76702.03052569833,76705.40647430168,0.12721685000000005,-0.32528805031324737,3.375948603352299
76703.9685,76703.9685,76702.28137147836,76705.65562852165,0.12721685000000005,-0.2934838378132554,3.3742570432950743
76704.218,76704.218,76702.53035908019,76705.9056409198,0.12721677000000003,-0.2617429327801801,3.375281839602394
76704.4675,76704.4675,76702.7798600124,76706.1551399876,0.12721671000000004,-0.23000213790510315,3.375279975211015
76704.71699999999,76704.71699999999,76703.04881981593,76706.38518018405,0.12721666000000004,-0.19826140561781358,3.3363603681209497
76704.96599999999,76704.96599999999,76703.19892631007,76706.7330736899,0.12721660000000004,-0.16658427643415052,3.534147379832575
76705.215,76705.215,76703.4479270351,76706.98207296489,0.12721655000000004,-0.13490720478876028,3.5341459297924303
76705.4645,76705.4645,76703.69742685872,76707.23157314128,0.12721651000000003,-0.10316657494695392,3.534146282559959
76705.714,76705.714,76703.94862135047,76707.47937864954,0.12721646000000003,-0.07142594239849132,3.5307572990714107
76705.96349999998,76705.96349999998,76704.19811970845,76707.72888029151,0.12721638000000002,-0.03968527431425173,3.530760583060328
76706.21299999999,76706.21299999999,76704.44946993,76707.97653006998,0.12721634,-0.007944716824567877,3.5270601399824955
76706.46199999998,76706.46199999998,76704.69847029835,76708.22552970162,0.12721631,0.023732197369099595,3.527059403277235
76706.71149999999,76706.71149999999,76704.94796734967,76708.47503265031,0.12721622,0.055472780877607875,3.527065300644608
76706.96049999999,76706.96049999999,76705.19696476658,76708.72403523339,0.12721611,0.08714973180030938,3.527070466807345
76707.20999999999,76707.20999999999,76705.44646642102,76708.97353357896,0.12721561,0.11889053625054657,3.5270671579346526
76707.45949999998,76707.45949999998,76705.69597471718,76709.22302528279,0.1272155,0.15063088820897974,3.5270505656080786
76707.70849999998,76707.70849999998,76705.94395699332,76709.47304300664,0.12721547,0.18230755583499558,3.5290860133245587
76707.95799999998,76707.95799999998,76706.19345422511,76709.72254577486,0.12721547,0.21404781560704578,3.5290915497462265
76707.96999999999,76707.96999999999,76706.2051138906,76709.73488610938,0.12721543,0.21557440164906438,3.5297722187824547
76707.9815,76707.9815,76706.21703555831,76709.74596444168,0.12721485999999999,0.21703737824282143,3.5289288833737373
76707.9815,76707.9815,76706.07423143541,76709.88876856458,0.12721485999999999,0.21703737824282143,3.814537129161181
76707.981,76707.981,76706.07372654023,76709.88827345977,0.12721481999999998,0.21697377077362034,3.8145469195442274
76707.981,76707.981,76706.07372384374,76709.88827615626,0.12721457999999997,0.21697377052623779,3.814552312513115
76707.981,76707.981,76706.07372736695,76709.88827263305,0.12721454999999995,0.21697377048258204,3.8145452660974115
76707.9815,76707.9815,76706.07436866764,76709.88863133235,0.12721454999999995,0.21703737776260823,3.8142626647022553
76707.98199999999,76707.98199999999,76706.07464740619,76709.88935259379,0.12721454999999995,0.21710098504263442,3.814705187600339
76707.9825,76707.9825,76706.07499746681,76709.89000253318,0.12721454999999995,0.2171645923081087,3.8150050663680304
76707.9825,76707.9825,76706.08180923338,76709.88319076662,0.12721451999999994,0.21716459223534912,3.8013815332378726
76707.9825,76707.9825,76706.08180591736,76709.88319408263,0.12721448999999993,0.21716459214803763,3.801388165273238
76707.9825,76707.9825,76706.08180157773,76709.88319842226,0.12721445999999992,0.21716459206072614,3.8013968445302453
76707.983,76707.983,76706.08551512999,76709.88048487,0.12721445999999992,0.21722819929709658,3.7949697400035802
76707.983,76707.983,76706.09800008994,76709.86799991004,0.1272143799999999,0.21722819906426594,3.7699998200987466
76707.9835,76707.9835,76706.09850082871,76709.8684991713,0.1272143799999999,0.21729180624242872,3.7699983425845858
76707.984,76707.984,76706.04896769168,76709.91903230832,0.1272143799999999,0.21735541343514342,3.8700646166398656
76707.984,76707.984,76706.04895943643,76709.91904056356,0.12721424999999992,0.21735541292582639,3.8700811271264683
76707.98449999999,76707.98449999999,76706.04946362945,76709.91953637054,0.12721424999999992,0.2174190200457815,3.870072741090553
76707.98449999999,76707.98449999999,76706.04946246446,76709.91953753552,0.12721412999999993,0.21741901950736064,3.8700750710559078
76707.984,76707.984,76706.04896964505,76709.91903035494,0.1272140499999999,0.21735541212547105,3.870060709887184
76707.984,76707.984,76706.04896694425,76709.91903305575,0.12721381999999992,0.2173554112087004,3.8700661114999093
76707.984,76707.984,76706.04897426252,76709.91902573747,0.12721363999999993,0.21735541048110463,3.870051474950742
76707.9835,76707.9835,76706.04847734475,76709.91852265525,0.12721361999999994,0.21729180359398015,3.8700453104975168
76707.9835,76707.9835,76706.04847541785,76709.91852458216,0.12721359999999995,0.2172918035357725,3.8700491643103305
76707.9835,76707.9835,76706.04847626995,76709.91852373006,0.12721351999999994,0.21729180324473418,3.8700474601064343
76707.9835,76707.9835,76706.04847742611,76709.91852257389,0.12721348999999993,0.21729180314287078,3.8700451477780007
76707.9835,76707.9835,76706.04848140359,76709.91851859642,0.12721348999999993,0.21729180314287078,3.870037192828022
76707.983,76707.983,76706.04797792417,76709.91802207581,0.12721341999999994,0.21722819618298672,3.8700441516411956
76707.9825,76707.9825,76706.04746571751,76709.91753428249,0.12688135999999994,0.2171637593273772,3.8700685649819206
76707.9825,76707.9825,76706.06043698422,76709.90456301578,0.12688115999999994,0.21716375881806016,3.8441260315594263
76707.983,76707.983,76706.19351934022,76709.77248065977,0.12688115999999994,0.2172271993913455,3.578961319552036
76707.9835,76707.9835,76706.07242624984,76709.89457375016,0.12688115999999994,0.21729063997918274,3.822147500322899
76707.983,76707.983,76706.07151869888,76709.8944813011,0.12688112999999993,0.2172271992894821,3.8229626022221055
76707.983,76707.983,76706.07154682852,76709.89445317147,0.12688085999999993,0.21722719848912675,3.8229063429462258
76707.983,76707.983,76706.07176833977,76709.89423166022,0.12688085999999993,0.21722719848912675,3.8224633204517886
76707.9825,76707.9825,76706.07035847656,76709.89464152344,0.12688075999999993,0.217163757813978,3.824283046880737
76707.983,76707.983,76706.0708611943,76709.89513880569,0.12688075999999993,0.21722719819808844,3.824277611391153
76707.9825,76707.9825,76706.06992078782,76709.89507921218,0.12688020999999994,0.21716375644609798,3.8251584243553225
76707.9825,76707.9825,76706.06995345034,76709.89504654966,0.12687999999999994,0.21716375592222903,3.825093099323567
76707.9825,76707.9825,76706.06994700957,76709.89505299043,0.12575819999999993,0.21716095141891856,3.82510598085355
76707.9825,76707.9825,76706.14260058774,76709.82239941225,0.12555190999999993,0.21716043568449095,3.6797988245089073
76707.9825,76707.9825,76706.15551189416,76709.80948810584,0.12555179999999994,0.21716043540800456,3.65397621167358
76707.9825,76707.9825,76706.15551376091,76709.80948623909,0.12555168999999994,0.21716043513151817,3.6539724781760015
76707.9825,76707.9825,76706.15551811978,76709.80948188022,0.12555164999999993,0.21716043502965476,3.6539637604437303
76707.983,76707.983,76706.15601874255,76709.80998125744,0.12555164999999993,0.21722321085690055,3.6539625148870982
76707.9835,76707.9835,76706.14131958042,76709.82568041958,0.12555164999999993,0.21728598668414634,3.684360839164583
76707.9835,76707.9835,76706.13811929128,76709.82888070872,0.12555164999999993,0.21728598668414634,3.6907614174415357
76707.9835,76707.9835,76706.06292933237,76709.90407066763,0.12489964999999993,0.21728370468190406,3.841141335258726
76707.984,76707.984,76706.06911570855,76709.89888429144,0.12489964999999993,0.21734615450259298,3.829768582887482
76707.98449999999,76707.98449999999,76706.06960933736,76709.89939066263,0.12489964999999993,0.2174086043232819,3.8297813252720516
76707.98449999999,76707.98449999999,76706.06959416375,76709.89940583623,0.12489964999999993,0.2174086043232819,3.829811672476353
76708.0,76708.0,76706.08509037795,76709.91490962205,0.12489964999999993,0.21934454891015776,3.829819244099781
76708.1005,76708.1005,76706.18558198684,76710.01541801316,0.12489964999999993,0.23189696372719482,3.8298360263288487
76708.2005,76708.2005,76706.28558274735,76710.11541725266,0.12489961999999993,0.24438698211451992,3.8298345053044613
76708.3,76708.3,76706.38508266195,76710.21491733806,0.12489951999999993,0.2568146623088978,3.8298346761148423
76708.4,76708.4,76706.48508144674,76710.31491855325,0.12489948999999993,0.2693046617205255,3.829837106517516
76708.4995,76708.4995,76706.58458144554,76710.41441855447,0.12489940999999993,0.28173227941442747,3.829837108933134
76708.59999999999,76708.59999999999,76706.6851490262,76710.51485097378,0.12489940999999993,0.294284670118941,3.8297019475721754
76708.7,76708.7,76706.7849404738,76710.6150595262,0.12489939999999994,0.3067746239248663,3.830119052407099
76708.8005,76708.8005,76706.88552696272,76710.71547303727,0.12489939999999994,0.3193270136252977,3.829946074547479
76708.9005,76708.9005,76706.98550488337,76710.81549511664,0.12460216999999994,0.33213781341328286,3.829990233265562
76709.0005,76709.0005,76707.0880763821,76710.91292361789,0.12460209999999994,0.3445980989636155,3.824847235780908
76709.101,76709.101,76707.18857672784,76711.01342327215,0.12460209999999994,0.3571206100168638,3.824846544303
76709.201,76709.201,76707.28855694072,76711.11344305928,0.12460198999999994,0.36958090570988134,3.8248861185566057
76709.30049999998,76709.30049999998,76707.38805719888,76711.21294280108,0.12460192999999994,0.38197884446708485,3.8248856021964457
76709.4,76709.4,76707.48755806668,76711.3124419333,0.12460184999999994,0.39437678291869815,3.8248838666186202
76709.49949999999,76709.49949999999,76707.58709851191,76711.41190148807,0.12460180999999994,0.40677468619833235,3.8248029761598445
76709.59949999998,76709.59949999998,76707.68709772997,76711.51190227,0.12460158999999994,0.41923495091032237,3.8248045400250703
76709.69949999999,76709.69949999999,76707.78714860578,76711.61185139419,0.12460158999999994,0.43169510991720017,3.8247027884062845
76709.79899999998,76709.79899999998,76707.88594099882,76711.71205900115,0.12460153999999994,0.44409297716629226,3.8261180023255292
76709.89849999998,76709.89849999998,76707.9854407469,76711.81155925307,0.12460139999999995,0.4564908417960396,3.826118506171042
76709.9825,76709.9825,76708.06943998965,76711.89556001035,0.12460133999999995,0.46695735925459303,3.8261200207052752
76709.98199999999,76709.98199999999,76708.06893898305,76711.89506101693,0.12460129999999994,0.4668950584891718,3.8261220338754356
76709.98199999999,76709.98199999999,76708.06893915177,76711.89506084821,0.12460119999999994,0.4668950582999969,3.8261216964456253
76709.98199999999,76709.98199999999,76708.06893982289,76711.89506017709,0.12460111999999994,0.4668950581399258,3.8261203542060684
76709.9825,76709.9825,76708.06943982551,76711.89556017448,0.12460111999999994,0.46695735870162025,3.826120348967379
76709.9825,76709.9825,76708.06939085845,76711.89560914155,0.12460106999999994,0.466957358570653,3.8262182830949314
76709.98199999999,76709.98199999999,76708.06890306974,76711.89509693024,0.12460080999999994,0.46689505751419347,3.8261938604991883
76709.98199999999,76709.98199999999,76708.06890466467,76711.8950953353,0.12460069999999994,0.4668950572813628,3.8261906706320588
76709.98199999999,76709.98199999999,76708.06611652653,76711.89788347344,0.12460069999999994,0.4668950572813628,3.8317669469106477
76709.98449999999,76709.98449999999,76708.06861171244,76711.90038828754,0.12460069999999994,0.46720655902754515,3.831776575098047
76709.985,76709.985,76708.07120470594,76711.89879529407,0.12460069999999994,0.46726885938551277,3.827590588130988
76709.985,76709.985,76708.06915521352,76711.90084478648,0.12460069999999994,0.46726885938551277,3.8316895729512908
76709.9855,76709.9855,76708.06962586548,76711.90137413451,0.12460069999999994,0.46733115972892847,3.831748269032687
76710.0625,76710.0625,76708.14660724843,76711.97839275157,0.12460064999999994,0.4769254865095718,3.831785503134597
76710.14,76710.14,76708.2241982354,76712.0558017646,0.12460064999999994,0.4865820368868299,3.8316035291936714
76710.26599999999,76710.26599999999,76708.35019369122,76712.18180630876,0.12460064999999994,0.5022817187855253,3.8316126175341196
76710.59150000001,76710.59150000001,76708.67573940838,76712.50726059164,0.12460064999999994,0.5428392303583678,3.8315211832523346
76710.916,76710.916,76709.00020373968,76712.83179626032,0.12460054999999993,0.5832726976805134,3.8315925206406973
76711.24100000001,76711.24100000001,76709.32520280941,76713.1567971906,0.12460049999999993,0.6237681383790914,3.8315943811903708
76711.56599999999,76711.56599999999,76709.64061379354,76713.49138620644,0.11955742999999994,0.6890449468628503,3.8507724129012786
76711.89099999999,76711.89099999999,76710.00614202331,76713.77585797667,0.11955737999999994,0.7279013410588959,3.7697159533563536
76712.216,76712.216,76710.33114153094,76714.10085846906,0.11955733999999993,0.7667576601234032,3.769716938113561
76712.541,76712.541,76710.65614095322,76714.42585904678,0.11955730999999993,0.8056139137916034,3.769718093564734
76712.866,76712.866,76710.98114087198,76714.750859128,0.11955723999999993,0.8444702925189631,3.7697182560223155
76713.1905,76713.1905,76711.30673021548,76715.07426978451,0.11955720999999993,0.8832667155802483,3.7675395690312143
76713.5155,76713.5155,76711.6320137632,76715.39898623679,0.11955711999999993,0.9221230756375007,3.7669724735897034
76713.84099999999,76713.84099999999,76712.19763428852,76715.48436571145,0.11955711999999993,0.9610389182053041,3.2867314229370095
76714.16649999999,76714.16649999999,76712.4836475945,76715.84935240548,0.11955711999999993,0.9999547607585555,3.365704810974421
76714.491,76714.491,76712.80736830794,76716.17463169205,0.11955703999999993,1.0387512053275714,3.367263384105172
76714.81349999999,76714.81349999999,76713.13209492275,76716.49490507723,0.11955699999999993,1.0773084173852112,3.362810154474573
76715.13849999999,76715.13849999999,76713.45733024064,76716.81966975934,0.11955699999999993,1.1161644423846155,3.362339518702356
76715.46299999999,76715.46299999999,76713.78004926052,76717.14595073946,0.11955693999999993,1.1549607499182457,3.365901478944579
76715.78799999999,76715.78799999999,76714.10507533014,76717.47092466983,0.11955693999999993,1.1938167554180836,3.3658493396942504
76716.03649999999,76716.03649999999,76714.25754891126,76717.81545108871,0.11955693999999993,1.2235266549978405,3.557902177446522
76716.32199999999,76716.32199999999,76714.54294364683,76718.10105635315,0.11955689999999992,1.257660198098165,3.558112706319662
76716.559,76716.559,76714.77994391981,76718.33805608017,0.11955676999999992,1.2859952719300054,3.5581121603609063
76716.5965,76716.5965,76714.81744529508,76718.37555470492,0.11955670999999993,1.290478689421434,3.5581094098452013
76716.635,76716.635,76714.86400398509,76718.4059960149,0.11955670999999993,1.2950816227530595,3.5419920298154466
76716.911,76716.911,76715.13989396291,76718.68210603707,0.11955670999999993,1.328079274710035,3.5422120741568506
76717.2935,76717.2935,76715.52286128482,76719.06413871518,0.11955670999999993,1.3738097162859049,3.5412774303695187
76717.33200000001,76717.332,76715.54904318755,76719.11495681244,0.11955670999999993,1.3784126496175304,3.565913624886889
76717.845,76717.84499999999,76716.06195401482,76719.62804598516,0.11497648999999993,1.4804862987512024,3.5660919703368563
76718.35800000001,76718.358,76716.6996264312,76720.01637356878,0.11494992999999994,1.5396918640471995,3.3167471375782043
76718.85449999999,76718.85449999997,76717.19680562604,76720.5121943739,0.11494970999999994,1.596766166490852,3.3153887478692923
76719.35099999998,76719.35099999997,76717.69330973476,76721.00869026517,0.11494964999999994,1.6538391210488044,3.315380530402763
76719.84749999999,76719.84749999997,76718.18980922281,76721.50519077714,0.11494956999999995,1.7109121472749393,3.315381554333726
76720.35999999999,76720.35999999997,76718.70231024994,76722.01768975,0.11494942999999995,1.7698246951040346,3.315379500068957
76720.85649999998,76720.85649999997,76719.19880819628,76722.51419180365,0.11494942999999995,1.8268970870994963,3.315383607376134
76721.35299999997,76721.35299999996,76719.72303506857,76722.98296493135,0.11494939999999995,1.8839696307986742,3.259929862775607
76721.84949999998,76721.84949999997,76720.21942136165,76723.47957863829,0.10494939999999996,1.9866470078995917,3.26015727664344
76722.34549999997,76722.34549999995,76721.0289405172,76723.66205948271,0.10494939999999996,2.0387019102927297,2.6331189655174967
76722.84199999998,76722.84199999996,76721.52501741791,76724.15898258201,0.10494939999999996,2.0908092873869464,2.6339651641028468
76723.3375,76723.33749999998,76722.01967453593,76724.65532546403,0.10494924999999995,2.1428121744684177,2.635650928103132
76723.83349999998,76723.83349999996,76722.51567557137,76725.15132442856,0.10494924999999995,2.194867002472165,2.635648857190972
76724.29149999998,76724.29149999996,76722.97327473445,76725.60972526547,0.10494918999999996,2.2429338854853995,2.6364505310193636
76724.74999999997,76724.74999999996,76723.43617454896,76726.06382545095,0.10494918999999996,2.2910530890949303,2.6276509019953664
76725.20799999998,76725.20799999997,76723.89381153534,76726.5221884646,0.10494918999999996,2.339119818119798,2.62837692926405
76725.66549999997,76725.66549999996,76724.35130633722,76726.9796936627,0.10494918999999996,2.38713407254545,2.6283873254724313
76725.88599999998,76725.88599999997,76724.57180612932,76727.20019387062,0.10494918999999996,2.410275368936709,2.628387741307961
76725.99999999999,76725.99999999997,76724.68528163384,76727.3147183661,0.10494918999999996,2.422239576597349,2.6294367322698236
76726.45749999999,76726.45749999999,76725.14408310197,76727.770916898,0.10494918999999996,2.470253831023001,2.6268337960354984
76726.44099999998,76726.44099999998,76725.41479890661,76727.46720109334,0.10494918999999996,2.4685221693944186,2.0524021867313422
76726.4245,76726.4245,76725.39613704287,76727.45286295711,0.10494918999999996,2.466790507751284,2.0567259142408147
76726.4245,76726.4245,76725.3980960306,76727.45090396938,0.10494918999999996,2.466790507751284,2.052807938773185
76726.4245,76726.4245,76725.39453296454,76727.45446703545,0.10494918999999996,2.466790507751284,2.059934070915915
76726.42399999998,76726.42399999998,76725.39466322186,76727.45333677811,0.10494918999999996,2.466738033166621,2.0586735562537797
76726.40749999999,76726.40749999999,76725.37837753014,76727.43662246983,0.10494918999999996,2.4650063715234865,2.0582449396897573
76726.40699999998,76726.40699999998,76725.38287837016,76727.4311216298,0.10494918999999996,2.4649538969242712,2.048243259632727
76726.40699999998,76726.40699999998,76725.38196137371,76727.43203862624,0.10494918999999996,2.4649538969242712,2.0500772525265347
76726.40649999998,76726.40649999998,76725.29540333063,76727.51759666934,0.10494918999999996,2.464901422339608,2.2221933387045283
76726.40599999999,76726.40599999999,76725.36278075645,76727.44921924353,0.10494918999999996,2.4648489477403928,2.0864384870801587
76726.40549999998,76726.40549999998,76725.3622800708,76727.44871992916,0.10494918999999996,2.4647964731411776,2.0864398583653383
76726.40549999998,76726.40549999998,76725.36227961496,76727.448720385,0.10494918999999996,2.4647964731411776,2.0864407700428274
76726.40499999998,76726.40499999998,76725.36177961629,76727.44822038368,0.10494918999999996,2.4647439985565143,2.086440767394379
76726.40499999998,76726.40499999998,76725.36177961629,76727.44822038368,0.10494918999999996,2.4647439985565143,2.086440767394379
76726.40499999998,76726.40499999998,76725.36178418853,76727.44821581144,0.10494918999999996,2.4647439985565143,2.0864316229126416
76726.40549999998,76726.40549999998,76725.35469726003,76727.45630273993,0.10494918999999996,2.4647964731411776,2.1016054798965342
76726.40549999998,76726.40549999998,76725.37859004494,76727.43240995501,0.10494918999999996,2.4647964731411776,2.0538199100701604
76726.40499999998,76726.40499999998,76725.69283104599,76727.11716895398,0.10494918999999996,2.4647439985565143,1.4243379079853185
76726.40449999998,76726.40449999998,76725.69233129408,76727.11666870587,0.10494918999999996,2.464691523957299,1.424337411794113
76726.40449999998,76726.40449999998,76725.69233129408,76727.11666870587,0.10494918999999996,2.464691523957299,1.424337411794113
76726.40399999998,76726.40399999998,76725.68584658232,76727.12215341764,0.10494918999999996,2.464639049358084,1.4363068353268318
76726.40349999999,76726.40349999999,76725.68534583841,76727.12165416156,0.10494918999999996,2.4645865747588687,1.4363083231437486
76726.40299999998,76726.40299999998,76724.97697535992,76727.82902464003,0.10494918999999996,2.4645341001742054,2.852049280103529
76726.40249999998,76726.40249999998,76724.97461829982,76727.83038170014,0.10494918999999996,2.46448162557499,2.8557634003227577
76726.40249999998,76726.40249999998,76724.97461838771,76727.83038161225,0.10494918999999996,2.46448162557499,2.8557632245356217
76726.40199999997,76726.40199999997,76724.97411885939,76727.82988114055,0.10494918999999996,2.464429150975775,2.8557622811640613
76726.40199999997,76726.40199999997,76724.97411870417,76727.82988129578,0.10494918999999996,2.464429150975775,2.8557625916146208
76726.40149999998,76726.40149999998,76725.04099684746,76727.7620031525,0.10494918999999996,2.4643766763911117,2.721006305044284
76726.40149999998,76726.40149999998,76725.04054536113,76727.76245463883,0.10494918999999996,2.4643766763911117,2.721909277694067
76726.40149999998,76726.40149999998,76724.9774821319,76727.82551786806,0.10494918999999996,2.4643766763911117,2.8480357361549977
76726.40199999997,76726.40199999997,76724.97750184016,76727.82649815979,0.10494918999999996,2.464429150975775,2.848996319633443
76726.40199999997,76726.40199999997,76725.05295688486,76727.75104311509,0.10494918999999996,2.464429150975775,2.698086230229819
76726.40249999998,76726.40249999998,76725.05371046391,76727.75128953606,0.10494918999999996,2.46448162557499,2.6975790721480735
76726.40249999998,76726.40249999998,76725.05491892116,76727.7500810788,0.10494918999999996,2.46448162557499,2.6951621576445177
76726.40199999997,76726.40199999997,76725.05441911325,76727.7495808867,0.10494918999999996,2.464429150975775,2.695161773444852
76726.40199999997,76726.40199999997,76725.05441959352,76727.74958040642,0.10494918999999996,2.464429150975775,2.6951608129020315
76726.40249999998,76726.40249999998,76725.05701806444,76727.74798193552,0.10494918999999996,2.46448162557499,2.6909638710785657
76726.40299999998,76726.40299999998,76725.01549863168,76727.79050136828,0.10494918999999996,2.4645341001742054,2.7750027365982533
76726.40299999998,76726.40299999998,76725.04139060852,76727.76460939144,0.10494918999999996,2.4645341001742054,2.7232187829213217
76726.40349999999,76726.40349999999,76725.19857045186,76727.60842954811,0.10494918999999996,2.4645865747588687,2.409859096253058
76726.40399999998,76726.40399999998,76725.21558158973,76727.59241841023,0.10494918999999996,2.464639049358084,2.3768368205055594
76726.40399999998,76726.40399999998,76725.22535088018,76727.58264911978,0.10494918999999996,2.464639049358084,2.3572982395999134
76726.40399999998,76726.40399999998,76725.22535228661,76727.58264771335,0.10494918999999996,2.464639049358084,2.3572954267438035
76726.40449999998,76726.40449999998,76725.22353952652,76727.58546047343,0.10494918999999996,2.464691523957299,2.3619209469179623
76726.40499999998,76726.40499999998,76725.29347942576,76727.51652057421,0.10494918999999996,2.4647439985565143,2.2230411484488286
76726.40499999998,76726.40499999998,76725.29156489948,76727.51843510049,0.10494918999999996,2.4647439985565143,2.2268702010042034
76726.40449999998,76726.40449999998,76725.29106474869,76727.51793525126,0.10494918999999996,2.464691523957299,2.2268705025780946
76726.40499999998,76726.40499999998,76725.29156442135,76727.51843557862,0.10494918999999996,2.4647439985565143,2.2268711572687607
76726.40499999998,76726.40499999998,76725.38561264853,76727.42438735144,0.10494918999999996,2.4647439985565143,2.038774702901719
76726.40499999998,76726.40499999998,76725.38488047499,76727.42511952498,0.10494918999999996,2.4647439985565143,2.0402390499948524
76726.40449999998,76726.40449999998,76725.38438116755,76727.4246188324,0.10494918999999996,2.464691523957299,2.0402376648562495
76726.40449999998,76726.40449999998,76725.36475796932,76727.44424203063,0.10494918999999996,2.464691523957299,2.0794840613089036
76726.40449999998,76726.40449999998,76725.36093688614,76727.44806311381,0.10494918999999996,2.464691523957299,2.0871262276777998
76726.40449999998,76726.40449999998,76725.37975158388,76727.42924841607,0.10494918999999996,2.464691523957299,2.0494968321872875
76726.40449999998,76726.40449999998,76725.3793435193,76727.42965648066,0.10494918999999996,2.464691523957299,2.050312961364398
76726.40399999998,76726.40399999998,76725.37884524008,76727.42915475988,0.10494918999999996,2.464639049358084,2.0503095198073424
76726.40349999999,76726.40349999999,76725.37426013256,76727.4327398674,0.10494918999999996,2.4645865747588687,2.058479734841967
76726.40349999999,76726.40349999999,76725.37220843739,76727.43479156258,0.10494918999999996,2.4645865747588687,2.0625831251963973
76726.40349999999,76726.40349999999,76725.13578848037,76727.6712115196,0.10494918999999996,2.4645865747588687,2.5354230392258614
76726.40299999998,76726.40299999998,76725.27300900078,76727.53299099917,0.10494918999999996,2.4645341001742054,2.259981998387957
76726.40249999998,76726.40249999998,76725.27250900079,76727.53249099918,0.10494918999999996,2.46448162557499,2.259981998387957
76726.40299999998,76726.40299999998,76725.27300879045,76727.5329912095,0.10494918999999996,2.4645341001742054,2.2599824190547224
76726.40349999999,76726.40349999999,76725.28404075814,76727.52295924183,0.10494918999999996,2.4645865747588687,2.238918483693851
76726.40349999999,76726.40349999999,76725.65175842565,76727.15524157432,0.10494918999999996,2.4645865747588687,1.5034831486700568
76726.40299999998,76726.40299999998,76725.65297414424,76727.15302585572,0.10494918999999996,2.4645341001742054,1.5000517114822287
76726.40299999998,76726.40299999998,76725.63459807906,76727.17140192089,0.10494918999999996,2.4645341001742054,1.536803841823712
76726.40349999999,76726.40349999999,76725.62572759877,76727.1812724012,0.10494918999999996,2.4645865747588687,1.555544802424265
76726.40299999998,76726.40299999998,76724.46931278709,76728.33668721287,0.10494918999999996,2.4645341001742054,3.867374425783055
76726.40299999998,76726.40299999998,76724.47537087266,76728.33062912729,0.10494918999999996,2.4645341001742054,3.855258254625369
76726.40299999998,76726.40299999998,76724.47537326309,76728.33062673686,0.10494918999999996,2.4645341001742054,3.8552534737682436
76726.40299999998,76726.40299999998,76724.47537087805,76728.3306291219,0.10494918999999996,2.4645341001742054,3.8552582438569516
76726.40299999998,76726.40299999998,76724.47536252192,76728.33063747804,0.10494918999999996,2.4645341001742054,3.855274956120411
76726.40249999998,76726.40249999998,76724.4748601366,76728.33013986336,0.10494918999999996,2.46448162557499,3.8552797267620917
76726.40299999998,76726.40299999998,76724.47536491154,76728.33063508841,0.10494918999999996,2.4645341001742054,3.8552701768639963
76726.40299999998,76726.40299999998,76724.47535664299,76728.33064335697,0.10494918999999996,2.4645341001742054,3.855286713980604
76726.40299999998,76726.40299999998,76724.47535783601,76728.33064216394,0.10494918999999996,2.4645341001742054,3.855284327932168
76726.40299999998,76726.40299999998,76724.47535902903,76728.33064097092,0.10494918999999996,2.4645341001742054,3.8552819418837316
76726.40299999998,76726.40299999998,76724.47628228707,76728.32971771288,0.10494918999999996,2.4645341001742054,3.8534354258154053
76726.40349999999,76726.40349999999,76724.47670083707,76728.3302991629,0.10494918999999996,2.4645865747588687,3.8535983258334454
76726.40349999999,76726.40349999999,76724.47586588364,76728.33113411634,0.10494918999999996,2.4645865747588687,3.855268232699018
76726.40399999998,76726.40399999998,76724.47636230143,76728.33163769853,0.10494918999999996,2.464639049358084,3.85527539710165
76726.40349999999,76726.40349999999,76724.47604182852,76728.33095817146,0.10494918999999996,2.4645865747588687,3.8549163429415785
76726.40299999998,76726.40299999998,76724.47553083663,76728.33046916332,0.10494918999999996,2.4645341001742054,3.854938326694537
76726.40249999998,76726.40249999998,76724.47504739156,76728.3299526084,0.10494918999999996,2.46448162557499,3.854905216838233
76726.40249999998,76726.40249999998,76724.47504494463,76728.32995505533,0.10494918999999996,2.46448162557499,3.854910110705532
76726.40249999998,76726.40249999998,76724.4750669669,76728.32993303306,0.10494918999999996,2.46448162557499,3.854866066161776
76726.40199999997,76726.40199999997,76724.47459662831,76728.32940337164,0.10494918999999996,2.464429150975775,3.854806743329391
76726.40199999997,76726.40199999997,76724.47460404159,76728.32939595835,0.10494918999999996,2.464429150975775,3.8547919167613145
76726.40199999997,76726.40199999997,76724.47492679389,76728.32907320606,0.10494918999999996,2.464429150975775,3.854146412166301
76726.40199999997,76726.40199999997,76724.4749344384,76728.32906556154,0.10494918999999996,2.464429150975775,3.854131123138359
76726.40199999997,76726.40199999997,76724.48227343669,76728.32172656326,0.10494918999999996,2.464429150975775,3.839453126565786
76726.40249999998,76726.40249999998,76724.48309236142,76728.32190763854,0.10494918999999996,2.46448162557499,3.838815277122194
76726.40299999998,76726.40299999998,76724.48358420275,76728.3224157972,0.10494918999999996,2.4645341001742054,3.838831594446674
76726.40249999998,76726.40249999998,76724.4820693738,76728.32293062616,0.10494918999999996,2.46448162557499,3.8408612523635384
76726.40249999998,76726.40249999998,76724.48361574384,76728.32138425612,0.10494918999999996,2.46448162557499,3.837768512283219
76726.40299999998,76726.40299999998,76724.48412817488,76728.32187182507,0.10494918999999996,2.4645341001742054,3.837743650190532
76726.40299999998,76726.40299999998,76724.48389988157,76728.32210011838,0.10494918999999996,2.4645341001742054,3.838200236816192
76726.40249999998,76726.40249999998,76724.49419378361,76728.31080621635,0.10494918999999996,2.46448162557499,3.8166124327399302
76726.40199999997,76726.40199999997,76724.49875305004,76728.30524694991,0.10494918999999996,2.464429150975775,3.8064938998722937
76726.40199999997,76726.40199999997,76724.49877993779,76728.30522006216,0.10494918999999996,2.464429150975775,3.806440124375513
76726.40149999998,76726.40149999998,76724.49830682499,76728.30469317497,0.10494918999999996,2.4643766763911117,3.8063863499846775
76726.40149999998,76726.40149999998,76724.49631405553,76728.30668594442,0.10494918999999996,2.4643766763911117,3.810371888888767
76726.40149999998,76726.40149999998,76724.49629979894,76728.30670020102,0.10494918999999996,2.4643766763911117,3.8104004020860884
76726.40149999998,76726.40149999998,76724.49800933847,76728.30499066149,0.10494918999999996,2.4643766763911117,3.8069813230249565
76726.40149999998,76726.40149999998,76724.49802771317,76728.30497228679,0.10494918999999996,2.4643766763911117,3.806944573618239
76726.40149999998,76726.40149999998,76724.49802270191,76728.30497729804,0.10494918999999996,2.4643766763911117,3.806954596133437
76726.40149999998,76726.40149999998,76724.49802771317,76728.30497228679,0.10494918999999996,2.4643766763911117,3.806944573618239
76726.40149999998,76726.40149999998,76724.49801602021,76728.30498397975,0.10494918999999996,2.4643766763911117,3.806967959535541
76726.40149999998,76726.40149999998,76724.49845778558,76728.30454221438,0.10494918999999996,2.4643766763911117,3.806084428797476
76726.40149999998,76726.40149999998,76724.49844255633,76728.30455744363,0.10494918999999996,2.4643766763911117,3.806114887294825
76726.40149999998,76726.40149999998,76724.49844086419,76728.30455913577,0.10494918999999996,2.4643766763911117,3.806118271575542
76726.40099999998,76726.40099999998,76724.49793917204,76728.30406082793,0.10494918999999996,2.4643242017918965,3.806121655885363
76726.40049999997,76726.40049999997,76724.49794908869,76728.30305091126,0.10494918999999996,2.4642717271926813,3.8051018225669395
76726.40049999997,76726.40049999997,76724.56917250845,76728.2318274915,0.10494918999999996,2.4642717271926813,3.662654983054381
76726.40049999997,76726.40049999997,76724.57053573585,76728.2304642641,0.10494918999999996,2.4642717271926813,3.6599285282427445
76726.39999999998,76726.39999999998,76724.57001435646,76728.2299856435,0.10494918999999996,2.464219252608018,3.6599712870374788
76726.40049999997,76726.40049999997,76724.57053039409,76728.23046960586,0.10494918999999996,2.4642717271926813,3.65993921176414
76726.40049999997,76726.40049999997,76724.5709116533,76728.23008834665,0.10494918999999996,2.4642717271926813,3.6591766933561303
76726.40049999997,76726.40049999997,76724.5434506701,76728.25754932985,0.10494918999999996,2.4642717271926813,3.714098659751471
76726.40099999998,76726.40099999998,76724.54396164039,76728.25803835958,0.10494918999999996,2.4643242017918965,3.714076719188597
76726.40099999998,76726.40099999998,76724.52651045112,76728.27548954885,0.10494918999999996,2.4643242017918965,3.7489790977269877
76726.40099999998,76726.40099999998,76724.52653193101,76728.27546806895,0.10494918999999996,2.4643242017918965,3.7489361379412003
76726.40099999998,76726.40099999998,76724.78270310503,76728.01929689494,0.10494918999999996,2.4643242017918965,3.236593789915787
76726.40099999998,76726.40099999998,76724.78276896718,76728.01923103278,0.10494918999999996,2.4643242017918965,3.23646206560079
76726.40149999998,76726.40149999998,76724.78390736725,76728.0190926327,0.10494918999999996,2.4643766763911117,3.235185265453765
76726.40149999998,76726.40149999998,76724.78123861049,76728.02176138946,0.10494918999999996,2.4643766763911117,3.2405227789713535
76726.40149999998,76726.40149999998,76724.78125239981,76728.02174760014,0.10494918999999996,2.4643766763911117,3.240495200327132
76726.40199999997,76726.40199999997,76724.78175929442,76728.02224070553,0.10494918999999996,2.464429150975775,3.2404814111068845
76726.40199999997,76726.40199999997,76724.77760956254,76728.0263904374,0.10494918999999996,2.464429150975775,3.2487808748555835
76726.40199999997,76726.40199999997,76724.91565705177,76727.88834294818,0.10494918999999996,2.464429150975775,2.972685896413168
76726.40199999997,76726.40199999997,76724.91569401036,76727.88830598959,0.10494918999999996,2.464429150975775,2.9726119792321697
76726.40199999997,76726.40199999997,76724.98525307627,76727.81874692367,0.10494918999999996,2.464429150975775,2.83349384739995
76726.40249999998,76726.40249999998,76724.98575823629,76727.81924176367,0.10494918999999996,2.46448162557499,2.833483527385397
76726.40249999998,76726.40249999998,76724.9745082796,76727.83049172036,0.10494918999999996,2.46448162557499,2.8559834407642484
76726.40249999998,76726.40249999998,76725.01344035674,76727.79155964323,0.10494918999999996,2.46448162557499,2.7781192864931654
76726.40249999998,76726.40249999998,76725.01336216627,76727.7916378337,0.10494918999999996,2.46448162557499,2.778275667427806
76726.40249999998,76726.40249999998,76725.01336705635,76727.79163294361,0.10494918999999996,2.46448162557499,2.778265887260204
76726.40249999998,76726.40249999998,76724.9975816626,76727.80741833737,0.10494918999999996,2.46448162557499,2.8098366747726686
76726.40299999998,76726.40299999998,76724.9980816642,76727.80791833575,0.10494918999999996,2.4645341001742054,2.8098366715421434
76726.40299999998,76726.40299999998,76724.77020423647,76728.03579576348,0.10494918999999996,2.4645341001742054,3.2655915270152036
76726.40299999998,76726.40299999998,76724.71635684303,76728.08964315693,0.10494918999999996,2.4645341001742054,3.3732863139011897
76726.40349999999,76726.40349999999,76724.71688949516,76728.09011050481,0.10494918999999996,2.4645865747588687,3.373221009649569
76726.40399999998,76726.40399999998,76724.70027055303,76728.10772944693,0.10494918999999996,2.464639049358084,3.407458893896546
76726.40399999998,76726.40399999998,76724.6738888709,76728.13411112907,0.10494918999999996,2.464639049358084,3.4602222581743263
76726.40399999998,76726.40399999998,76724.67393232993,76728.13406767003,0.10494918999999996,2.464639049358084,3.460135340108536
76726.40399999998,76726.40399999998,76724.66797639831,76728.14002360165,0.10494918999999996,2.464639049358084,3.4720472033368424
76726.40399999998,76726.40399999998,76724.67292225205,76728.13507774791,0.10494918999999996,2.464639049358084,3.462155495857587
76726.40399999998,76726.40399999998,76724.65447786135,76728.15352213861,0.10494918999999996,2.464639049358084,3.4990442772686947
76726.40399999998,76726.40399999998,76724.6450222841,76728.16297771587,0.10494918999999996,2.464639049358084,3.5179554317728616
76726.40399999998,76726.40399999998,76724.64503110237,76728.1629688976,0.10494918999999996,2.464639049358084,3.5179377952299546
76726.40399999998,76726.40399999998,76724.64498921498,76728.16301078498,0.10494918999999996,2.464639049358084,3.518021569994744
76726.40449999998,76726.40449999998,76724.65740763396,76728.15159236599,0.10494918999999996,2.464691523957299,3.49418473202968
76726.40449999998,76726.40449999998,76724.56461578365,76728.2443842163,0.10494918999999996,2.464691523957299,3.67976843265933
76726.40499999998,76726.40499999998,76724.56150965417,76728.2484903458,0.10494918999999996,2.4647439985565143,3.6869806916220114
76726.40549999998,76726.40549999998,76724.56175529245,76728.2492447075,0.10494918999999996,2.4647964731411776,3.687489415053278
76726.40549999998,76726.40549999998,76724.49735982082,76728.31364017914,0.10494918999999996,2.4647964731411776,3.816280358325457
76726.40499999998,76726.40499999998,76724.49685982082,76728.31314017915,0.10494918999999996,2.4647439985565143,3.816280358325457
76726.40499999998,76726.40499999998,76724.49686252724,76728.31313747272,0.10494918999999996,2.4647439985565143,3.8162749454786535
76726.40449999998,76726.40449999998,76724.49635881015,76728.3126411898,0.10494918999999996,2.464691523957299,3.81628237964469
76726.40399999998,76726.40399999998,76724.49586050441,76728.31213949555,0.10494918999999996,2.464639049358084,3.8162789911439177
76726.40399999998,76726.40399999998,76724.49586355133,76728.31213644863,0.10494918999999996,2.464639049358084,3.816272897296585
76726.40349999999,76726.40349999999,76724.49536321529,76728.31163678468,0.10494918999999996,2.4645865747588687,3.816273569391342
76726.40299999998,76726.40299999998,76724.49486592169,76728.31113407826,0.10494918999999996,2.4645341001742054,3.816268156573642
76726.40299999998,76726.40299999998,76724.4948652475,76728.31113475245,0.10494918999999996,2.4645341001742054,3.816269504954107
76726.40249999998,76726.40249999998,76724.49436964541,76728.31063035455,0.10494918999999996,2.46448162557499,3.816260709136259
76726.40249999998,76726.40249999998,76724.49437201563,76728.31062798433,0.10494918999999996,2.46448162557499,3.816255968704354
76726.40249999998,76726.40249999998,76724.53194824749,76728.27305175248,0.10494918999999996,2.46448162557499,3.741103504988132
76726.40199999997,76726.40199999997,76724.53148216648,76728.27251783347,0.10494918999999996,2.464429150975775,3.7410356669861358
76726.40199999997,76726.40199999997,76724.53148348347,76728.27251651647,0.10494918999999996,2.464429150975775,3.741033033002168
76726.40249999998,76726.40249999998,76724.5319857835,76728.27301421647,0.10494918999999996,2.46448162557499,3.7410284329671413
76726.40249999998,76726.40249999998,76724.53282853415,76728.27217146581,0.10494918999999996,2.46448162557499,3.7393429316580296
76726.40199999997,76726.40199999997,76724.5323278687,76728.27167213125,0.10494918999999996,2.464429150975775,3.7393442625470925
76726.40149999998,76726.40149999998,76724.50954563422,76728.29345436573,0.10494918999999996,2.4643766763911117,3.783908731507836
76726.40099999998,76726.40099999998,76724.50903581346,76728.2929641865,0.10494918999999996,2.4643242017918965,3.783928373042727
76726.40049999997,76726.40049999997,76724.50854157045,76728.2924584295,0.10494918999999996,2.4642717271926813,3.7839168590435293
76726.40099999998,76726.40099999998,76724.509075006,76728.29292499396,0.10494918999999996,2.4643242017918965,3.7838499879580922
76726.40099999998,76726.40099999998,76724.50888375781,76728.29311624216,0.10494918999999996,2.4643242017918965,3.784232484351378
76726.40149999998,76726.40149999998,76724.50937869588,76728.29362130408,0.10494918999999996,2.4643766763911117,3.784242608206114
76726.40149999998,76726.40149999998,76724.5049794211,76728.29802057886,0.10494918999999996,2.4643766763911117,3.7930411577690393
76726.40149999998,76726.40149999998,76724.50498002858,76728.29801997138,0.10494918999999996,2.4643766763911117,3.793039942800533
76726.40149999998,76726.40149999998,76724.50497822059,76728.29802177937,0.10494918999999996,2.4643766763911117,3.7930435587768443
76726.40199999997,76726.40199999997,76724.50547488192,76728.29852511802,0.10494918999999996,2.464429150975775,3.79305023609777
76726.40249999998,76726.40249999998,76724.50085290588,76728.30414709408,0.10494918999999996,2.46448162557499,3.8032941881974693
76726.40299999998,76726.40299999998,76724.5013648656,76728.30463513435,0.10494918999999996,2.4645341001742054,3.803270268748747
76726.40349999999,76726.40349999999,76724.49971209803,76728.30728790195,0.10494918999999996,2.4645865747588687,3.8075758039194625
76726.40349999999,76726.40349999999,76724.49969066118,76728.3073093388,0.10494918999999996,2.4645865747588687,3.8076186776161194
76726.40349999999,76726.40349999999,76724.49969303963,76728.30730696034,0.10494918999999996,2.4645865747588687,3.8076139207114466
76726.40349999999,76726.40349999999,76724.49973417266,76728.30726582732,0.10494918999999996,2.4645865747588687,3.8075316546601243
76726.40349999999,76726.40349999999,76724.49973232456,76728.30726767541,0.10494918999999996,2.4645865747588687,3.8075353508465923
76726.40299999998,76726.40299999998,76724.50033134616,76728.30566865379,0.10494918999999996,2.4645341001742054,3.80533730762545
76726.40349999999,76726.40349999999,76724.50122890752,76728.30577109245,0.10494918999999996,2.4645865747588687,3.8045421849237755
76726.40399999998,76726.40399999998,76724.50127423533,76728.30672576463,0.10494918999999996,2.464639049358084,3.805451529304264
76726.40399999998,76726.40399999998,76724.50147502843,76728.30652497153,0.10494918999999996,2.464639049358084,3.8050499430974014
76726.40449999998,76726.40449999998,76724.5028837663,76728.30611623365,0.10494918999999996,2.464691523957299,3.803232467354974
76726.40499999998,76726.40499999998,76724.50335319014,76728.30664680983,0.10494918999999996,2.4647439985565143,3.803293619683245
76726.40499999998,76726.40499999998,76724.50329989754,76728.30670010243,0.10494918999999996,2.4647439985565143,3.803400204895297
76726.40499999998,76726.40499999998,76724.50327415174,76728.30672584823,0.10494918999999996,2.4647439985565143,3.8034516964980867
76726.40449999998,76726.40449999998,76724.64177094524,76728.16722905471,0.10494918999999996,2.464691523957299,3.5254581094777677
76726.40499999998,76726.40499999998,76724.64326992283,76728.16673007714,0.10494918999999996,2.4647439985565143,3.523460154305212
76726.40549999998,76726.40549999998,76724.64329468254,76728.16770531742,0.10494918999999996,2.4647964731411776,3.5244106348836794
76726.40599999999,76726.40599999999,76724.64340387746,76728.16859612252,0.10494918999999996,2.4648489477403928,3.525192245055223
76726.40599999999,76726.40599999999,76724.64200412552,76728.16999587446,0.10494918999999996,2.4648489477403928,3.5279917489388026
76726.40549999998,76726.40549999998,76724.66202911704,76728.14897088292,0.10494918999999996,2.4647964731411776,3.486941765877418
76726.40499999998,76726.40499999998,76724.66344311362,76728.14655688635,0.10494918999999996,2.4647439985565143,3.483113772730576
76726.40499999998,76726.40499999998,76724.66357641038,76728.14642358958,0.10494918999999996,2.4647439985565143,3.4828471791988704
76726.40549999998,76726.40549999998,76724.98558573023,76727.82541426973,0.10494918999999996,2.4647964731411776,2.8398285394941922
76726.40599999999,76726.40599999999,76724.97988700171,76727.83211299827,0.10494918999999996,2.4648489477403928,2.852225996553898
76726.40599999999,76726.40599999999,76724.96105466475,76727.85094533523,0.10494918999999996,2.4648489477403928,2.889890670485329
76726.40599999999,76726.40599999999,76724.9610615398,76727.85093846018,0.10494918999999996,2.4648489477403928,2.8898769203806296
76726.40649999998,76726.40649999998,76724.96157091369,76727.85142908628,0.10494918999999996,2.464901422339608,2.889858172595268
76726.40599999999,76726.40599999999,76724.95555496342,76727.85644503655,0.10494918999999996,2.4648489477403928,2.9008900731278118
76726.40549999998,76726.40549999998,76724.95505496507,76727.85594503488,0.10494918999999996,2.4647964731411776,2.900890069809975
76726.40549999998,76726.40549999998,76724.95505063095,76727.85594936901,0.10494918999999996,2.4647964731411776,2.9008987380657345
76726.40499999998,76726.40499999998,76724.95455558634,76727.85544441362,0.10494918999999996,2.4647439985565143,2.9008888272801414
76726.40449999998,76726.40449999998,76724.95405248922,76727.85494751073,0.10494918999999996,2.464691523957299,2.900895021506585
76726.40399999998,76726.40399999998,76724.95355372808,76727.85444627189,0.10494918999999996,2.464639049358084,2.900892543810187
76726.40399999998,76726.40399999998,76724.88132390051,76727.92667609945,0.10494918999999996,2.464639049358084,3.045352198940236
76726.40449999998,76726.40449999998,76724.88182920335,76727.9271707966,0.10494918999999996,2.464691523957299,3.045341593242483
76726.40399999998,76726.40399999998,76724.85120883762,76727.95679116235,0.10494918999999996,2.464639049358084,3.1055823247297667
76726.40349999999,76726.40349999999,76724.85070136111,76727.95629863886,0.10494918999999996,2.4645865747588687,3.1055972777539864
76726.40299999998,76726.40299999998,76724.85373467111,76727.95226532884,0.10494918999999996,2.4645341001742054,3.0985306577349547
76726.40249999998,76726.40249999998,76724.85323341555,76727.95176658442,0.10494918999999996,2.46448162557499,3.098533168871654
76726.40249999998,76726.40249999998,76724.8532384378,76727.95176156216,0.10494918999999996,2.46448162557499,3.09852312435396
76726.40249999998,76726.40249999998,76724.85324220448,76727.95175779548,0.10494918999999996,2.46448162557499,3.0985155910020694
76726.40199999997,76726.40199999997,76724.85274032113,76727.95125967881,0.10494918999999996,2.464429150975775,3.098519357678015
76726.40149999998,76726.40149999998,76724.855134329,76727.94786567095,0.10494918999999996,2.4643766763911117,3.092731341952458
76726.40099999998,76726.40099999998,76724.85826636209,76727.94373363788,0.10494918999999996,2.4643242017918965,3.0854672757850494
76726.40099999998,76726.40099999998,76724.85826636209,76727.94373363788,0.10494918999999996,2.4643242017918965,3.0854672757850494
76726.40149999998,76726.40149999998,76724.99107965404,76727.81192034592,0.10494918999999996,2.4643766763911117,2.820840691885678
76726.40149999998,76726.40149999998,76724.98487867434,76727.81812132562,0.10494918999999996,2.4643766763911117,2.8332426512788516
76726.40149999998,76726.40149999998,76724.97270634994,76727.83029365001,0.10494918999999996,2.4643766763911117,2.8575873000663705
76726.40149999998,76726.40149999998,76724.97272718349,76727.83027281647,0.10494918999999996,2.4643766763911117,2.8575456329854205
76726.40149999998,76726.40149999998,76725.4242310985,76727.37876890146,0.10494918999999996,2.4643766763911117,1.9545378029579297
76726.40149999998,76726.40149999998,76724.80908625714,76727.99391374282,0.10494918999999996,2.4643766763911117,3.1848274856747594
76726.40199999997,76726.40199999997,76724.80107066913,76728.00292933082,0.10494918999999996,2.464429150975775,3.201858661690494
76726.40199999997,76726.40199999997,76724.87959012689,76727.92440987306,0.10494918999999996,2.464429150975775,3.0448197461664677
76726.40199999997,76726.40199999997,76724.8795905461,76727.92440945384,0.10494918999999996,2.464429150975775,3.04481890774332
76726.40149999998,76726.40149999998,76724.87909018678,76727.92390981318,0.10494918999999996,2.4643766763911117,3.0448196264042053
76726.40199999997,76726.40199999997,76724.87958970766,76727.92441029228,0.10494918999999996,2.464429150975775,3.0448205846187193
76726.40199999997,76726.40199999997,76724.88949537365,76727.9145046263,0.10494918999999996,2.464429150975775,3.025009252654854
76726.40199999997,76726.40199999997,76724.88949525155,76727.91450474839,0.10494918999999996,2.464429150975775,3.0250094968359917
76726.40199999997,76726.40199999997,76724.84931962428,76727.95468037567,0.10494918999999996,2.464429150975775,3.105360751389526
76726.40199999997,76726.40199999997,76724.846824917,76727.95717508295,0.10494918999999996,2.464429150975775,3.1103501659526955
76726.40199999997,76726.40199999997,76724.84682581142,76727.95717418853,0.10494918999999996,2.464429150975775,3.1103483771148603
76726.40249999998,76726.40249999998,76724.84534139908,76727.95965860088,0.10494918999999996,2.46448162557499,3.114317201805534
76726.40249999998,76726.40249999998,76725.10618201674,76727.69881798323,0.10494918999999996,2.46448162557499,2.59263596648816
76726.40249999998,76726.40249999998,76725.10455568084,76727.70044431913,0.10494918999999996,2.46448162557499,2.5958886382868513
76726.40299999998,76726.40299999998,76725.15147593533,76727.65452406462,0.10494918999999996,2.4645341001742054,2.503048129292438
76726.40299999998,76726.40299999998,76725.16766164493,76727.63833835503,0.10494918999999996,2.4645341001742054,2.470676710101543
76726.40249999998,76726.40249999998,76725.19222061717,76727.61277938279,0.10494918999999996,2.46448162557499,2.4205587656178977
76726.40299999998,76726.40299999998,76725.18726080091,76727.61873919904,0.10494918999999996,2.4645341001742054,2.4314783981244545
76726.40299999998,76726.40299999998,76725.18827777707,76727.61772222289,0.10494918999999996,2.4645341001742054,2.429444445820991
76726.40299999998,76726.40299999998,76725.17785750207,76727.62814249788,0.10494918999999996,2.4645341001742054,2.4502849958080333
76726.40349999999,76726.40349999999,76725.17835906416,76727.62864093581,0.10494918999999996,2.4645865747588687,2.450281871657353
76726.40349999999,76726.40349999999,76725.24783568716,76727.55916431281,0.10494918999999996,2.4645865747588687,2.311328625655733
76726.40349999999,76726.40349999999,76725.25698128314,76727.55001871684,0.10494918999999996,2.4645865747588687,2.2930374337011017
76726.40349999999,76726.40349999999,76725.24781095733,76727.55918904264,0.10494918999999996,2.4645865747588687,2.3113780853163917
76726.40349999999,76726.40349999999,76725.21788290533,76727.58911709464,0.10494918999999996,2.4645865747588687,2.371234189311508
76726.40349999999,76726.40349999999,76725.21788280588,76727.58911719409,0.10494918999999996,2.4645865747588687,2.3712343882070854
76726.40349999999,76726.40349999999,76725.22263403327,76727.5843659667,0.10494918999999996,2.4645865747588687,2.3617319334298372
76726.40349999999,76726.40349999999,76725.21328114116,76727.59371885881,0.10494918999999996,2.4645865747588687,2.380437717656605
76726.40349999999,76726.40349999999,76725.21328053859,76727.59371946138,0.10494918999999996,2.4645865747588687,2.3804389227880165
76726.40349999999,76726.40349999999,76725.21328023731,76727.59371976266,0.10494918999999996,2.4645865747588687,2.3804395253537223
76726.40349999999,76726.40349999999,76725.21328063901,76727.59371936096,0.10494918999999996,2.4645865747588687,2.3804387219424825
76726.40299999998,76726.40299999998,76725.21278043816,76727.5932195618,0.10494918999999996,2.4645341001742054,2.3804391236335505
76726.40299999998,76726.40299999998,76725.18739043175,76727.6186095682,0.10494918999999996,2.4645341001742054,2.4312191364588216
76726.40349999999,76726.40349999999,76725.18789146248,76727.61910853749,0.10494918999999996,2.4645865747588687,2.4312170750054065
76726.40299999998,76726.40299999998,76725.2022428625,76727.60375713745,0.10494918999999996,2.4645341001742054,2.4015142749412917
76726.40299999998,76726.40299999998,76725.13879198674,76727.66720801321,0.10494918999999996,2.4645341001742054,2.52841602647095
76726.40299999998,76726.40299999998,76725.19003410352,76727.61596589643,0.10494918999999996,2.4645341001742054,2.425931792909978
76726.40249999998,76726.40249999998,76725.18953336294,76727.61546663703,0.10494918999999996,2.46448162557499,2.4259332740912214
76726.40249999998,76726.40249999998,76725.18953214384,76727.61546785613,0.10494918999999996,2.46448162557499,2.4259357122937217
76726.40249999998,76726.40249999998,76725.18953280392,76727.61546719604,0.10494918999999996,2.46448162557499,2.4259343921148684
76726.40199999997,76726.40199999997,76725.1890331809,76727.61496681905,0.10494918999999996,2.464429150975775,2.4259336381510366
76726.40149999998,76726.40149999998,76725.18853337021,76727.61446662975,0.10494918999999996,2.4643766763911117,2.425933259539306
76726.40149999998,76726.40149999998,76725.18896694425,76727.61403305571,0.10494918999999996,2.4643766763911117,2.4250661114638206
76726.40149999998,76726.40149999998,76725.1889686367,76727.61403136325,0.10494918999999996,2.4643766763911117,2.4250627265428193
76726.40149999998,76726.40149999998,76725.18894456692,76727.61405543303,0.10494918999999996,2.4643766763911117,2.425110866111936
76726.40099999998,76726.40099999998,76725.18844578919,76727.61355421078,0.10494918999999996,2.4643242017918965,2.4251084215939045
76726.40149999998,76726.40149999998,76725.18116959221,76727.62183040775,0.10494918999999996,2.4643766763911117,2.4406608155404683
76726.40199999997,76726.40199999997,76725.27334643067,76727.53065356928,0.10494918999999996,2.464429150975775,2.2573071386141237
76726.40199999997,76726.40199999997,76725.27355809741,76727.53044190253,0.10494918999999996,2.464429150975775,2.256883805122925
76726.40249999998,76726.40249999998,76725.27405869834,76727.53094130162,0.10494918999999996,2.46448162557499,2.2568826032802463
76726.40299999998,76726.40299999998,76724.71716746001,76728.08883253994,0.10494918999999996,2.4645341001742054,3.371665079932427
76726.40299999998,76726.40299999998,76724.71659344592,76728.08940655403,0.10494918999999996,2.4645341001742054,3.372813108115224
76726.40349999999,76726.40349999999,76724.74100414192,76728.06599585805,0.10494918999999996,2.4645865747588687,3.324991716130171
76726.40349999999,76726.40349999999,76724.73432995439,76728.07267004559,0.10494918999999996,2.4645865747588687,3.3383400911989156
76726.40349999999,76726.40349999999,76724.71480952369,76728.09219047628,0.10494918999999996,2.4645865747588687,3.3773809525882825
76726.40349999999,76726.40349999999,76724.71924139945,76728.08775860052,0.10494918999999996,2.4645865747588687,3.3685172010737006
76726.40349999999,76726.40349999999,76724.72090271044,76728.08609728953,0.10494918999999996,2.4645865747588687,3.3651945790916216
76726.40349999999,76726.40349999999,76724.72091173871,76728.08608826126,0.10494918999999996,2.4645865747588687,3.3651765225513373
76726.40399999998,76726.40399999998,76724.72140107428,76728.08659892569,0.10494918999999996,2.464639049358084,3.365197851409903
76726.40399999998,76726.40399999998,76724.71442887839,76728.09357112157,0.10494918999999996,2.464639049358084,3.3791422431822866
76726.40449999998,76726.40449999998,76724.71492641288,76728.09407358707,0.10494918999999996,2.464691523957299,3.3791471741860732
76726.40449999998,76726.40449999998,76724.6915899765,76728.11741002345,0.10494918999999996,2.464691523957299,3.425820046948502
76726.40449999998,76726.40449999998,76724.78942354715,76728.0195764528,0.10494918999999996,2.464691523957299,3.2301529056567233
76726.40449999998,76726.40449999998,76724.78943702362,76728.01956297633,0.10494918999999996,2.464691523957299,3.2301259527157526
76726.40449999998,76726.40449999998,76725.18372707801,76727.62527292194,0.10494918999999996,2.464691523957299,2.441545843932545
76726.40499999998,76726.40499999998,76725.20136038207,76727.6086396179,0.10494918999999996,2.4647439985565143,2.4072792358347215
76726.40449999998,76726.40449999998,76725.23568943907,76727.57331056088,0.10494918999999996,2.464691523957299,2.3376211218128446
76726.40399999998,76726.40399999998,76725.23519533317,76727.5728046668,0.10494918999999996,2.464639049358084,2.3376093336264603
76726.40399999998,76726.40399999998,76725.23689929645,76727.57110070351,0.10494918999999996,2.464639049358084,2.334201407065848
76726.40349999999,76726.40349999999,76725.2364088864,76727.57059111357,0.10494918999999996,2.4645865747588687,2.3341822271759156
76726.40299999998,76726.40299999998,76724.76139638296,76728.04460361699,0.10494918999999996,2.4645341001742054,3.283207234024303
76726.40299999998,76726.40299999998,76724.7003513707,76728.10564862925,0.10494918999999996,2.4645341001742054,3.4052972585486714
76726.40249999998,76726.40249999998,76724.57753990768,76728.22746009228,0.10494918999999996,2.46448162557499,3.649920184601797
76726.40199999997,76726.40199999997,76724.54741368904,76728.2565863109,0.10494918999999996,2.464429150975775,3.709172621864127
76726.40199999997,76726.40199999997,76724.54736647537,76728.25663352458,0.10494918999999996,2.464429150975775,3.70926704921294
76726.40149999998,76726.40149999998,76724.53228475899,76728.27071524097,0.10494918999999996,2.4643766763911117,3.7384304819861427
76726.40149999998,76726.40149999998,76724.52694805889,76728.27605194107,0.10494918999999996,2.4643766763911117,3.7491038821754046
76726.40149999998,76726.40149999998,76724.52693094224,76728.27606905771,0.10494918999999996,2.4643766763911117,3.749138115468668
76726.40099999998,76726.40099999998,76724.51182815048,76728.29017184948,0.10494918999999996,2.4643242017918965,3.778343698999379
76726.40099999998,76726.40099999998,76724.50673077407,76728.2952692259,0.10494918999999996,2.4643242017918965,3.788538451830391
76726.40049999997,76726.40049999997,76724.50622990326,76728.29477009669,0.10494918999999996,2.4642717271926813,3.788540193432709
76726.40049999997,76726.40049999997,76724.50619512811,76728.29480487184,0.10494918999999996,2.4642717271926813,3.7886097437294666
76726.39499999999,76726.39499999999,76724.4982647797,76728.29173522028,0.10494918999999996,2.46369450664497,3.7934704405779485
76726.33699999998,76726.33699999998,76724.43866337789,76728.23533662208,0.10494918999999996,2.4576074536307715,3.796673244185513
76726.185,76726.185,76724.28399762281,76728.08600237718,0.10494918999999996,2.4416551767499186,3.8020047543686815
76726.0325,76726.0325,76724.13104186185,76727.93395813815,0.10494918999999996,2.4256504252844024,3.802916276297765
76725.8855,76725.8855,76723.97832259271,76727.7926774073,0.10494918999999996,2.410222894352046,3.8143548145890236
76725.82850000002,76725.82850000002,76723.92060137683,76727.73639862321,0.10494918999999996,2.404240790521726,3.8157972463814076
76725.69950000002,76725.69950000002,76723.79089211147,76727.60810788856,0.10494918999999996,2.3907023450155975,3.8172157770895865
76725.62250000003,76725.62250000003,76723.71356264196,76727.53143735809,0.10494918999999996,2.3826212573767407,3.817874716129154
76725.49350000003,76725.49350000003,76723.58440091074,76727.40259908931,0.10494918999999996,2.369082811870612,3.8181981785746757
76725.37600000002,76725.37600000002,76723.46658330632,76727.28541669372,0.10494918999999996,2.35675128204457,3.8188333873986267
76725.15600000002,76725.15600000002,76723.24648950929,76727.06551049075,0.10494918999999996,2.3336624602379743,3.8190209814638365
76724.85750000001,76724.85750000001,76722.94700301246,76726.76799698756,0.10494918999999996,2.30233512702398,3.8209939750959165
76724.46900000001,76724.46900000001,76722.55839541575,76726.37960458428,0.10494918999999996,2.261562366707949,3.8212091685272753
76724.0805,76724.0805,76722.1690480356,76725.99195196439,0.10494918999999996,2.220789606391918,3.8229039287834894
76723.692,76723.692,76721.77901597468,76725.60498402531,0.10494918999999996,2.180016846075887,3.825968050630763
76723.29199999997,76723.29199999997,76721.36941311642,76725.21458688352,0.10494918999999996,2.1380371700797696,3.8451737670984585
76722.89149999997,76722.89149999997,76720.9688413787,76724.81415862124,0.10494918999999996,2.096005019484437,3.8453172425506637
76722.43349999997,76722.43349999997,76720.50866461128,76724.35833538866,0.10494918999999996,2.0479382904595695,3.8496707773883827
76721.97299999997,76721.97299999997,76720.0476459492,76723.89835405073,0.10494918999999996,1.9996091884677298,3.850708101526834
76721.50999999998,76721.50999999998,76719.58453917508,76723.43546082488,0.10494918999999996,1.951017713494366,3.8509216498059686
76721.2255,76721.2255,76719.29975811632,76723.15124188368,0.10494918999999996,1.921159668941982,3.851483767357422
76720.78749999999,76720.78749999999,76718.8600598953,76722.71494010468,0.10494918999999996,1.8751919237256516,3.8548802093719132
76720.4435,76720.4435,76718.51293892945,76722.37406107054,0.10494918999999996,1.8390894023614237,3.8611221410974395
76719.9625,76719.9625,76718.03186538156,76721.89313461843,0.10494918999999996,1.7886088419763837,3.8612692368624266
76719.51800000001,76719.51800000001,76717.58717356954,76721.44882643048,0.10494918999999996,1.7419589270284632,3.861652860941831
76719.015,76719.015,76717.08403701385,76720.94596298615,0.10494918999999996,1.6891694844525773,3.861925972305471
76718.583,76718.583,76716.65200457323,76720.51399542677,0.10494918999999996,1.6438314343686216,3.861990853532916
76718.09,76718.09,76716.15881548288,76720.02118451711,0.10494918999999996,1.59209148370428,3.8623690342355985
76717.546,76717.546,76715.61479211274,76719.47720788726,0.10494918999999996,1.5349991243419936,3.8624157745216507
76716.99049999999,76716.99049999999,76715.05511085886,76718.92588914112,0.10494918999999996,1.4766998492996208,3.8707782822602894
76716.53749999999,76716.53749999999,76714.60210876861,76718.47289123137,0.10494918999999996,1.4291578662232496,3.8707824627636
76716.16299999999,76716.16299999999,76714.22760574169,76718.09839425828,0.10494918999999996,1.3898543945688289,3.8707885165931657
76715.73149999998,76715.73149999998,76713.79610020477,76717.6668997952,0.10494918999999996,1.3445688190840883,3.8707995904260315
76715.10049999997,76715.10049999997,76713.16509982177,76717.03590017818,0.10494918999999996,1.2783458802005043,3.8708003564097453
76714.54099999998,76714.54099999998,76712.60552017028,76716.47647982968,0.10494918999999996,1.2196268083935138,3.8709596593980677
76714.12099999998,76714.12099999998,76712.1855201739,76716.05647982607,0.10494918999999996,1.1755481485888595,3.870959652180318
76713.60149999998,76713.60149999996,76711.6660201761,76715.53697982382,0.10494918999999996,1.121027044384391,3.8709596477274317
76713.22649999998,76713.22649999996,76711.29102017825,76715.16197982167,0.10494918999999996,1.0816710981307551,3.870959643420065
76712.75449999998,76712.75449999997,76710.81902018073,76714.6899798192,0.10494918999999996,1.0321350804588292,3.8709596384724136
76712.19749999998,76712.19749999998,76710.26202018077,76714.13297981919,0.10494918999999996,0.9736783816188108,3.870959638414206
76710.605,76710.60499999997,76708.66952018297,76712.54047981696,0.10494918999999996,0.8065467965498101,3.8709596339904238
76709.03099999999,76709.03099999996,76707.09552018516,76710.96647981476,0.10494918999999996,0.6413567714917008,3.8709596295957454
76707.4445,76707.44449999997,76705.50902018735,76709.37997981258,0.10494918999999996,0.4748548815550748,3.870959625230171
76705.9705,76705.97049999997,76704.03502018735,76707.90597981258,0.10494918999999996,0.32015977549599484,3.870959625230171
76704.44200000001,76704.44199999998,76702.50652018738,76706.37747981258,0.10494918999999996,0.1597449385881191,3.870959625201067
76702.82849999999,76702.82849999996,76700.89302018736,76704.76397981256,0.10494918999999996,-0.009590579487849027,3.870959625201067
76701.0915,76701.09149999997,76699.15602018737,76703.02697981257,0.10494918999999996,-0.19188732250768226,3.870959625201067
76699.36349999999,76699.36349999996,76697.42802018736,76701.29897981256,0.10494918999999996,-0.37323952282895334,3.870959625201067
76697.7165,76697.71649999997,76695.78102018737,76699.65197981257,0.10494918999999996,-0.5460908387613017,3.870959625201067
76696.0695,76696.06949999997,76694.13402018737,76698.00497981257,0.10494918999999996,-0.7189421546936501,3.870959625201067
76694.385,76694.38499999997,76692.44952018737,76696.32047981257,0.10494918999999996,-0.8957290652469965,3.870959625201067
76693.237,76693.23699999995,76691.30152020109,76695.17247979881,0.10494918999999996,-1.0162107353680767,3.870959597727051
76691.77299999999,76691.77299999993,76689.83752020374,76693.70847979611,0.10494918999999996,-1.1698563495301642,3.870959592371946
76690.97249999999,76690.97249999993,76689.0370202062,76692.90797979366,0.10494918999999996,-1.253868176121614,3.870959587453399
76690.43049999999,76690.43049999991,76688.4950202107,76692.36597978913,0.10494918999999996,-1.3107506371015916,3.8709595784312114
76689.5195,76689.51949999992,76687.58402021327,76691.45497978658,0.10494918999999996,-1.4063593491882784,3.8709595733089373
76688.79449999999,76688.79449999992,76686.85902021326,76690.72997978657,0.10494918999999996,-1.482447511938517,3.8709595733089373
76688.0305,76688.03049999992,76686.09502021564,76689.9659797842,0.10494918999999996,-1.5626286931073992,3.870959568565013
76687.3805,76687.38049999993,76685.44502021564,76689.31597978421,0.10494918999999996,-1.6308456666010898,3.870959568565013
76686.83050000001,76686.83049999997,76684.8950202161,76688.76597978383,0.10494918999999996,-1.688567721095751,3.870959567721002
76687.54250000001,76687.54249999997,76685.60702021606,76689.47797978387,0.10494918999999996,-1.6138438978232443,3.8709595678083133
76688.1255,76688.12549999995,76686.19002021597,76690.06097978393,0.10494918999999996,-1.552658520056866,3.8709595679538324
76688.78799999999,76688.78799999994,76686.85252021597,76690.72347978392,0.10494918999999996,-1.4831296816846589,3.8709595679538324
76689.4875,76689.48749999996,76687.55202021598,76691.42297978394,0.10494918999999996,-1.4097177232761169,3.8709595679538324
76690.25649999999,76690.25649999994,76688.32102021597,76692.19197978392,0.10494918999999996,-1.3290117961587384,3.8709595679538324
76691.10999999999,76691.10999999994,76689.17452021598,76693.0454797839,0.10494918999999996,-1.2394376625015866,3.8709595679247286
76692.08799999999,76692.08799999995,76690.15252021598,76694.02347978391,0.10494918999999996,-1.1367973546730354,3.8709595679247286
76693.1185,76693.11849999995,76691.183020216,76695.0539797839,0.10494918999999996,-1.0286472143779974,3.870959567895625
76694.23199999999,76694.23199999995,76692.29652023097,76696.16747976892,0.10494918999999996,-0.9117862913117278,3.8709595379477832
76694.762,76694.76199999994,76692.8265202314,76696.69747976848,0.10494918999999996,-0.8561632206110517,3.8709595370746683
76695.75550000001,76695.75549999996,76693.82002023405,76697.69097976586,0.10494918999999996,-0.7518962003523484,3.870959531806875
76696.23000000001,76696.22999999997,76694.29452189004,76698.16547810989,0.10507821999999996,-0.7025158668984659,3.8709562198491767
76696.5925,76696.59249999994,76694.65717013825,76698.52782986163,0.10507821999999996,-0.6644250121462392,3.8706597233831417
76696.8065,76696.80649999995,76694.87117189215,76698.74182810774,0.10507821999999996,-0.6419382730673533,3.8706562155857682
76696.6905,76696.69049999995,76694.75517160515,76698.62582839475,0.10507821999999996,-0.6541273465845734,3.8706567896006163
76696.81550000001,76696.81549999997,76694.88017491027,76698.75082508966,0.10507821999999996,-0.6409925690968521,3.870650179393124
76696.8545,76696.85449999996,76694.91917572793,76698.78982427198,0.10507821999999996,-0.6368945185095072,3.8706485440488905
76696.831,76696.83099999996,76694.89566889526,76698.76633110466,0.10507821999999996,-0.6393638566805748,3.8706622094032355
76696.69350000001,76696.69349999995,76694.75829596801,76698.62870403189,0.11507821999999995,-0.6068771119316807,3.8704080638708547
76696.64950000001,76696.64949999997,76695.80413768074,76697.4948623192,0.11507821999999995,-0.6119405536155682,1.6907246384653263
76696.2125,76696.21249999995,76695.3787471934,76697.0462528065,0.12507821999999996,-0.6426047357526841,1.6675056130916346
76696.0855,76696.08549999996,76695.28547350927,76696.88552649065,0.12507821999999996,-0.6584896696876967,1.6000529813754838
76695.8915,76695.89149999995,76695.13183247938,76696.65116752053,0.12507821999999996,-0.6827548443689011,1.5193350411427673
76695.68500000003,76695.68499999998,76694.92832739241,76696.44167260756,0.12507821999999996,-0.7085834968020208,1.5133452151494566
76695.30650000002,76695.30649999998,76694.60392131838,76696.00907868157,0.12507821999999996,-0.7559256030654069,1.4051573631877545
76694.89700000003,76694.89699999998,76694.23431967355,76695.55968032642,0.12507821999999996,-0.8071451341675129,1.3253606528742239
76694.54550000002,76694.54549999998,76693.89339167807,76695.19760832189,0.12507821999999996,-0.8511101284966571,1.3042166438244749
76694.199,76694.19899999995,76693.55022795354,76694.84777204636,0.12507821999999996,-0.8944497317279456,1.297544092813041
76693.7915,76693.79149999998,76693.12847474207,76694.45452525788,0.12507821999999996,-0.9454191063705366,1.3260505158104934
76693.91,76693.90999999997,76693.24697956523,76694.57302043472,0.12507821999999996,-0.9305973372975131,1.3260408694914076
76693.66,76693.65999999997,76692.98580568869,76694.33419431126,0.12507821999999996,-0.9618668923067162,1.3483886225731112
76692.8865,76692.88649999998,76692.12014464418,76693.65285535577,0.12507821999999996,-1.0586148954753298,1.5327107115881518
76692.48799999998,76692.48799999997,76691.72462104216,76693.25137895778,0.12697805999999998,-1.0847333642304875,1.526757915620692
76691.7365,76691.73649999998,76690.97646244762,76692.49653755235,0.12697805999999998,-1.1801573763077613,1.5200751047232188
76690.98550000001,76690.9855,76690.22150326631,76691.74949673368,0.12720954999999998,-1.2728035633772379,1.527993467374472
76690.23449999999,76690.23449999998,76689.47043581594,76690.99856418402,0.13070245999999996,-1.3300049946265062,1.528128368081525
76689.52050000001,76689.5205,76688.69114921214,76690.34985078785,0.13075670999999997,-1.4228100639447803,1.6587015757104382
76688.81999999999,76688.81999999998,76687.99063275971,76689.64936724024,0.13202326999999997,-1.5032087488943944,1.6587344805302564
76688.21849999999,76688.21849999997,76687.38865923764,76689.04834076231,0.13435187999999998,-1.5634132062114077,1.6596815246739425
76687.61149999998,76687.61149999997,76686.77613923552,76688.44686076442,0.13590428,-1.6362224567710655,1.6707215289061423
76687.0985,76687.09849999998,76686.25953214138,76687.93746785857,0.13693922,-1.702724241418764,1.6779357171908487
76686.5925,76686.59249999998,76685.75316497764,76687.43183502233,0.13729767,-1.7710862051171716,1.6786700446973555
76686.1105,76686.11049999998,76685.26856077045,76686.95243922951,0.13729767,-1.8372636820713524,1.683878459065454
76685.704,76685.70399999998,76684.85678239433,76686.55121760564,0.13729767,-1.8930751849256922,1.6944352113059722
76685.413,76685.41299999999,76684.56052864686,76686.26547135311,0.13729767,-1.9330288068886148,1.7049427062447648
76685.022,76685.02199999998,76684.16680842613,76685.87719157383,0.13729767,-1.9867121958523057,1.7103831476997584
76684.573,76684.57299999999,76683.71521034329,76685.43078965669,0.13729767,-2.0483588496863376,1.7155793134006672
76684.06649999999,76684.06649999997,76683.20870317376,76684.92429682618,0.13729767,-2.1179001195414457,1.7155936524213757
76683.56,76683.55999999998,76682.69971401562,76684.42028598435,0.13729767,-2.187441389396554,1.7205719687335659
76683.111,76683.11099999999,76682.22460806477,76683.9973919352,0.13729767,-2.2490880432305858,1.7727838704304304
76682.60449999999,76682.60449999999,76681.71306602134,76683.49593397863,0.13729762,-2.3186292438185774,1.7828679572849069
76682.60449999999,76682.60449999999,76681.71286379095,76683.49613620903,0.13729762,-2.3186292438185774,1.7832724180771038
76682.8045,76682.8045,76681.89269470911,76683.71630529089,0.13729762,-2.2911697198142065,1.823610581777757
76683.04199999999,76683.04199999999,76682.07851427486,76684.00548572511,0.13729762,-2.2585615350690205,1.9269714502443094
76683.279,76683.279,76682.31528523545,76684.24271476454,0.13729762,-2.2260219991294434,1.9274295290815644
76683.516,76683.516,76682.54269007209,76684.48930992791,0.13729762,-2.1934824631898664,1.946619855822064
76683.717,76683.717,76682.68777030343,76684.74622969658,0.13729762,-2.1658856415597256,2.0584593931562267
76683.919,76683.919,76682.88265267899,76684.955347321,0.13729762,-2.138151522318367,2.0726946420036256
76684.22050000001,76684.22050000001,76683.02489321293,76685.41610678709,0.13729762,-2.0967562898877077,2.3912135741556995
76684.421,76684.421,76683.20950251297,76685.63249748704,0.13729762,-2.069228117077728,2.4229949740692973
76684.5215,76684.5215,76683.29564098195,76685.74735901806,0.13729762,-2.0554297062772093,2.451718036114471
76684.6515,76684.6515,76683.3997768739,76685.90322312611,0.13729762,-2.037581015669275,2.503446252201684
76684.759,76684.759,76683.50693908689,76686.01106091312,0.13729757,-2.0228214279777603,2.504121826234041
76684.8585,76684.8585,76683.6064390935,76686.1105609065,0.13729757,-2.009160319765215,2.504121812991798
76684.95700000001,76684.95700000001,76683.70160419308,76686.21239580694,0.13729757,-1.9956365091202315,2.5107916138658766
76685.155,76685.155,76683.89610379993,76686.41389620007,0.13729757,-1.9684515902627027,2.5177924001473
76685.354,76685.354,76684.09068061227,76686.61731938775,0.13463237,-1.9341572106350213,2.5266387754818425
76685.454,76685.454,76684.11386876002,76686.79413123998,0.13463237,-1.9206939736322965,2.68026247996022
76685.55399999999,76685.55399999999,76684.11525462591,76686.99274537407,0.13463237,-1.9072307366295718,2.8774907481565606
76685.65449999999,76685.65449999999,76684.8235034645,76686.48549653548,0.13463237,-1.8937001834565308,1.6619930709712207
76685.75499999999,76685.75499999999,76684.92611728303,76686.58388271695,0.13463237,-1.880169630268938,1.6577654339198489
76685.855,76685.855,76685.00164138389,76686.7083586161,0.13463237,-1.8667063932662131,1.7067172322131228
76685.95499999999,76685.95499999999,76685.10243285814,76686.80756714183,0.13463237,-1.8532431562634883,1.7051342836930417
76686.056,76686.056,76685.20559124116,76686.90640875883,0.13463237,-1.8396452868910274,1.7008175176742952
76686.256,76686.256,76685.45532064675,76687.05667935323,0.13463237,-1.8127188129001297,1.6013587064808235
76686.73049999999,76686.73049999999,76686.07694710279,76687.38405289719,0.13463228,-1.748835144971963,1.3071057944034692
76687.25149999998,76687.25149999998,76686.59772312907,76687.9052768709,0.13463228,-1.6786917270947015,1.3075537418189924
76687.862,76687.862,76687.18958548547,76688.53441451452,0.13461898,-1.5963874257577118,1.344829029054381
76688.3735,76688.3735,76687.70074149565,76689.04625850436,0.1346187,-1.5275276176689658,1.3455170087108854
76688.8855,76688.8855,76688.21270315739,76689.55829684262,0.13461867,-1.4586026229226263,1.3455936852260493
76689.397,76689.397,76688.7059267642,76690.08807323579,0.13461863999999998,-1.389744968226296,1.3821464715874754
76689.87849999999,76689.87849999999,76687.95988474575,76691.79711525423,0.13461843999999998,-1.3249248227657517,3.83723050847766
76690.3585,76690.3585,76688.4398072744,76692.27719272561,0.13461832999999998,-1.260307325705071,3.837385451217415
76690.771,76690.771,76688.85237153551,76692.68962846448,0.13461821,-1.2047766095056431,3.8372569289640523
76691.18499999998,76691.18499999998,76689.26637180046,76693.1036281995,0.13461821,-1.1490446705574868,3.8372563990415074
76691.59949999998,76691.59949999998,76689.68062679218,76693.51837320779,0.13461821,-1.093245422525797,3.8377464156073984
76692.01249999998,76692.01249999998,76690.09365615436,76693.9313438456,0.13461816,-1.0376478909165598,3.837687691237079
76692.52449999998,76692.52449999998,76690.60565819217,76694.4433418078,0.13461803,-0.9687229112751083,3.8376836156239733
76693.03649999999,76693.03649999999,76691.11770049352,76694.95529950646,0.13461794,-0.8997981925058411,3.837599012942519
76693.54849999999,76693.54849999999,76691.62977806288,76695.4672219371,0.13461794,-0.8308738072228152,3.83744387421757
76694.06,76694.06,76692.14113827303,76695.97886172697,0.13461792,-0.7620166875130963,3.8377234539366327
76694.57149999999,76694.57149999999,76692.65267140704,76696.49032859295,0.13456367,-0.6930696478084428,3.8376571859116666
76695.083,76695.083,76693.16446497473,76697.00153502527,0.13456354,-0.624240181496134,3.8370700505329296
76695.59349999999,76695.59349999999,76693.67496502772,76697.51203497226,0.13456345,-0.5555454370478401,3.837069944536779
76696.0055,76696.0055,76694.08700809132,76697.92399190868,0.13456345,-0.5001052956504282,3.8369838173675817
76696.14249999999,76696.14249999999,76694.22377185021,76698.06122814976,0.12456345,-0.48079510300885886,3.8374562995450106
76696.23199999999,76696.23199999999,76694.44161909157,76698.02238090841,0.12456339000000001,-0.4696466743334895,3.580761816847371
76696.23199999999,76696.23199999999,76694.44161632893,76698.02238367105,0.12442687000000001,-0.46964694737107493,3.5807673421222717
76696.23199999999,76696.23199999999,76694.44053543208,76698.0234645679,0.12442684000000001,-0.4696469474292826,3.582929135824088
76696.23199999999,76696.23199999999,76694.44044813003,76698.02355186995,0.1244268,-0.4696469475165941,3.5831037399184424
76696.23199999999,76696.23199999999,76694.44027013636,76698.02372986362,0.12442673,-0.4696469476475613,3.5834597272623796
76696.2325,76696.2325,76694.44077023782,76698.02422976217,0.12442673,-0.46958473428094294,3.5834595243504737
76696.2325,76696.2325,76694.4407033777,76698.0242966223,0.12442667,-0.4695847344264621,3.5835932446061634
76696.2325,76696.2325,76694.46980192092,76697.99519807908,0.12442654,-0.4695847347466042,3.5253961581620388
76696.2325,76696.2325,76694.47007804074,76697.99492195925,0.12442654,-0.4695847347466042,3.52484391850885
76696.23199999999,76696.23199999999,76694.48243966626,76697.98156033372,0.12442642,-0.46964694825874176,3.4991206674603745
76696.23199999999,76696.23199999999,76694.55207983722,76697.91192016276,0.12440954,-0.4696469820191851,3.3598403255455196
76696.23199999999,76696.23199999999,76694.5576261997,76697.90637380027,0.12440954,-0.4696469820191851,3.3487476005684584
76696.23199999999,76696.23199999999,76694.58176668166,76697.88223331832,0.12440954,-0.4696469820191851,3.30046663666144
76696.23199999999,76696.23199999999,76694.63795533926,76697.82604466072,0.12440954,-0.4696469820191851,3.188089321454754
76696.23199999999,76696.23199999999,76694.6392918253,76697.82470817468,0.12440954,-0.4696469820191851,3.185416349384468
76696.23199999999,76696.23199999999,76694.64128595294,76697.82271404704,0.12440954,-0.4696469820191851,3.1814280941034667
76696.23199999999,76696.23199999999,76694.6437521259,76697.82024787407,0.12440954,-0.4696469820191851,3.176495748164598
76696.2325,76696.2325,76694.64425265657,76697.82074734343,0.12440954,-0.4695847772527486,3.1764946868643165
76696.23199999999,76696.23199999999,76694.6392829672,76697.82471703278,0.12440954,-0.4696469820191851,3.185434065584559
76696.2325,76696.2325,76694.64119754864,76697.82380245136,0.12440954,-0.4695847772527486,3.1826049027149566
76696.2325,76696.2325,76694.66510232598,76697.79989767402,0.12440954,-0.4695847772527486,3.1347953480435535
76696.2325,76696.2325,76694.63578864015,76697.82921135984,0.12440954,-0.4695847772527486,3.193422719690716
76696.2325,76696.2325,76694.6357887516,76697.82921124839,0.12440954,-0.4695847772527486,3.1934224967844784
76696.2325,76696.2325,76694.63612059715,76697.82887940285,0.12440954,-0.4695847772527486,3.192758805700578
76696.2325,76696.2325,76694.6382687517,76697.8267312483,0.12440954,-0.4695847772527486,3.1884624965896364
76696.2325,76696.2325,76694.69550237169,76697.76949762831,0.12440954,-0.4695847772527486,3.0739952566218562
76696.2325,76696.2325,76694.69644877622,76697.76855122378,0.12440954,-0.4695847772527486,3.072102447564248
76696.2325,76696.2325,76694.69936043501,76697.76563956498,0.12440954,-0.4695847772527486,3.066279129969189
76696.23199999999,76696.23199999999,76694.78530376709,76697.67869623289,0.12440954,-0.4696469820191851,2.8933924658049364
76696.2325,76696.2325,76695.51934786225,76696.94565213774,0.12440954,-0.4695847772527486,1.4263042754901107
76696.2325,76696.2325,76695.52802739403,76696.93697260597,0.12440954,-0.4695847772527486,1.4089452119369525
76696.2325,76696.2325,76695.51037938849,76696.9546206115,0.12440954,-0.4695847772527486,1.4442412230127957
76696.2325,76696.2325,76695.51069990573,76696.95430009426,0.12440954,-0.4695847772527486,1.4436001885333098
76696.23199999999,76696.23199999999,76695.50552869828,76696.9584713017,0.12440954,-0.4696469820191851,1.4529426034132484
76696.2325,76696.2325,76695.50602821517,76696.95897178483,0.12440954,-0.4695847772527486,1.4529435696604196
76696.2325,76696.2325,76695.51465669004,76696.95034330996,0.12440954,-0.4695847772527486,1.4356866199232172
76696.233,76696.233,76695.51516128884,76696.95083871114,0.12440954,-0.4695225724717602,1.4356774222978856
76696.233,76696.233,76695.51682135709,76696.9491786429,0.12440954,-0.4695225724717602,1.4323572858120315
76696.233,76696.233,76695.55080654711,76696.91519345288,0.12440954,-0.4695225724717602,1.364386905770516
76696.233,76696.233,76695.321313714,76697.14468628599,0.12440954,-0.4695225724717602,1.823372571991058
76696.2335,76696.2335,76695.2757885182,76697.1912114818,0.12440954,-0.46946036770532373,1.9154229635896627
76696.2335,76696.2335,76695.28777861976,76697.17922138024,0.12440954,-0.46946036770532373,1.8914427604759112
76696.234,76696.234,76695.288280684,76697.17971931599,0.12440954,-0.46939816293888725,1.8914386319811456
76696.234,76696.234,76695.33367147272,76697.13432852727,0.12440954,-0.46939816293888725,1.8006570545549039
76696.23449999999,76696.23449999999,76695.10243008993,76697.36656991005,0.12440954,-0.4693359581724508,2.2641398201230913
76696.234,76696.234,76695.13114319187,76697.33685680812,0.12440954,-0.46939816293888725,2.2057136162475217
76696.234,76696.234,76695.13229422395,76697.33570577604,0.12440954,-0.46939816293888725,2.2034115520946216
76696.234,76696.234,76695.13229592594,76697.33570407405,0.12440954,-0.46939816293888725,2.2034081481106114
76696.234,76696.234,76695.13229741588,76697.33570258411,0.12440954,-0.46939816293888725,2.2034051682276186
76696.2335,76696.2335,76694.98493178737,76697.48206821263,0.12440954,-0.46946036770532373,2.4971364252560306
76696.234,76696.234,76694.41963736613,76698.04836263387,0.12440954,-0.46939816293888725,3.6287252677429933
76696.234,76696.234,76694.4176412364,76698.05035876359,0.12440954,-0.46939816293888725,3.6327175271871965
76696.234,76696.234,76694.38447623198,76698.08352376801,0.12440954,-0.46939816293888725,3.6990475360362325
76696.234,76696.234,76694.3845304138,76698.0834695862,0.12440954,-0.46939816293888725,3.6989391724055167
76696.2335,76696.2335,76694.4084066324,76698.0585933676,0.12440954,-0.46946036770532373,3.6501867352053523
76696.2335,76696.2335,76694.40844768276,76698.05855231725,0.12440954,-0.46946036770532373,3.650104634492891
76696.233,76696.233,76694.41230272448,76698.0536972755,0.12440954,-0.4695225724717602,3.6413945510284975
76696.2325,76696.2325,76694.4252672715,76698.0397327285,0.12440954,-0.4695847772527486,3.6144654570089187
76696.2325,76696.2325,76694.42524496945,76698.03975503055,0.12440954,-0.4695847772527486,3.6145100611029193
76696.23199999999,76696.23199999999,76694.42549864727,76698.03850135271,0.12440954,-0.4696469820191851,3.613002705445979
76696.2315,76696.2315,76694.42497622126,76698.03802377873,0.12440954,-0.46970918678562157,3.613047557475511
76696.2315,76696.2315,76694.42077783126,76698.04222216873,0.12440954,-0.46970918678562157,3.621444337477442
76696.2315,76696.2315,76694.41030441628,76698.05269558371,0.12440954,-0.46970918678562157,3.6423911674355622
76696.23199999999,76696.23199999999,76694.38564030846,76698.07835969151,0.12440954,-0.4696469820191851,3.692719383048825
76696.2315,76696.2315,76694.37770584851,76698.08529415147,0.12440954,-0.46970918678562157,3.707588302961085
76696.23199999999,76696.23199999999,76694.37821623933,76698.08578376065,0.12440954,-0.4696469820191851,3.7075675213127397
76696.23199999999,76696.23199999999,76694.37488750536,76698.08911249462,0.12440954,-0.4696469820191851,3.7142249892640393
76696.23199999999,76696.23199999999,76694.37490148596,76698.08909851401,0.12440954,-0.4696469820191851,3.7141970280499663
76696.23199999999,76696.23199999999,76694.40023443561,76698.06376556437,0.12440954,-0.4696469820191851,3.663531128753675
76696.23199999999,76696.23199999999,76694.40715551485,76698.05684448512,0.12440954,-0.4696469820191851,3.649688970268471
76696.2315,76696.2315,76694.44196359704,76698.02103640295,0.12440954,-0.46970918678562157,3.5790728059073444
76696.2315,76696.2315,76694.44196099402,76698.02103900597,0.12440954,-0.46970918678562157,3.579078011942329
76696.2315,76696.2315,76694.44195579091,76698.02104420908,0.12440954,-0.46970918678562157,3.579088418162428
76696.23199999999,76696.23199999999,76694.43468185431,76698.02931814567,0.12440954,-0.4696469820191851,3.594636291352799
76696.23199999999,76696.23199999999,76694.43059837539,76698.03340162459,0.12440954,-0.4696469820191851,3.6028032492031343
76696.23199999999,76696.23199999999,76694.43063147936,76698.03336852061,0.12440954,-0.4696469820191851,3.6027370412484743
76696.23199999999,76696.23199999999,76694.43141500761,76698.03258499237,0.12440954,-0.4696469820191851,3.6011699847585987
76696.2325,76696.2325,76694.43191500762,76698.03308499238,0.12440954,-0.4695847772527486,3.6011699847585987
76696.2325,76696.2325,76694.40888287341,76698.05611712659,0.12440954,-0.4695847772527486,3.647234253177885
76696.2325,76696.2325,76694.40882503462,76698.05617496537,0.12440954,-0.4695847772527486,3.6473499307467137
76696.233,76696.233,76694.41257553238,76698.05342446761,0.12440954,-0.4695225724717602,3.6408489352324978
76696.233,76696.233,76694.40654690561,76698.05945309438,0.12440954,-0.4695225724717602,3.65290618877043
76696.2325,76696.2325,76694.40604272402,76698.05895727598,0.12440954,-0.4695847772527486,3.6529145519598387
76696.2325,76696.2325,76694.36508739651,76698.09991260349,0.12440954,-0.4695847772527486,3.7348252069787122
76696.2325,76696.2325,76694.36476344353,76698.10023655646,0.12440954,-0.4695847772527486,3.7354731129307766
76696.23199999999,76696.23199999999,76694.3662035222,76698.09779647778,0.12440954,-0.4696469820191851,3.7315929555916227
76696.2325,76696.2325,76694.36670573136,76698.09829426864,0.12440954,-0.4695847772527486,3.7315885372809134
76696.2325,76696.2325,76694.36514911173,76698.09985088826,0.12440954,-0.4695847772527486,3.7347017765277997
76696.2325,76696.2325,76694.3736429823,76698.09135701769,0.12440954,-0.4695847772527486,3.7177140353887808
76696.233,76696.233,76694.3741139297,76698.09188607028,0.12440954,-0.4695225724717602,3.717772140575107
76696.233,76696.233,76694.36728171352,76698.09871828646,0.12440954,-0.4695225724717602,3.731436572939856
76696.233,76696.233,76694.36932625218,76698.0966737478,0.12440954,-0.4695225724717602,3.7273474956164137
76696.2335,76696.2335,76694.36985127616,76698.09714872384,0.12440954,-0.46946036770532373,3.72729744768003
76696.233,76696.233,76694.3737328728,76698.09226712718,0.12440954,-0.4695225724717602,3.718534254381666
76696.2335,76696.2335,76694.37423046559,76698.09276953441,0.12440954,-0.46946036770532373,3.7185390688246116
76696.234,76696.234,76694.3771638884,76698.09083611159,0.12440954,-0.46939816293888725,3.7136722231807653
76696.234,76696.234,76694.3766574019,76698.0913425981,0.12440954,-0.46939816293888725,3.714685196202481
76696.234,76696.234,76694.37665246437,76698.09134753562,0.12440954,-0.46939816293888725,3.7146950712485705
76696.234,76696.234,76694.35810827096,76698.10989172904,0.12440954,-0.46939816293888725,3.7517834580794442
76696.23449999999,76696.23449999999,76694.35861016609,76698.11038983389,0.12440954,-0.4693359581724508,3.7517796678002924
76696.234,76696.234,76694.35398781288,76698.11401218711,0.12440954,-0.46939816293888725,3.76002437423449
76696.234,76696.234,76694.35465467224,76698.11334532776,0.12440954,-0.46939816293888725,3.758690655522514
76696.23449999999,76696.23449999999,76694.3551528848,76698.11384711518,0.12440954,-0.4693359581724508,3.758694230375113
76696.23449999999,76696.23449999999,76694.3549940996,76698.11400590038,0.12440954,-0.4693359581724508,3.7590118007792626
76696.23449999999,76696.23449999999,76694.30947796887,76698.15952203111,0.12440954,-0.4693359581724508,3.850044062244706
76696.23449999999,76696.23449999999,76694.30946710863,76698.15953289135,0.12440954,-0.4693359581724508,3.850065782724414
76696.23449999999,76696.23449999999,76694.30946513402,76698.15953486596,0.12440954,-0.4693359581724508,3.850069731939584
76696.23449999999,76696.23449999999,76694.3067548551,76698.16224514488,0.12440954,-0.4693359581724508,3.855490289774025
76696.23449999999,76696.23449999999,76694.30675436286,76698.16224563713,0.12440954,-0.4693359581724508,3.8554912742692977
76696.234,76696.234,76694.30625731638,76698.16174268362,0.12440954,-0.46939816293888725,3.855485367239453
76696.23449999999,76696.23449999999,76694.30675682412,76698.16224317586,0.12440954,-0.4693359581724508,3.8554863517347258
76696.23449999999,76696.23449999999,76694.3067081123,76698.16229188768,0.12440954,-0.4693359581724508,3.855583775381092
76696.234,76696.234,76694.30620371233,76698.16179628766,0.12440954,-0.46939816293888725,3.855592575331684
76696.234,76696.234,76694.30909403224,76698.15890596775,0.12440954,-0.46939816293888725,3.8498119355062954
76696.2335,76696.2335,76694.3088548632,76698.15814513681,0.12440954,-0.46946036770532373,3.849290273617953
76696.233,76696.233,76694.30835178586,76698.15764821412,0.12440954,-0.4695225724717602,3.8492964282631874
76696.2335,76696.2335,76694.30896070908,76698.15803929092,0.12440954,-0.46946036770532373,3.8490785818430595
76696.2335,76696.2335,76694.30795658364,76698.15904341637,0.12440954,-0.46946036770532373,3.8510868327284697
76696.234,76696.234,76694.30844516709,76698.1595548329,0.12440954,-0.46939816293888725,3.8511096658185124
76696.234,76696.234,76694.30709806393,76698.16090193606,0.12440954,-0.46939816293888725,3.853803872130811
76696.23449999999,76696.23449999999,76694.3018997774,76698.16710022258,0.12440954,-0.4693359581724508,3.865200445172377
76696.235,76696.235,76694.30211192623,76698.16788807377,0.12440954,-0.4692737533914624,3.8657761475478765
76696.23449999999,76696.23449999999,76694.30159664668,76698.1674033533,0.12440954,-0.4693359581724508,3.8658067066280637
76696.234,76696.234,76694.30109952317,76698.16690047682,0.12440954,-0.46939816293888725,3.8658009536447935
76696.234,76696.234,76694.30111207358,76698.16688792642,0.12440954,-0.46939816293888725,3.8657758528424893
76696.23449999999,76696.23449999999,76694.30160712333,76698.16739287665,0.12440954,-0.4693359581724508,3.8657857533253264
76696.234,76696.234,76694.30108876407,76698.16691123592,0.12440954,-0.46939816293888725,3.86582247185288
76696.23449999999,76696.23449999999,76694.30158917651,76698.16741082347,0.12440954,-0.4693359581724508,3.8658216469630133
76696.235,76696.235,76694.30215441322,76698.16784558678,0.12440954,-0.4692737533914624,3.8656911735597532
76696.2355,76696.2355,76694.30262899637,76698.16837100362,0.12440954,-0.4692115486250259,3.8657420072413515
76696.235,76696.235,76694.30210978785,76698.16789021215,0.12440954,-0.4692737533914624,3.8657804242975544
76696.235,76696.235,76694.30214321615,76698.16785678385,0.12440954,-0.4692737533914624,3.865713567705825
76696.2355,76696.2355,76694.30264951127,76698.16835048872,0.12440954,-0.4692115486250259,3.865700977446977
76696.2355,76696.2355,76694.30259197987,76698.16840802012,0.12440954,-0.4692115486250259,3.865816040255595
76696.2355,76696.2355,76694.30259601874,76698.16840398125,0.12440954,-0.4692115486250259,3.8658079625165556
76696.236,76696.236,76694.30309025913,76698.16890974088,0.12440954,-0.4691493438585894,3.8658194817544427
76696.236,76696.236,76694.3030428249,76698.1689571751,0.12440954,-0.4691493438585894,3.86591435020091
76696.2355,76696.2355,76694.30252479174,76698.16847520825,0.12440954,-0.4692115486250259,3.865950416511623
76696.235,76696.235,76694.30202239277,76698.16797760723,0.12440954,-0.4692737533914624,3.865955214452697
76696.23449999999,76696.23449999999,76694.30152399442,76698.16747600556,0.12440954,-0.4693359581724508,3.8659520111395977
76696.234,76696.234,76694.30111277314,76698.16688722685,0.12440954,-0.46939816293888725,3.865774453704944
76696.2335,76696.2335,76694.30061235823,76698.16638764177,0.12440954,-0.46946036770532373,3.8657752835424617
76696.2335,76696.2335,76694.3006111157,76698.1663888843,0.12440954,-0.46946036770532373,3.865777768602129
76696.2335,76696.2335,76694.3006365618,76698.1663634382,0.12440954,-0.46946036770532373,3.8657268763927277
76696.234,76696.234,76694.30114033424,76698.16685966575,0.12440954,-0.46939816293888725,3.86571933151572
76696.234,76696.234,76694.30115064133,76698.16684935866,0.12440954,-0.46939816293888725,3.8656987173308153
76696.234,76696.234,76694.30115122275,76698.16684877724,0.12440954,-0.46939816293888725,3.8656975544872694
76696.2335,76696.2335,76694.3006524891,76698.16634751091,0.12440954,-0.46946036770532373,3.8656950218137354
76696.2335,76696.2335,76694.30521635644,76698.16178364356,0.12440954,-0.46946036770532373,3.8565672871191055
76696.233,76696.233,76694.30442080945,76698.16157919054,0.12440954,-0.4695225724717602,3.857158381084446
76696.2335,76696.2335,76694.30503228784,76698.16196771216,0.12440954,-0.46946036770532373,3.856935424322728
76696.234,76696.234,76694.30550168475,76698.16249831524,0.12440954,-0.46939816293888725,3.856996630493086
76696.234,76696.234,76694.30549895612,76698.16250104387,0.12440954,-0.46939816293888725,3.8570020877523348
76696.234,76696.234,76694.30486129234,76698.16313870765,0.12440954,-0.46939816293888725,3.8582774153037462
76696.234,76696.234,76694.3130364995,76698.15496350049,0.12440954,-0.46939816293888725,3.841927000990836
76696.2335,76696.2335,76694.31254375447,76698.15445624554,0.12440954,-0.46946036770532373,3.841912491072435
76696.2335,76696.2335,76694.31254556762,76698.15445443238,0.12440954,-0.46946036770532373,3.841908864764264
76696.2335,76696.2335,76694.31264314505,76698.15435685495,0.12440954,-0.46946036770532373,3.841713709902251
76696.2335,76696.2335,76694.31264771217,76698.15435228783,0.12440954,-0.46946036770532373,3.8417045756650623
76696.2335,76696.2335,76694.31264406354,76698.15435593647,0.12440954,-0.46946036770532373,3.8417118729266804
76696.2335,76696.2335,76694.31264771541,76698.15435228459,0.12440954,-0.46946036770532373,3.841704569174908
76696.2335,76696.2335,76694.3128199437,76698.1541800563,0.12440954,-0.46946036770532373,3.841360112593975
76696.2335,76696.2335,76694.31282086698,76698.15417913302,0.12440954,-0.46946036770532373,3.841358266043244
76696.234,76696.234,76694.30833472437,76698.15966527563,0.12440954,-0.46939816293888725,3.8513305512606166
76696.234,76696.234,76694.30830522596,76698.15969477403,0.12440954,-0.46939816293888725,3.851389548071893
76696.2335,76696.2335,76694.30769878635,76698.15930121366,0.12440954,-0.46946036770532373,3.851602427312173
76696.234,76696.234,76694.30819878924,76698.15980121076,0.12440954,-0.46939816293888725,3.8516024215205107
76696.234,76696.234,76694.30941042461,76698.15858957538,0.12440954,-0.46939816293888725,3.849179150769487
76696.2335,76696.2335,76694.3089579054,76698.1580420946,0.12440954,-0.46946036770532373,3.849084189190762
76696.2335,76696.2335,76694.30925042735,76698.15774957265,0.12440954,-0.46946036770532373,3.8484991453005932
76696.233,76696.233,76694.31466575111,76698.15133424888,0.12440954,-0.4695225724717602,3.836668497766368
76696.2325,76696.2325,76694.32087639639,76698.1441236036,0.12440954,-0.4695847772527486,3.823247207212262
76696.2325,76696.2325,76694.3214351658,76698.1435648342,0.12440954,-0.4695847772527486,3.822129668405978
76696.2325,76696.2325,76694.31258871708,76698.15241128292,0.12440954,-0.4695847772527486,3.8398225658456795
76696.2325,76696.2325,76694.31258580858,76698.15241419141,0.12440954,-0.4695847772527486,3.839828382828273
76696.2325,76696.2325,76694.48546615953,76697.97953384047,0.12440954,-0.4695847772527486,3.494067680934677
76696.23199999999,76696.23199999999,76694.48757172789,76697.97642827209,0.12440954,-0.4696469820191851,3.4888565441942774
76696.2325,76696.2325,76694.4880717279,76697.9769282721,0.12440954,-0.4695847772527486,3.4888565441942774
76696.233,76696.233,76694.48815110298,76697.977848897,0.12440954,-0.4695225724717602,3.4896977940225042
76696.233,76696.233,76694.48925899055,76697.97674100944,0.12440954,-0.4695225724717602,3.4874820188852027
76696.233,76696.233,76694.49150359137,76697.97449640861,0.12440954,-0.4695225724717602,3.4829928172403015
76696.2335,76696.2335,76694.49198973537,76697.97501026464,0.12440954,-0.46946036770532373,3.483020529267378
76696.234,76696.234,76694.43350577558,76698.03449422441,0.12440954,-0.46939816293888725,3.6009884488303214
76696.234,76696.234,76694.43571367726,76698.03228632273,0.12440954,-0.46939816293888725,3.5965726454742253
76696.234,76696.234,76694.43499625326,76698.03300374674,0.12440954,-0.46939816293888725,3.5980074934777804
76696.234,76696.234,76694.41667491708,76698.05132508291,0.12440954,-0.46939816293888725,3.634650165826315
76696.234,76696.234,76694.42017102156,76698.04782897844,0.12440954,-0.46939816293888725,3.6276579568802845
76696.234,76696.234,76694.41900094696,76698.04899905303,0.12440954,-0.46939816293888725,3.6299981060728896
76696.234,76696.234,76694.4190075976,76698.0489924024,0.12440954,-0.46939816293888725,3.6299848048074637
76696.234,76696.234,76694.41901591011,76698.04898408988,0.12440954,-0.46939816293888725,3.629968179768184
76696.234,76696.234,76694.41902255845,76698.04897744155,0.12440954,-0.46939816293888725,3.6299548831011634
76696.234,76696.234,76694.4190236689,76698.04897633109,0.12440954,-0.46939816293888725,3.6299526621878613
76696.2335,76696.2335,76694.41851979283,76698.04848020717,0.12440954,-0.46946036770532373,3.6299604143423494
76696.2335,76696.2335,76694.41852865725,76698.04847134276,0.12440954,-0.46946036770532373,3.629942685511196
76696.234,76696.234,76694.41903032147,76698.04896967852,0.12440954,-0.46939816293888725,3.629939357051626
76696.23449999999,76696.23449999999,76694.41316944927,76698.05583055071,0.12440954,-0.4693359581724508,3.64266110144672
76696.23449999999,76696.23449999999,76694.40733418918,76698.0616658108,0.12440954,-0.4693359581724508,3.654331621626625
76696.234,76696.234,76694.40684869762,76698.06115130238,0.12440954,-0.46939816293888725,3.6543026047584135
76696.234,76696.234,76694.40183617691,76698.06616382308,0.12440954,-0.46939816293888725,3.664327646169113
76696.234,76696.234,76694.40740344678,76698.06059655322,0.12440954,-0.46939816293888725,3.653193106438266
76696.23449999999,76696.23449999999,76694.40791031426,76698.06108968573,0.12440954,-0.4693359581724508,3.6531793714675587
76696.234,76696.234,76694.39470020511,76698.07329979488,0.12440954,-0.46939816293888725,3.678599589766236
76696.234,76696.234,76694.39472590384,76698.07327409615,0.12440954,-0.46939816293888725,3.678548192314338
76696.2335,76696.2335,76694.39450158563,76698.07249841437,0.12440954,-0.46946036770532373,3.6779968287446536
76696.2335,76696.2335,76694.3944893638,76698.07251063621,0.12440954,-0.46946036770532373,3.67802127241157
76696.2335,76696.2335,76694.3940168453,76698.0729831547,0.12440954,-0.46946036770532373,3.6789663094095886
76696.233,76696.233,76694.39351637723,76698.07248362276,0.12440954,-0.4695225724717602,3.678967245534295
76696.2335,76696.2335,76694.39414061954,76698.07285938047,0.12440954,-0.46946036770532373,3.678718760929769
76696.2335,76696.2335,76694.39404362913,76698.07295637087,0.12440954,-0.46946036770532373,3.678912741743261
76696.2335,76696.2335,76694.3940440973,76698.07295590271,0.12440954,-0.46946036770532373,3.6789118054148275
76696.2335,76696.2335,76694.39404503586,76698.07295496414,0.12440954,-0.46946036770532373,3.6789099282759707
76696.234,76696.234,76694.39454971958,76698.07345028041,0.12440954,-0.46939816293888725,3.6789005608297884
76696.23449999999,76696.23449999999,76694.39286630474,76698.07613369524,0.12440954,-0.4693359581724508,3.683267390500987
76696.23449999999,76696.23449999999,76694.3926467626,76698.07635323738,0.12440954,-0.4693359581724508,3.683706474781502
76696.23449999999,76696.23449999999,76694.39276740751,76698.07623259247,0.12440954,-0.4693359581724508,3.6834651849640068
76696.234,76696.234,76694.39225432555,76698.07574567445,0.12440954,-0.46939816293888725,3.6834913489001337
76696.234,76696.234,76694.39225661507,76698.07574338492,0.12440954,-0.46939816293888725,3.683486769848969
76696.23449999999,76696.23449999999,76694.39614459105,76698.07285540893,0.12440954,-0.4693359581724508,3.6767108178755734
76696.23449999999,76696.23449999999,76694.39553946088,76698.0734605391,0.12440954,-0.4693359581724508,3.6779210782260634
76696.23449999999,76696.23449999999,76694.3954900671,76698.07350993289,0.12440954,-0.4693359581724508,3.67801986579434
76696.234,76696.234,76694.3924579348,76698.0755420652,0.12440954,-0.46939816293888725,3.6830841304035857
76696.234,76696.234,76694.39245699446,76698.07554300553,0.12440954,-0.46939816293888725,3.683086011064006
76696.2335,76696.2335,76694.39195133977,76698.07504866023,0.12440954,-0.46946036770532373,3.6830973204632755
76696.234,76696.234,76694.41349731378,76698.05450268621,0.12440954,-0.46939816293888725,3.641005372424843
76696.2335,76696.2335,76694.41180945664,76698.05519054337,0.12440954,-0.46946036770532373,3.6433810867310967
76696.2335,76696.2335,76694.29850121475,76698.16849878525,0.12440954,-0.46946036770532373,3.8699975704948884
76696.2335,76696.2335,76694.29850617552,76698.16849382449,0.12440954,-0.46946036770532373,3.869987648969982
76696.233,76696.233,76694.29800803748,76698.1679919625,0.12440954,-0.4695225724717602,3.8699839250184596
76696.233,76696.233,76694.30246036546,76698.16353963452,0.12440954,-0.4695225724717602,3.861079269059701
76696.233,76696.233,76694.3025164061,76698.16348359389,0.12440954,-0.4695225724717602,3.860967187792994
76696.2335,76696.2335,76694.30302395715,76698.16397604285,0.12440954,-0.46946036770532373,3.8609520856989548
76696.233,76696.233,76694.30248683393,76698.16351316606,0.12440954,-0.4695225724717602,3.861026332131587
76696.2325,76696.2325,76694.30866051679,76698.1563394832,0.12440954,-0.4695847772527486,3.8476789664127864
76696.2325,76696.2325,76694.32417803779,76698.14082196221,0.12440954,-0.4695847772527486,3.8166439244232606
76696.2325,76696.2325,76694.32438679558,76698.14061320442,0.12440954,-0.4695847772527486,3.816226408845978
76696.2325,76696.2325,76694.32989544916,76698.13510455083,0.12440954,-0.4695847772527486,3.805209101672517
76696.2325,76696.2325,76694.32987180831,76698.13512819169,0.12440954,-0.4695847772527486,3.8052563833771273
76696.23199999999,76696.23199999999,76694.33121914549,76698.13278085449,0.12440954,-0.4696469820191851,3.8015617089986335
76696.2315,76696.2315,76694.3625965579,76698.10040344209,0.12440954,-0.46970918678562157,3.73780688419356
76696.2315,76696.2315,76694.36258770821,76698.10041229178,0.12440954,-0.46970918678562157,3.737824583571637
76696.2315,76696.2315,76694.36257664954,76698.10042335045,0.12440954,-0.46970918678562157,3.7378467009111773
76696.2315,76696.2315,76694.36257886198,76698.100421138,0.12440954,-0.46970918678562157,3.7378422760230023
76696.2315,76696.2315,76694.36257554997,76698.10042445002,0.12440954,-0.46970918678562157,3.7378489000548143
76696.2315,76696.2315,76694.36255674624,76698.10044325374,0.12440954,-0.46970918678562157,3.7378865075006615
76696.2315,76696.2315,76694.36250146372,76698.10049853627,0.12440954,-0.46970918678562157,3.737997072545113
76696.23199999999,76696.23199999999,76694.37130926087,76698.09269073911,0.12440954,-0.4696469820191851,3.7213814782444388
76696.23199999999,76696.23199999999,76694.3804639424,76698.08353605757,0.12440954,-0.4696469820191851,3.7030721151677426
76696.23199999999,76696.23199999999,76694.3804417424,76698.08355825758,0.12440954,-0.4696469820191851,3.703116515185684
76696.23199999999,76696.23199999999,76694.38046255716,76698.08353744281,0.12440954,-0.4696469820191851,3.7030748856486753
76696.23199999999,76696.23199999999,76694.38072279177,76698.0832772082,0.12440954,-0.4696469820191851,3.702554416435305
76696.2315,76696.2315,76694.89915737347,76697.56384262652,0.12440954,-0.46970918678562157,2.6646852530539036
76696.2315,76696.2315,76695.32465003457,76697.13834996542,0.12440954,-0.46970918678562157,1.8136999308480881
76696.2315,76696.2315,76695.3282204827,76697.13477951729,0.12440954,-0.46970918678562157,1.8065590345941018
76696.2315,76696.2315,76695.310813516,76697.15218648399,0.12440954,-0.46970918678562157,1.8413729679887183
76696.231,76696.231,76695.30679079265,76697.15520920735,0.12440954,-0.46977139155205805,1.8484184147091582
76696.231,76696.231,76695.2689609254,76697.1930390746,0.12440954,-0.46977139155205805,1.9240781491971575
76696.231,76696.231,76694.92777326326,76697.53422673674,0.12440954,-0.46977139155205805,2.6064534734759945
76696.231,76696.231,76694.92777846823,76697.53422153177,0.12440954,-0.46977139155205805,2.6064430635306053
76696.2315,76696.2315,76694.9190268582,76697.54397314179,0.12440954,-0.46970918678562157,2.624946283583995
76696.23199999999,76696.23199999999,76695.43280584975,76697.03119415023,0.12440954,-0.4696469820191851,1.5983883004810195
76696.23199999999,76696.23199999999,76695.43998621602,76697.02401378396,0.12440954,-0.4696469820191851,1.5840275679365732
76696.23199999999,76696.23199999999,76695.4399908109,76697.02400918907,0.12440954,-0.4696469820191851,1.5840183781692758
76696.23199999999,76696.23199999999,76695.36483422288,76697.0991657771,0.12440954,-0.4696469820191851,1.7343315542093478
76696.2315,76696.2315,76695.35624143996,76697.10675856002,0.12440954,-0.46970918678562157,1.7505171200609766
76696.2315,76696.2315,76695.35624369295,76697.10675630704,0.12440954,-0.46970918678562157,1.75051261408953
76696.231,76696.231,76695.32556172732,76697.13643827268,0.12440954,-0.46977139155205805,1.8108765453507658
76696.231,76696.231,76695.22362749436,76697.23837250564,0.12440954,-0.46977139155205805,2.014745011285413
76696.231,76696.231,76695.22362785133,76697.23837214867,0.12440954,-0.46977139155205805,2.014744297339348
76696.231,76696.231,76695.20285302437,76697.25914697563,0.12440954,-0.46977139155205805,2.056293951260159
76696.231,76696.231,76695.20116721651,76697.26083278349,0.12440954,-0.46977139155205805,2.0596655669796746
76696.231,76696.231,76695.20116297976,76697.26083702024,0.12440954,-0.46977139155205805,2.0596740404726006
76696.2315,76696.2315,76695.20166686345,76697.26133313654,0.12440954,-0.46970918678562157,2.059666273096809
76696.2315,76696.2315,76695.20516058076,76697.25783941922,0.12440954,-0.46970918678562157,2.052678838459542
76696.2315,76696.2315,76695.15218220376,76697.31081779623,0.12440954,-0.46970918678562157,2.158635592466453
76696.2315,76696.2315,76695.12195139118,76697.34104860881,0.12440954,-0.46970918678562157,2.219097217632225
76696.2315,76696.2315,76695.12067305674,76697.34232694325,0.12440954,-0.46970918678562157,2.2216538865177426
76696.2315,76696.2315,76695.1193965376,76697.34360346239,0.12440954,-0.46970918678562157,2.2242069247877225
76696.2315,76696.2315,76694.98064712345,76697.48235287654,0.12440954,-0.46970918678562157,2.5017057530931197
76696.231,76696.231,76694.72951710141,76697.73248289859,0.12440954,-0.46977139155205805,3.0029657971754204
76696.23049999999,76696.23049999999,76694.72866315849,76697.7323368415,0.12440954,-0.46983359633304644,3.0036736830079462
76696.23049999999,76696.23049999999,76694.72831055318,76697.7326894468,0.12440954,-0.46983359633304644,3.0043788936163764
76696.23049999999,76696.23049999999,76694.71651592264,76697.74448407734,0.12440954,-0.46983359633304644,3.027968154696282
76696.23049999999,76696.23049999999,76694.71695992856,76697.74404007143,0.12440954,-0.46983359633304644,3.0270801428705454
76696.23049999999,76696.23049999999,76694.70674937194,76697.75425062804,0.12440954,-0.46983359633304644,3.0475012561073527
76696.231,76696.231,76694.70725047927,76697.75474952073,0.12440954,-0.46977139155205805,3.047499041451374
76696.2315,76696.2315,76694.68884712423,76697.77415287576,0.12440954,-0.46970918678562157,3.085305751534179
76696.23199999999,76696.23199999999,76694.7932652164,76697.67073478358,0.12440954,-0.4696469820191851,2.8774695671745576
76696.23199999999,76696.23199999999,76694.80410360725,76697.65989639272,0.12440954,-0.4696469820191851,2.8557927854708396
76696.23199999999,76696.23199999999,76694.8067623746,76697.65723762538,0.12440954,-0.4696469820191851,2.8504752507724334
76696.23199999999,76696.23199999999,76694.80263705507,76697.66136294491,0.12440954,-0.4696469820191851,2.8587258898478467
76696.23199999999,76696.23199999999,76694.80263687235,76697.66136312763,0.12440954,-0.4696469820191851,2.858726255275542
76696.2315,76696.2315,76694.80213668934,76697.66086331065,0.12440954,-0.46970918678562157,2.8587266213144176
76696.2315,76696.2315,76694.80213659695,76697.66086340304,0.12440954,-0.46970918678562157,2.858726806094637
76696.2315,76696.2315,76694.80056967655,76697.66243032344,0.12440954,-0.46970918678562157,2.861860646895366
76696.2315,76696.2315,76694.77111188386,76697.69188811613,0.12440954,-0.46970918678562157,2.920776232262142
76696.2315,76696.2315,76694.77111115093,76697.69188884906,0.12440954,-0.46970918678562157,2.9207776981347706
76696.2315,76696.2315,76694.69554628963,76697.76745371036,0.12440954,-0.46970918678562157,3.0719074207299855
76696.2315,76696.2315,76694.69554682684,76697.76745317315,0.12440954,-0.46970918678562157,3.0719063463038765
76696.2315,76696.2315,76694.69554766249,76697.7674523375,0.12440954,-0.46970918678562157,3.0719046750164125
76696.2315,76696.2315,76694.69554688652,76697.76745311347,0.12440954,-0.46970918678562157,3.071906226949068
76696.2315,76696.2315,76694.72577711592,76697.73722288407,0.12440954,-0.46970918678562157,3.0114457681484055
76696.2315,76696.2315,76694.73955480367,76697.72344519632,0.12440954,-0.46970918678562157,2.983890392642934
76696.23199999999,76696.23199999999,76694.74036107876,76697.72363892122,0.12440954,-0.4696469820191851,2.983277842460666
76696.23199999999,76696.23199999999,76694.9286452655,76697.53535473447,0.12440954,-0.4696469820191851,2.6067094689642545
76696.23199999999,76696.23199999999,76694.9290459775,76697.53495402249,0.12440954,-0.4696469820191851,2.6059080449922476
76696.2315,76696.2315,76694.96657320514,76697.49642679485,0.12440954,-0.46970918678562157,2.5298535897163674
76696.231,76696.231,76695.03643006581,76697.42556993419,0.12440954,-0.46977139155205805,2.3891398683772422
76696.231,76696.231,76695.03642714798,76697.42557285202,0.12440954,-0.46977139155205805,2.3891457040444948
76696.231,76696.231,76695.03774598875,76697.42425401125,0.12440954,-0.46977139155205805,2.386508022493217
76696.231,76696.231,76694.81725111025,76697.64474888975,0.12440954,-0.46977139155205805,2.8274977795081213
76696.231,76696.231,76694.80565813354,76697.65634186646,0.12440954,-0.46977139155205805,2.8506837329186965
76696.231,76696.231,76694.80527018361,76697.65672981639,0.12440954,-0.46977139155205805,2.851459632773185
76696.231,76696.231,76694.80526805008,76697.65673194992,0.12440954,-0.46977139155205805,2.8514638998312876
76696.231,76696.231,76694.79321004752,76697.66878995248,0.12440954,-0.46977139155205805,2.8755799049686175
76696.231,76696.231,76694.7928417739,76697.6691582261,0.12440954,-0.46977139155205805,2.8763164521951694
76696.231,76696.231,76694.794575053,76697.667424947,0.12440954,-0.46977139155205805,2.8728498939890414
76696.231,76696.231,76694.8181431189,76697.6438568811,0.12440954,-0.46977139155205805,2.825713762198575
76696.231,76696.231,76694.81773584723,76697.64426415277,0.12440954,-0.46977139155205805,2.8265283055370674
76696.231,76696.231,76694.81732901574,76697.64467098426,0.12440954,-0.46977139155205805,2.8273419685137924
76696.231,76696.231,76694.81692281798,76697.64507718202,0.12440954,-0.46977139155205805,2.828154364047805
76696.231,76696.231,76694.8165186091,76697.6454813909,0.12440954,-0.46977139155205805,2.828962781786686
76696.231,76696.231,76694.81611376899,76697.64588623101,0.12440954,-0.46977139155205805,2.829772462020628
76696.23049999999,76696.23049999999,76694.81315595137,76697.64784404861,0.12440954,-0.46983359633304644,2.8346880972385406
76696.23049999999,76696.23049999999,76694.8285160444,76697.63248395557,0.12440954,-0.46983359633304644,2.8039679111680016
76696.063,76696.063,76694.6610160464,76697.46498395359,0.12440954,-0.4906721942825243,2.803967907180777
76695.98599999999,76695.98599999999,76694.37935087035,76697.59264912963,0.12440954,-0.5002517288521631,3.21329825927387
76695.85149999999,76695.85149999999,76694.22152072657,76697.48147927341,0.12440954,-0.5169848119840026,3.259958546841517
76695.34899999999,76695.34899999997,76693.72431400267,76696.97368599728,0.12440954,-0.5795006058324361,3.2493719946069177
76694.8375,76694.83749999998,76693.29524962332,76696.37975037664,0.12449633,-0.6423690789088141,3.0845007533207536
76694.32549999999,76694.32549999998,76692.78615903559,76695.86484096436,0.12449633,-0.7061111998773413,3.0786819287750404
76693.81349999999,76693.81349999997,76692.2743923884,76695.35260761155,0.12449633,-0.7698533208313165,3.0782152231549844
76693.30149999999,76693.30149999997,76691.76202893436,76694.84097106558,0.12449633,-0.8335954417998437,3.078942131221993
76692.78949999998,76692.78949999997,76691.25002899015,76694.32897100979,0.12449633,-0.8973375627538189,3.078942019637907
76692.27799999999,76692.27799999998,76690.7466965521,76693.80930344785,0.12456087,-0.9606122534314636,3.062606895749923
76691.76599999999,76691.76599999997,76690.23671622881,76693.29528377113,0.12456087,-1.0243874188745394,3.058567542320816
76691.25399999999,76691.25399999997,76689.69860290003,76692.80939709992,0.12456087,-1.0881625843176153,3.1107941998925526
76690.7425,76690.74249999998,76689.10138773709,76692.38361226287,0.12593646,-1.1453517337504309,3.282224525784841
76690.231,76690.23099999999,76688.62696871164,76691.83503128833,0.12596785,-1.2096354219538625,3.2080625766830053
76689.7855,76689.78549999998,76688.18252085723,76691.38847914274,0.12622999999999998,-1.2651077682967298,3.205958285514498
76689.339,76689.33899999999,76687.74698799646,76690.93101200352,0.12622999999999998,-1.321469463291578,3.1840240070596337
76688.8925,76688.89249999999,76687.30048820085,76690.48451179912,0.12622999999999998,-1.3778311583009781,3.184023598267231
76688.4465,76688.44649999999,76686.85448830306,76690.03851169693,0.12622999999999998,-1.4341297382925404,3.18402339387103
76688.00050000001,76688.0005,76686.44002015909,76689.5609798409,0.12622999999999998,-1.4904283182986546,3.120959681808017
76687.55400000002,76687.55400000002,76686.00339791992,76689.10460208012,0.12622999999999998,-1.5467900132935029,3.101204160193447
76687.27450000001,76687.27450000001,76685.74375846161,76688.80524153842,0.12622999999999998,-1.5820712982967962,3.0614830768026877
76686.90500000001,76686.90500000001,76685.37425858801,76688.43574141202,0.12622999999999998,-1.6287132832949283,3.0614828240068164
76686.59300000002,76686.59300000002,76685.12740656683,76688.05859343322,0.12622999999999998,-1.6680970432935283,2.9311868663935456
76686.64900000002,76686.64900000002,76685.18340673724,76688.1145932628,0.12622999999999998,-1.661028163303854,2.931186525558587
76686.71400000002,76686.71400000002,76685.24840707528,76688.17959292476,0.12622999999999998,-1.6528232132986886,2.9311858494766057
76686.77950000003,76686.77950000003,76685.31390825196,76688.2450917481,0.12622999999999998,-1.6445551482902374,2.931183496140875
76686.84500000003,76686.84500000003,76685.3794086722,76688.31059132786,0.12622999999999998,-1.636287083296338,2.931182655651355
76686.91100000004,76686.91100000004,76685.4454085041,76688.37659149597,0.12622999999999998,-1.6279559032991529,2.9311829918588046
76686.97700000003,76686.97700000003,76685.53531635948,76688.41868364057,0.12622999999999998,-1.6196247233019676,2.8833672810869757
76687.04200000003,76687.04200000003,76685.57837620511,76688.50562379495,0.12622999999999998,-1.6114197732968023,2.9272475898324046
76687.10750000003,76687.10750000003,76685.64387553054,76688.57112446951,0.12622999999999998,-1.603151708288351,2.9272489389695693
76687.17350000003,76687.17350000003,76685.65974730228,76688.68725269778,0.12622999999999998,-1.5948205282911658,3.0275053954974283
76687.23900000003,76687.23900000003,76685.91340065181,76688.56459934825,0.12622999999999998,-1.5865524632972665,2.6511986964324024
76687.30400000003,76687.30400000003,76686.05707775707,76688.550922243,0.12622999999999998,-1.5783475132921012,2.493844485929003
76687.30300000003,76687.30300000003,76686.05607886132,76688.54992113874,0.12622999999999998,-1.578473743298673,2.4938422774139326
76687.30350000002,76687.30350000002,76686.05704041664,76688.54995958341,0.12622999999999998,-1.5784106282953871,2.492919166776119
76687.30350000002,76687.30350000002,76686.10321865887,76688.50378134118,0.12622999999999998,-1.5784106282953871,2.4005626823054627
76687.30300000003,76687.30300000003,76686.10320785125,76688.5027921488,0.12622999999999998,-1.578473743298673,2.39958429755643
76687.30300000003,76687.30300000003,76686.1032113654,76688.50278863467,0.12622999999999998,-1.578473743298673,2.399577269272413
76687.30350000002,76687.30350000002,76686.1291661359,76688.47783386415,0.12622999999999998,-1.5784106282953871,2.3486677282489836
76687.30350000002,76687.30350000002,76686.39263347533,76688.21436652471,0.12622999999999998,-1.5784106282953871,1.8217330493789632
76687.30350000002,76687.30350000002,76686.39287257765,76688.2141274224,0.12622999999999998,-1.5784106282953871,1.8212548447481822
76687.30400000003,76687.30400000003,76686.39396442077,76688.2140355793,0.12622999999999998,-1.5783475132921012,1.8200711585232057
76687.30450000003,76687.30450000003,76686.59162433456,76688.0173756655,0.12622999999999998,-1.5782843982888153,1.4257513309421483
76687.30450000003,76687.30450000003,76686.59312428847,76688.01587571159,0.12622999999999998,-1.5782843982888153,1.4227514231170062
76687.30450000003,76687.30450000003,76686.59374479983,76688.01525520023,0.12622999999999998,-1.5782843982888153,1.4215104003960732
76687.30450000003,76687.30450000003,76686.59436564264,76688.01463435742,0.12622999999999998,-1.5782843982888153,1.420268714777194
76687.30450000003,76687.30450000003,76686.59498667,76688.01401333006,0.12622999999999998,-1.5782843982888153,1.4190266600635368
76687.30450000003,76687.30450000003,76686.25033090891,76688.35866909115,0.12622999999999998,-1.5782843982888153,2.1083381822390947
76687.75100000002,76687.751,76686.69330863294,76688.80869136707,0.12622994999999998,-1.5219222793384688,2.1153827341331635
76688.19800000002,76688.198,76687.13974765214,76689.25625234787,0.12622994999999998,-1.4654974916920764,2.1165046957321465
76688.64400000001,76688.644,76686.99730766361,76690.29069233639,0.12622975999999997,-1.4091974926413968,3.2933846727828495
76689.09000000001,76689.09,76687.27324546612,76690.90675453388,0.12622970999999997,-1.3528986626770347,3.633509067760315
76689.53650000002,76689.5365,76687.60502940508,76691.46797059492,0.12622968999999998,-1.2965369632875081,3.8629411898436956
76689.9835,76689.98349999999,76688.05202879116,76691.91497120881,0.12622968999999998,-1.2401122918672627,3.862942417646991
76690.4295,76690.42949999998,76688.49802123621,76692.36097876375,0.12622963999999998,-1.1838135600992246,3.862957527540857
76690.876,76690.87599999999,76688.94452034398,76692.807479656,0.12622953999999997,-1.127451490436215,3.8629593120131176
76691.3225,76691.32249999998,76689.38902678933,76693.25597321063,0.12622947999999998,-1.0710897063836455,3.866946421301691
76691.76849999999,76691.76849999998,76689.83502740347,76693.70197259648,0.12622936999999998,-1.0147908675426152,3.8669451930036303
76692.21449999999,76692.21449999997,76690.28102451102,76694.14797548893,0.12612107999999997,-0.9580577300221194,3.8669509779138025
76692.661,76692.66099999998,76690.73084639273,76694.59115360722,0.12612077999999996,-0.901743597103632,3.8603072144906037
76693.10749999998,76693.10749999997,76691.17571369917,76695.03928630077,0.12612070999999997,-0.8454304502520245,3.863572601607302
76693.5535,76693.55349999998,76691.62171554004,76695.48528445992,0.12612063999999998,-0.7891804262326332,3.863568919885438
76693.99999999999,76693.99999999997,76692.06827422946,76695.93172577048,0.12612063999999998,-0.7328675604658201,3.863451541023096
76694.44699999999,76694.44699999997,76692.51498177733,76696.37901822261,0.12612063999999998,-0.6764916343963705,3.8640364452730864
76694.89349999999,76694.89349999998,76692.96113006743,76696.82586993252,0.12612043999999997,-0.6201785013254266,3.864739865093725
76695.34,76695.33999999998,76693.40763234772,76697.27236765224,0.12612026999999998,-0.5638655735674547,3.8647353045234922
76695.78649999999,76695.78649999997,76693.85413463062,76697.71886536933,0.12612026999999998,-0.5075528730085352,3.86473073871457
76696.233,76696.233,76694.30065327421,76698.16534672577,0.12612026999999998,-0.4512401724496158,3.864693451556377
76696.233,76696.233,76694.30047750699,76698.165522493,0.12612015,-0.45124017281341366,3.8650449860142544
76696.233,76696.233,76694.30047918356,76698.16552081643,0.12612015,-0.45124017281341366,3.865041632874636
76696.233,76696.233,76694.30044719783,76698.16555280215,0.12612004,-0.4512401731481077,3.8651056043163408
76696.233,76696.233,76694.30044910296,76698.16555089703,0.12611988,-0.4512401736283209,3.865101794071961
76696.2335,76696.2335,76694.30095100077,76698.16604899924,0.12611988,-0.4511771136894822,3.8650979984668083
76696.2335,76696.2335,76694.30094999548,76698.16605000453,0.12611988,-0.4511771136894822,3.865100009046728
76696.2335,76696.2335,76694.30089506392,76698.16610493608,0.12606641999999998,-0.4511773007980082,3.8652098721649963
76696.2335,76696.2335,76694.30213444962,76698.16486555038,0.1260662,-0.4511773015547078,3.8627311007585377
76696.234,76696.234,76694.30263746635,76698.16536253365,0.1260662,-0.4511142684496008,3.8627250673016533
76696.234,76696.234,76694.3026430337,76698.16535696629,0.12582527,-0.4511152321792906,3.862713932583574
76696.234,76696.234,76694.30869367454,76698.15930632545,0.12573413,-0.45111559674842283,3.850612650916446
76696.234,76696.234,76694.31090207564,76698.15709792436,0.12573401,-0.45111559722863603,3.8461958487168886
76696.23449999999,76696.23449999999,76694.3114044993,76698.15759550068,0.12573401,-0.4510527302190894,3.8461910013866145
76696.235,76696.235,76694.31222566862,76698.15777433138,0.12573401,-0.45098986322409473,3.845548662764486
76696.23449999999,76696.23449999999,76694.31195449733,76698.15704550265,0.12573394000000002,-0.45105273052467965,3.845091005321592
76696.234,76696.234,76694.31145500355,76698.15654499644,0.12573391,-0.45111559762153774,3.845089992886642
76696.234,76696.234,76694.31145373656,76698.15654626343,0.12573389000000001,-0.4511155976942973,3.8450925268698484
76696.234,76696.234,76694.31161428311,76698.15638571688,0.12573382000000002,-0.4511155979707837,3.844771433767164
76696.2335,76696.2335,76694.31111453811,76698.15588546189,0.12573372000000002,-0.4511784652277129,3.844770923780743
76696.233,76696.233,76694.3106163332,76698.15538366679,0.12573368000000001,-0.45124133220815565,3.8447673335904256
76696.2335,76696.2335,76694.31115862477,76698.15584137524,0.12573368000000001,-0.45117846537323203,3.8446827504667453
76696.233,76696.233,76694.31200762888,76698.15399237111,0.1257336,-0.4512413324555382,3.8419847422337625
76696.2335,76696.2335,76694.3125087658,76698.1544912342,0.1257336,-0.4511784656497184,3.8419824684096966
76696.2335,76696.2335,76694.31189294733,76698.15510705268,0.12573335,-0.45117846653738525,3.843214105349034
76696.233,76696.233,76694.31308812532,76698.15291187467,0.12573328,-0.4512413334159646,3.839823749352945
76696.233,76696.233,76694.31310000297,76698.15289999702,0.12573328,-0.4512413334159646,3.8397999940498266
76696.233,76696.233,76694.31247829595,76698.15352170404,0.11773335,-0.45126533320581075,3.841043408086989
76696.233,76696.233,76694.52914331872,76697.93685668126,0.11756594,-0.4512658354215091,3.4077133625396527
76696.2325,76696.2325,76694.53278457014,76697.93221542986,0.11753364,-0.45132469915552065,3.3994308597175404
76696.2325,76696.2325,76694.73953690173,76697.72546309826,0.11753364,-0.45132469915552065,2.985926196532091
76696.20999999999,76696.20999999999,76694.74899564227,76697.67100435772,0.11753364,-0.4539692060498055,2.9220087154535577
76696.1615,76696.1615,76695.34343103669,76696.97956896332,0.11753364,-0.45966958758071996,1.6361379266309086
76696.1125,76696.1125,76695.32598645087,76696.89901354913,0.11753364,-0.46542873594444245,1.5730270982603543
76696.112,76696.112,76694.98079583274,76697.24320416724,0.11753364,-0.4654875027772505,2.2624083344999235
76696.0085,76696.0085,76694.8770437858,76697.13995621419,0.11753364,-0.47765223450551275,2.2629124283848796
76695.905,76695.905,76694.7735436102,76697.0364563898,0.11753364,-0.48981696624832693,2.2629127796099056
76695.80199999998,76695.80199999998,76694.66709758835,76696.93690241162,0.11758874,-0.5018330079765292,2.2698048232705332
76695.69849999997,76695.69849999997,76694.56433448226,76696.83266551768,0.11758874,-0.5140034425712656,2.2683310354186688
76695.59499999997,76695.59499999997,76694.46083400091,76696.72916599903,0.11758874,-0.5261738771514501,2.2683319981151726
76695.46149999999,76695.46149999999,76694.32733394076,76696.59566605922,0.11758874,-0.5418719739391236,2.2683321184595115
76695.35749999998,76695.35749999998,76694.03826126335,76696.67673873661,0.11758874,-0.5541012028988916,2.638477473257808
76695.23149999998,76695.23149999998,76693.90880887868,76696.55419112128,0.11758874,-0.5689173841383308,2.6453822425974067
76695.105,76695.105,76693.71919475791,76696.49080524208,0.11758874,-0.5837923597573536,2.771610484167468
76694.802,76694.802,76693.4161297261,76696.18787027389,0.11758874,-0.6194217479787767,2.771740547788795
76694.49899999998,76694.49899999998,76693.02102694058,76695.97697305938,0.11758874,-0.6550511362001998,2.955946118803695
76694.19499999998,76694.19499999998,76692.64476738154,76695.74523261841,0.11758874,-0.6907981131516863,3.100465236871969
76693.89149999998,76693.89149999998,76692.22262843282,76695.56037156715,0.11758874,-0.726486295738141,3.3377431343251374
76693.58799999999,76693.58799999999,76691.91912864678,76695.2568713532,0.11758874,-0.7621744783391478,3.337742706411518
76693.28499999999,76693.28499999999,76691.61612949437,76694.9538705056,0.11764207,-0.7976377435988979,3.3377410112298094
76692.98149999998,76692.98149999998,76691.31005181925,76694.65294818071,0.11764207,-0.8333421118441038,3.342896361456951
76692.70099999997,76692.70099999997,76690.95167172523,76694.45032827472,0.11770080000000001,-0.8661920668528182,3.4986565494909883
76692.44599999998,76692.44599999998,76690.69735159319,76694.19464840677,0.11770080000000001,-0.8962057708558859,3.4972968135843985
76692.19149999999,76692.19149999999,76690.4287447343,76693.95425526568,0.11776418000000001,-0.9260325017676223,3.525510531384498
76691.88799999998,76691.88799999998,76690.12598664014,76693.65001335982,0.11776418000000001,-0.9617739304085262,3.524026719678659
76691.68799999998,76691.68799999998,76689.92598668227,76693.45001331769,0.11776418000000001,-0.9853267664002487,3.52402663542307
76691.48849999999,76691.48849999999,76689.72634446053,76693.25065553945,0.11797962000000001,-1.0085366626735777,3.524311078916071
76691.28799999999,76691.28799999999,76689.50208012338,76693.0739198766,0.11797962000000001,-1.0321915764798177,3.571839753218228
76691.08799999999,76691.08799999999,76689.30211916885,76692.87388083113,0.11797962000000001,-1.0557875004888047,3.5717616622860078
76690.88799999999,76690.88799999999,76689.10211931559,76692.6738806844,0.11797962000000001,-1.0793834244832397,3.5717613688029815
76690.71849999999,76690.71849999999,76688.92818469074,76692.50881530924,0.11816964,-1.0992767441057367,3.580630618496798
76690.51849999999,76690.51849999999,76688.7306337167,76692.30636628329,0.11816964,-1.1229106721002609,3.5757325665908866
76690.3415,76690.3415,76688.55370067457,76692.12929932542,0.11823418000000001,-1.1438156297663227,3.5755986508447677
76690.16399999999,76690.16399999999,76688.37697349279,76691.95102650719,0.11823418000000001,-1.1648021967121167,3.5740530143957585
76690.16399999999,76690.16399999999,76688.3470046464,76691.98099535357,0.11829872000000001,-1.1648025839531329,3.6339907071669586
76690.1635,76690.1635,76688.33967598826,76691.98732401173,0.11829872000000001,-1.1648617333121365,3.6476480234705377
76690.1635,76690.1635,76688.33967596042,76691.98732403957,0.11829872000000001,-1.1648617333121365,3.6476480791461654
76690.16399999999,76690.16399999999,76688.34017606387,76691.98782393611,0.11831163000000001,-1.1648026614129776,3.6476478722470347
76690.16449999998,76690.16449999998,76688.34084396978,76691.98815603019,0.11894517000000002,-1.1647469900781289,3.647312060405966
76690.16399999999,76690.16399999999,76688.34813240204,76691.97986759794,0.11894517000000002,-1.1648064626497217,3.6317351959005464
76690.16449999998,76690.16449999998,76688.34863421478,76691.98036578519,0.11907426000000002,-1.1647477000660729,3.6317315704072826
76690.16399999999,76690.16399999999,76688.34971517678,76691.9782848232,0.11907426000000002,-1.1648072371899616,3.6285696464183275
76690.16399999999,76690.16399999999,76688.33802936989,76691.9899706301,0.11907426000000002,-1.1648072371899616,3.651941260206513
76690.16399999999,76690.16399999999,76688.33803372935,76691.98996627063,0.11939105000000001,-1.1648091379465768,3.651932541280985
76690.16399999999,76690.16399999999,76688.29063118681,76692.03736881317,0.11939105000000001,-1.1648091379465768,3.7467376263521146
76690.16399999999,76690.16399999999,76688.29063123972,76692.03736876026,0.11939105000000001,-1.1648091379465768,3.746737520530587
76690.16399999999,76690.16399999999,76688.29063525163,76692.03736474835,0.11967552000000001,-1.1648108447552659,3.7467294967209455
76690.16449999998,76690.16449999998,76688.25791143789,76692.07108856208,0.12967552000000002,-1.164806007000152,3.8131771241896786
76690.25649999999,76690.25649999999,76689.11756134617,76691.39543865381,0.12967552000000002,-1.1528758591593942,2.277877307642484
76690.3485,76690.3485,76689.21064944596,76691.48635055403,0.12967552000000002,-1.1409457113186363,2.2757011080684606
76690.44,76690.44,76689.53209643798,76691.34790356203,0.12967552000000002,-1.1290804012387525,1.8158071240468416
76690.532,76690.532,76689.62734235908,76691.43665764094,0.12967552000000002,-1.1171502533979947,1.8093152818619274
76690.62350000002,76690.62350000002,76689.81804737638,76691.42895262365,0.12967552000000002,-1.105284943318111,1.6109052472747862
76690.81250000001,76690.81250000001,76689.91782428752,76691.70717571251,0.12967544,-1.080776019836776,1.7893514249881264
76691.0015,76691.0015,76689.90673336477,76692.09626663523,0.12967544,-1.0562673616805114,2.1895332704589237
76691.191,76691.191,76690.09591424142,76692.28608575859,0.12967544,-1.0316938658070285,2.1901715171698015
76691.4575,76691.4575,76690.36072057913,76692.55427942087,0.12967544,-0.9971353610453662,2.193558841740014
76691.7605,76691.7605,76690.66365588241,76692.8573441176,0.12967534,-0.957843255775515,2.1936882351874374
76692.06399999998,76692.06399999998,76690.9673062267,76693.16069377327,0.12967534,-0.918486790091265,2.1933875465765595
76692.36750000001,76692.36750000001,76691.25756723409,76693.47743276593,0.12967527,-0.8791300540033262,2.2198655318352394
76692.6705,76692.6705,76691.56056723907,76693.78043276092,0.12967508,-0.839837770894519,2.2198655218526255
76692.97449999998,76692.97449999998,76691.60773870921,76694.34126129076,0.12967508,-0.80041654658271,2.7335225815477315
76693.27799999999,76693.27799999999,76691.9009452731,76694.65505472689,0.12962175,-0.7609027296275599,2.75410945378826
76693.58099999998,76693.58099999998,76692.0447806794,76695.11721932056,0.12962159,-0.7216269155323971,3.072438641160261
76693.88449999999,76693.88449999999,76692.34808363504,76695.42091636494,0.12962142000000001,-0.6822863642300945,3.072832729900256
76694.188,76694.188,76692.2535471198,76696.12245288018,0.12962119000000002,-0.6429457936028484,3.868905760376947
76694.491,76694.491,76692.55654913343,76696.42545086656,0.12961912000000003,-0.6036669733148301,3.8689017331344076
76694.794,76694.794,76692.85957369006,76696.72842630993,0.12961901000000003,-0.5643922219896922,3.868852619867539
76695.006,76695.006,76693.07157465542,76696.94042534457,0.12961901000000003,-0.5369129918690305,3.8688506891485304
76695.218,76695.218,76693.28357437253,76697.15242562746,0.12961901000000003,-0.5094337617483689,3.8688512549269944
76695.43,76695.43,76693.49556831268,76697.36443168731,0.12961901000000003,-0.4819545316277072,3.8688633746351115
76695.64199999999,76695.64199999999,76693.70754218545,76697.57645781453,0.12961901000000003,-0.4544753015070455,3.8689156290784013
76695.954,76695.954,76694.01936677961,76697.88863322038,0.12961895000000004,-0.41403403323784005,3.869266440771753
76696.169,76696.169,76694.2343672028,76698.1036327972,0.12961889000000004,-0.38616583473049104,3.8692655944032595
76696.3835,76696.3835,76694.4488678166,76698.3181321834,0.12961883000000005,-0.35836247143743094,3.869264366803691
76696.5985,76696.5985,76694.66386739237,76698.53313260761,0.12961883000000005,-0.33049442298943177,3.8692652152385563
76696.7365,76696.7365,76694.80186336233,76698.67113663767,0.12961883000000005,-0.3126070244470611,3.8692732753406744
76696.837,76696.837,76694.90236368032,76698.77163631968,0.12961870000000006,-0.2995801496290369,3.8692726393637713
76696.937,76696.937,76695.00236283617,76698.87163716384,0.12961864000000006,-0.28661820145498496,3.869274327676976
76697.038,76697.038,76695.10336317343,76698.97263682657,0.12961864000000006,-0.2735267188108992,3.8692736531374976
76697.1385,76697.1385,76695.20385922691,76699.0731407731,0.12961858000000007,-0.26049997939844616,3.869281546183629
76697.2385,76697.2385,76695.30386002643,76699.17313997359,0.12961830000000008,-0.24753784098720644,3.869279947160976
76697.3395,76697.3395,76695.40486179094,76699.27413820906,0.12961830000000008,-0.2344463926856406,3.8692764181178063
76697.44,76697.44,76695.50536179445,76699.37463820555,0.12961825000000007,-0.22141971354722045,3.869276411103783
76697.541,76697.541,76695.60636121953,76699.47563878047,0.12961825000000007,-0.2083282702951692,3.869277560937917
76697.6415,76697.6415,76695.70686119638,76699.57613880362,0.12961814000000008,-0.19530157033295836,3.869277607242111
76697.742,76697.742,76695.80736111177,76699.67663888822,0.12961792000000008,-0.18227483770169783,3.8692777764517814
76697.8425,76697.8425,76695.90786161729,76699.7771383827,0.12961787000000008,-0.169248216872802,3.869276765413815
76697.94249999999,76697.94249999999,76696.00786205922,76699.87713794076,0.12961782000000008,-0.15628641498915385,3.869275881530484
76698.0425,76698.0425,76696.10786348717,76699.97713651283,0.12961779000000007,-0.1433246270607924,3.869273025658913
76698.1425,76698.1425,76696.2078524662,76700.0771475338,0.12891414000000007,-0.13029424218984786,3.8692950675904285
76698.24250000001,76698.24250000001,76696.31376629327,76700.17123370674,0.12891406000000005,-0.11740282838582061,3.8574674134724773
76698.24299999999,76698.24299999999,76696.31426663174,76700.17173336823,0.12891406000000005,-0.11733837136125658,3.857466736488277
76698.24299999999,76698.24299999999,76696.3142489166,76700.17175108337,0.12891399000000006,-0.1173383715795353,3.8575021667638794
76698.24299999999,76698.24299999999,76696.3141979177,76700.17180208227,0.12515330000000005,-0.11734965363575611,3.857604164571967
76698.2425,76698.2425,76696.34479904096,76700.14020095902,0.12515325000000005,-0.11741223040735349,3.7954019180615433
76698.242,76698.242,76696.34429863126,76700.13970136874,0.12515317000000004,-0.11747480719350278,3.7954027374798898
76698.242,76698.242,76696.3443335858,76700.1396664142,0.12515306000000004,-0.11747480741178151,3.7953328283911105
76698.2425,76698.2425,76696.35778374961,76700.12721625037,0.12515306000000004,-0.1174122308875667,3.769432500761468
76698.24250000001,76698.24250000001,76696.35778854309,76700.12721145693,0.12515306000000004,-0.1174122308875667,3.7694229138433
76698.2425,76698.2425,76696.36804199537,76700.11695800461,0.12515298000000002,-0.11741223107674159,3.7489160092372913
76698.24299999999,76698.24299999999,76696.36860316923,76700.11739683074,0.12515298000000002,-0.1173496545816306,3.7487936615070794
76698.2425,76698.2425,76696.36916681286,76700.11583318713,0.1251529,-0.11741223126591649,3.746666374267079
76698.2425,76698.2425,76696.4175082316,76700.06749176838,0.1251528,-0.11741223151329905,3.649983536772197
76698.242,76698.242,76696.41700869684,76700.06699130316,0.12515271,-0.11747480809572153,3.6499826063227374
76698.242,76698.242,76696.4170422767,76700.06695772329,0.12515268,-0.11747480815392919,3.64991544658551
76698.242,76698.242,76696.41769421227,76700.06630578772,0.12515266,-0.11747480819758493,3.648611575452378
76698.242,76698.242,76696.41771970109,76700.06628029891,0.12515262,-0.11747480827034451,3.6485605978232343
76698.242,76698.242,76696.41771831061,76700.06628168939,0.12515252,-0.11747480847407132,3.648563378781546
76698.242,76698.242,76696.42319309086,76700.06080690914,0.1251524,-0.11747480872145388,3.6376138182822615
76698.242,76698.242,76696.42319431747,76700.06080568253,0.12515226,-0.11747480899794027,3.6376113650621846
76698.242,76698.242,76696.42319308988,76700.06080691011,0.12515205,-0.11747480941994581,3.637613820232218
76698.24149999999,76698.24149999999,76696.42400490954,76700.05899509044,0.12515196999999997,-0.11753738555125892,3.634990180900786
76698.2415,76698.2415,76696.42268171966,76700.06031828035,0.12515181999999997,-0.11753738578408957,3.6376365606847685
76698.24149999999,76698.24149999999,76696.42268147305,76700.06031852693,0.12515179999999998,-0.1175373858131934,3.6376370538782794
76698.24149999999,76698.24149999999,76696.42267774274,76700.06032225724,0.12515173,-0.11753738592960872,3.637644514499698
76698.24149999999,76698.24149999999,76696.42267376604,76700.06032623394,0.12515161,-0.1175373861042317,3.6376524679071736
76698.242,76698.242,76696.42312528398,76700.06087471601,0.12515161,-0.11747481030761264,3.6377494320331607
76698.24149999999,76698.24149999999,76696.42235799333,76700.06064200665,0.12515155,-0.1175373862060951,3.6382840133155696
76698.241,76698.241,76696.42187456734,76700.06012543265,0.1251515,-0.11759996201726608,3.638250865304144
76698.241,76698.241,76696.4241722555,76700.05782774449,0.12515133,-0.11759996219188906,3.6336554889858235
76698.2405,76698.2405,76696.43427062278,76700.04672937722,0.12515110000000002,-0.11766253798850812,3.612458754447289
76698.2405,76698.2405,76697.53290671334,76698.94809328666,0.12515110000000002,-0.11766253798850812,1.4151865733147133
76698.24100000001,76698.24100000001,76697.53340815374,76698.94859184627,0.12515110000000002,-0.1175999624247197,1.4151836925302632
76698.24100000001,76698.24100000001,76697.5174445994,76698.96455540061,0.12515110000000002,-0.1175999624247197,1.4471108012076002
76698.24100000001,76698.24100000001,76697.52504462017,76698.95695537985,0.12515110000000002,-0.1175999624247197,1.4319107596820686
76698.24100000001,76698.24100000001,76697.32689471506,76699.15510528495,0.12515110000000002,-0.1175999624247197,1.8282105698890518
76698.24100000001,76698.24100000001,76697.32375570144,76699.15824429858,0.12515110000000002,-0.1175999624247197,1.834488597145537
76698.24100000001,76698.24100000001,76697.07459450774,76699.40740549228,0.12515110000000002,-0.1175999624247197,2.332810984546086
76698.241,76698.241,76697.06180870526,76699.42019129473,0.12515110000000002,-0.11759996243927162,2.358382589474786
76698.241,76698.241,76696.79848185537,76699.68351814462,0.12515110000000002,-0.11759996243927162,2.8850362892553676
76698.2415,76698.2415,76696.7966504758,76699.68634952421,0.12515110000000002,-0.11753738689003512,2.88969904842088
76698.242,76698.242,76696.8123262256,76699.6716737744,0.12515110000000002,-0.11747481132624671,2.859347548801452
76698.242,76698.242,76696.82735489549,76699.65664510451,0.12515110000000002,-0.11747481132624671,2.829290209017927
76698.24250000001,76698.24250000001,76696.82785431626,76699.65714568376,0.12515110000000002,-0.11741223577701021,2.829291367495898
76698.24299999999,76698.24299999999,76696.89145169136,76699.59454830861,0.12515110000000002,-0.11734966022777371,2.7030966172460467
76698.24299999999,76698.24299999999,76697.03140678733,76699.45459321265,0.12515110000000002,-0.11734966022777371,2.4231864253233653
76698.2425,76698.2425,76697.03091916199,76699.454080838,0.12515110000000002,-0.11741223579156213,2.4231616760080215
76698.24250000001,76698.24250000001,76697.030920619,76699.45407938102,0.12515110000000002,-0.11741223577701021,2.423158762016101
76698.24250000001,76698.24250000001,76697.03091407024,76699.45408592977,0.12515110000000002,-0.11741223577701021,2.4231718595256098
76698.24299999999,76698.24299999999,76697.03141479804,76699.45458520194,0.12515110000000002,-0.11734966022777371,2.4231704038975295
76698.24299999999,76698.24299999999,76697.14624879602,76699.33975120395,0.12515110000000002,-0.11734966022777371,2.193502407928463
76698.2435,76698.2435,76697.1467303698,76699.3402696302,0.12515110000000002,-0.11728708467853721,2.1935392603918444
76698.243,76698.243,76697.40270175548,76699.08329824453,0.12515110000000002,-0.11734966022777371,1.6805964890518226
76698.24299999999,76698.24299999999,76697.40269296535,76699.08330703463,0.12515110000000002,-0.11734966022777371,1.6806140692788176
76698.24299999999,76698.24299999999,76697.24011791189,76699.24588208809,0.12515110000000002,-0.11734966022777371,2.005764176195953
76698.243,76698.243,76697.24012676592,76699.24587323409,0.12515110000000002,-0.11734966022777371,2.0057464681740385
76698.24299999999,76698.24299999999,76697.24011348485,76699.24588651513,0.12515110000000002,-0.11734966022777371,2.00577303027967
76698.24299999999,76698.24299999999,76697.24010905778,76699.2458909422,0.12515110000000002,-0.11734966022777371,2.0057818844215944
76698.24299999999,76698.24299999999,76697.24835457614,76699.23764542384,0.12515110000000002,-0.11734966022777371,1.9892908477049787
76698.24299999999,76698.24299999999,76697.28098921986,76699.20501078012,0.12515110000000002,-0.11734966022777371,1.9240215602621902
76698.2425,76698.2425,76697.28048020713,76699.20451979285,0.12515110000000002,-0.11741223579156213,1.9240395857195836
76698.242,76698.242,76697.28734411624,76699.19665588376,0.12515110000000002,-0.11747481132624671,1.9093117675220128
76698.242,76698.242,76697.2873644589,76699.1966355411,0.12515110000000002,-0.11747481132624671,1.9092710822005756
76698.242,76698.242,76697.28739383523,76699.19660616477,0.12515110000000002,-0.11747481132624671,1.909212329541333
76698.24149999999,76698.24149999999,76696.82972287649,76699.65327712349,0.12515110000000002,-0.11753738689003512,2.823554247006541
76698.242,76698.242,76696.83023218309,76699.65376781691,0.12515110000000002,-0.11747481132624671,2.8235356338263955
76698.242,76698.242,76696.81564524783,76699.66835475217,0.12515110000000002,-0.11747481132624671,2.8527095043391455
76698.242,76698.242,76696.81565435947,76699.66834564053,0.12515110000000002,-0.11747481132624671,2.8526912810630165
76698.2425,76698.2425,76696.81614373309,76699.6688562669,0.12515110000000002,-0.11741223579156213,2.8527125338150654
76698.2425,76698.2425,76696.81415429006,76699.67084570993,0.12515110000000002,-0.11741223579156213,2.8566914198745508
76698.24299999999,76698.24299999999,76696.8132499048,76699.67275009518,0.12515110000000002,-0.11734966022777371,2.859500190388644
76698.2425,76698.2425,76696.73558412994,76699.74941587004,0.12515110000000002,-0.11741223579156213,3.013831740099704
76698.243,76698.243,76696.73607749239,76699.74992250762,0.12515110000000002,-0.11734966022777371,3.01384501522989
76698.243,76698.243,76696.66878174852,76699.81721825148,0.12515110000000002,-0.11734966022777371,3.148436502960976
76698.3295,76698.3295,76696.75528290524,76699.90371709477,0.12515110000000002,-0.10652409007889219,3.148434189526597
76698.40699999999,76698.40699999999,76696.59323768601,76700.22076231397,0.12515110000000002,-0.09682487983081955,3.627524627954699
76698.4075,76698.4075,76696.58130050378,76700.23369949622,0.12515110000000002,-0.09676230428158306,3.652398992446251
76698.40800000001,76698.40800000001,76696.58186260963,76700.23413739039,0.12515110000000002,-0.09669972873234656,3.6522747807612177
76698.40849999999,76698.40849999999,76696.56235043753,76700.25464956246,0.12515110000000002,-0.09663715318311006,3.692299124930287
76698.42750000002,76698.42750000002,76696.54368773874,76700.3113122613,0.12515110000000002,-0.09425928228301927,3.7676245225593448
76698.44600000001,76698.44600000001,76696.56193775458,76700.33006224544,0.12515110000000002,-0.09194398693216499,3.7681244908599183
76698.4645,76698.4645,76696.58596096357,76700.34303903644,0.12515110000000002,-0.0896286915813107,3.7570780728710815
76698.48300000002,76698.48300000002,76696.60446096786,76700.36153903218,0.12515110000000002,-0.08731339623045642,3.7570780643145554
76698.50150000001,76698.50150000001,76696.6230136431,76700.37998635693,0.12515110000000002,-0.08499810087960213,3.7569727138325106
76698.52,76698.52,76696.64052037444,76700.39947962557,0.12515110000000002,-0.08268280552874785,3.7589592511358205
76698.53800000002,76698.53800000002,76696.6585224187,76700.41747758133,0.12515110000000002,-0.08043008572713006,3.758955162629718
76698.55650000004,76698.55650000004,76696.677022793,76700.43597720707,0.12515110000000002,-0.07811479037627578,3.7589544140791986
76698.57500000003,76698.57500000003,76696.64973406523,76700.50026593482,0.12515110000000002,-0.07579949502542149,3.8505318695970345
76698.59300000002,76698.59300000002,76696.66450844251,76700.52149155753,0.12515110000000002,-0.07354677523835562,3.8569831150234677
76698.61100000003,76698.61100000003,76696.68242559036,76700.5395744097,0.12515110000000002,-0.07129405543673784,3.8571488193410914
76698.61050000002,76698.61050000002,76696.68111839813,76700.53988160192,0.12515110000000002,-0.07135663098597433,3.858763203781564
76698.61050000002,76698.61050000002,76696.6836719374,76700.53732806265,0.12515110000000002,-0.07135663098597433,3.853656125254929
76698.61000000002,76698.61000000002,76697.32814770644,76699.89185229359,0.12515110000000002,-0.07141920653521083,2.563704587140819
76698.61000000002,76698.61000000002,76697.3280434693,76699.89195653073,0.12515110000000002,-0.07141920653521083,2.563913061429048
76698.5405,76698.5405,76697.25716246222,76699.82383753778,0.12515110000000002,-0.08011720798094757,2.566675075562671
76698.48150000001,76698.48150000001,76697.19386968134,76699.76913031867,0.12515110000000002,-0.08750112287816592,2.5752606373280287
76698.481,76698.481,76697.19331896656,76699.76868103344,0.12515110000000002,-0.08756369842740241,2.5753620668838266
76698.4685,76698.4685,76697.18076735894,76699.75623264107,0.12515110000000002,-0.08912808718741871,2.575465282134246
76698.456,76698.456,76697.16666732583,76699.74533267418,0.12515110000000002,-0.0906924759328831,2.578665348351933
76698.42500000002,76698.42500000002,76697.13566727814,76699.7143327219,0.12515110000000002,-0.09457216002920177,2.5786654437542893
76698.39450000001,76698.39450000001,76697.10400155112,76699.6849984489,0.12515110000000002,-0.09838926857628394,2.580996897770092
76698.3075,76698.3075,76697.01700181009,76699.5979981899,0.12515110000000002,-0.10927741428895388,2.5809963798092213
76698.27249999999,76698.27249999999,76696.92864404025,76699.61635595973,0.12515110000000002,-0.11365770277916454,2.687711919483263
76698.24149999999,76698.24149999999,76696.8963353166,76699.58666468337,0.12515110000000002,-0.11753738689003512,2.6903293667710386
76698.211,76698.211,76696.86581508139,76699.5561849186,0.12515110000000002,-0.1213544954371173,2.6903698372188956
76698.09950000001,76698.09950000001,76696.75404972259,76699.44495027744,0.12515110000000002,-0.1353088430769276,2.690900554851396
76697.9815,76697.9815,76696.62930894888,76699.33369105111,0.12515110000000002,-0.1500766728859162,2.7043821022380143
76697.8625,76697.8625,76696.49440057263,76699.23059942738,0.12515110000000002,-0.1649696537788259,2.736198854749091
76697.72750000001,76697.72750000001,76696.35176757723,76699.10323242279,0.12515110000000002,-0.18186505227640737,2.7514648455544375
76697.30249999999,76697.30249999999,76695.91197057097,76698.693029429,0.12515110000000002,-0.2350542697822675,2.7810588580323383
76696.89600000001,76696.89600000001,76695.5054704135,76698.28652958652,0.12515110000000002,-0.28592819193727337,2.7810591730230954
76696.4215,76696.4215,76694.99817260775,76697.84482739224,0.12515110000000002,-0.34531238887575455,2.8466547844873276
76695.82,76695.82,76694.39667271967,76697.24332728035,0.12515110000000002,-0.42059077553858515,2.8466545606788713
76695.34550000001,76695.34550000001,76693.92214289164,76696.76885710839,0.12515110000000002,-0.47997497247706633,2.846714216750115
76694.71650000001,76694.71650000001,76693.27325558772,76696.1597444123,0.12515755,-0.5586387929652119,2.886488824588014
76694.08600000001,76694.08600000001,76692.64279746234,76695.52920253768,0.12697495,-0.6228551318345126,2.886405075347284
76693.4735,76693.4735,76692.03495124284,76694.91204875715,0.12697495,-0.7006272887083469,2.8770975143124815
76692.87299999999,76692.87299999999,76691.43445115205,76694.31154884794,0.12697495,-0.7768757461890345,2.8770976958912797
76692.27249999999,76692.27249999999,76690.83395100012,76693.71104899986,0.12697495,-0.8531242036551703,2.8770979997352697
76691.6725,76691.6725,76690.23378380992,76693.11121619008,0.12734592,-0.9272048463462852,2.877432380162645
76691.072,76691.072,76689.63436083925,76692.50963916075,0.12734592,-1.0036760712973773,2.8752783215022646
76690.52799999999,76690.52799999999,76689.08234625886,76691.97365374112,0.12734592,-1.0729522517794976,2.8913074822630733
76689.932,76689.932,76688.48634614622,76691.37765385378,0.12734592,-1.1488504200970056,2.891307707555825
76689.3315,76689.3315,76687.87597491614,76690.78702508386,0.12734592,-1.2253216450626496,2.911050167720532
76688.731,76688.731,76687.27547485863,76690.18652514137,0.12734592,-1.3017928700137418,2.91105028273887
76688.2115,76688.2115,76686.62359154213,76689.79940845788,0.12734592,-1.367949075458455,3.1758169157546945
76687.6985,76687.6985,76686.08613825281,76689.31086174719,0.12734592,-1.4332775324292015,3.22472349437885
76687.187,76687.187,76685.57391878712,76688.80008121289,0.12734592,-1.4984149704978336,3.2261624257662334
76686.69149999999,76686.69149999999,76685.0700594491,76688.31294055087,0.12734592,-1.5615148738579592,3.242881101759849
76686.486,76686.486,76684.66323612192,76688.30876387809,0.12734592,-1.58768446042086,3.645527756161755
76686.28,76686.28,76684.45433673965,76688.10566326034,0.12734592,-1.6139177199365804,3.651326520688599
76686.1425,76686.1425,76684.31689660376,76687.96810339624,0.12734592,-1.6314277839410352,3.651206792477751
76686.132,76686.132,76684.31337265097,76687.95062734903,0.12734592,-1.6327649160957662,3.637254698056495
76685.99399999999,76685.99399999999,76684.17676901455,76687.81123098543,0.12734592,-1.6503386530675925,3.6344619708834216
76685.9935,76685.9935,76684.17621311078,76687.81078688921,0.12734592,-1.6504023260204121,3.634573778428603
76685.99299999999,76685.99299999999,76684.17571312157,76687.8102868784,0.12734592,-1.6504659989877837,3.6345737568335608
76685.993,76685.993,76684.17571311726,76687.81028688274,0.12734592,-1.6504659989732318,3.6345737654773984
76685.9935,76685.9935,76684.17621313671,76687.81078686328,0.12734592,-1.6504023260204121,3.634573726565577
76685.9935,76685.9935,76684.1873302371,76687.7996697629,0.12734592,-1.6504023260204121,3.6123395258036908
76685.993,76685.993,76684.18683026299,76687.79916973702,0.12734592,-1.6504659989732318,3.6123394740279764
76685.9935,76685.9935,76684.18733029434,76687.79966970565,0.12734592,-1.6504023260204121,3.6123394113092218
76685.99399999999,76685.99399999999,76684.1906934478,76687.79730655218,0.12734592,-1.6503386530675925,3.6066131043771747
76685.99399999999,76685.99399999999,76684.51894656806,76687.46905343192,0.12734592,-1.6503386530675925,2.950106863863766
76685.99399999999,76685.99399999999,76684.519191082,76687.46880891798,0.12734592,-1.6503386530675925,2.9496178359840997
76685.99399999999,76685.99399999999,76684.5193132745,76687.46868672548,0.12734592,-1.6503386530675925,2.9493734509742353
76685.9945,76685.9945,76684.52392729654,76687.46507270346,0.12734592,-1.650274980100221,2.9411454069195315
76685.9945,76685.9945,76684.53261330078,76687.45638669922,0.12734592,-1.650274980100221,2.9237733984482475
76685.99399999999,76685.99399999999,76684.53223969032,76687.45576030966,0.12734592,-1.6503386530675925,2.9235206193407066
76685.9935,76685.9935,76684.53570531112,76687.45129468887,0.12734592,-1.6504023260204121,2.9155893777497113
76685.9935,76685.9935,76684.53570543417,76687.45129456582,0.12734592,-1.6504023260204121,2.915589131647721
76685.99399999999,76685.99399999999,76684.54056994425,76687.44743005573,0.12734592,-1.6503386530675925,2.9068601114850026
76685.9935,76685.9935,76684.54176735647,76687.44523264353,0.12734592,-1.6504023260204121,2.903465287061408
76685.993,76685.993,76684.70354708585,76687.28245291415,0.12734592,-1.6504659989732318,2.578905828297138
76685.99299999999,76685.99299999999,76684.71053432874,76687.27546567123,0.12734592,-1.6504659989877837,2.564931342494674
76685.9935,76685.9935,76684.71114379734,76687.27585620266,0.12734592,-1.6504023260204121,2.5647124053211883
76685.99399999999,76685.99399999999,76684.71524353171,76687.27275646827,0.12734592,-1.6503386530675925,2.55751293656067
76685.99399999999,76685.99399999999,76684.75785698445,76687.23014301553,0.12734592,-1.6503386530675925,2.4722860310866963
76685.99399999999,76685.99399999999,76684.87838347522,76687.10961652476,0.12734592,-1.6503386530675925,2.23123304953333
76685.99399999999,76685.99399999999,76684.96335717516,76687.02464282482,0.12734592,-1.6503386530675925,2.061285649659112
76685.9945,76685.9945,76685.17541708726,76686.81358291274,0.12734592,-1.650274980100221,1.6381658254831564
76685.9945,76685.9945,76685.17815356347,76686.81084643654,0.12734592,-1.650274980100221,1.6326928730704822
76685.9945,76685.9945,76684.06409112808,76687.92490887192,0.12734592,-1.650274980100221,3.860817743843654
76685.9945,76685.9945,76684.06398889676,76687.92501110325,0.12734592,-1.650274980100221,3.8610222064889967
76685.995,76685.995,76684.06131703692,76687.92868296307,0.12734592,-1.6502113071474014,3.867365926154889
76685.99549999999,76685.99549999999,76684.06055927898,76687.930440721,0.12734592,-1.6501476341800299,3.8698814420204144
76685.99549999999,76685.99549999999,76684.06055704289,76687.93044295709,0.12734592,-1.6501476341800299,3.869885914202314
76685.99549999999,76685.99549999999,76684.06056577229,76687.93043422769,0.12734592,-1.6501476341800299,3.8698684553964995
76685.99549999999,76685.99549999999,76684.06055800409,76687.9304419959,0.12734592,-1.6501476341800299,3.8698839918070007
76685.996,76685.996,76684.06107354719,76687.93092645281,0.12734592,-1.6500839612272102,3.86985290562734
76685.996,76685.996,76684.0610691559,76687.9309308441,0.12734592,-1.6500839612272102,3.8698616882029455
76685.996,76685.996,76684.06106952914,76687.93093047086,0.12734592,-1.6500839612272102,3.869860941718798
76685.996,76685.996,76684.06106342217,76687.93093657783,0.12734592,-1.6500839612272102,3.8698731556651182
76685.996,76685.996,76684.06105912037,76687.93094087963,0.12734592,-1.6500839612272102,3.8698817592521664
76685.996,76685.996,76684.06105567847,76687.93094432153,0.12734592,-1.6500839612272102,3.869888643064769
76685.996,76685.996,76684.06104965167,76687.93095034832,0.12734592,-1.6500839612272102,3.8699006966489833
76685.996,76685.996,76684.06098097964,76687.93101902035,0.12734592,-1.6500839612272102,3.8700380407099146
76685.996,76685.996,76684.06097893903,76687.93102106097,0.12734592,-1.6500839612272102,3.8700421219400596
76685.99549999999,76685.99549999999,76684.06047594825,76687.93052405173,0.12734592,-1.6501476341800299,3.8700481034757104
76685.996,76685.996,76684.06106158641,76687.93093841358,0.12734592,-1.6500839612272102,3.869876827171538
76685.99549999999,76685.99549999999,76684.06064271471,76687.93035728527,0.12734592,-1.6501476341800299,3.869714570551878
76685.995,76685.995,76684.06014515871,76687.92985484128,0.12734592,-1.6502113071474014,3.8697096825635526
76685.9945,76685.9945,76684.06563787242,76687.92336212758,0.12734592,-1.650274980100221,3.857724255154608
76685.995,76685.995,76684.0666042933,76687.92339570669,0.12734592,-1.6502113071474014,3.8567914133891463
76685.9945,76685.9945,76684.06580521922,76687.92319478079,0.12734592,-1.650274980100221,3.8573895615700167
76685.99399999999,76685.99399999999,76684.0653052237,76687.92269477628,0.12734592,-1.6503386530675925,3.857389552576933
76685.9935,76685.9935,76684.06481101834,76687.92218898165,0.12734592,-1.6504023260204121,3.85737796331523
76685.99399999999,76685.99399999999,76684.06530870282,76687.92269129716,0.12734592,-1.6503386530675925,3.857382594345836
76685.99399999999,76685.99399999999,76684.06526667418,76687.9227333258,0.12734592,-1.6503386530675925,3.8574666516215075
76685.9935,76685.9935,76684.06557240983,76687.92142759016,0.12734592,-1.6504023260204121,3.8558551803289447
76685.99299999999,76685.99299999999,76684.06506723183,76687.92093276815,0.12734592,-1.6504659989877837,3.8558655363158323
76685.99250000001,76685.99250000001,76684.06456982304,76687.92043017698,0.12734592,-1.6505296719406033,3.855860353942262
76685.9925,76685.9925,76684.06481211781,76687.92018788218,0.12734592,-1.6505296719406033,3.8553757643676363
76685.9925,76685.9925,76684.06483811818,76687.9201618818,0.12734592,-1.6505296719406033,3.8553237636224367
76685.9925,76685.9925,76684.07271335836,76687.91228664163,0.12734592,-1.6505296719406033,3.8395732832723297
76685.992,76685.992,76684.07222402743,76687.91177597256,0.12734592,-1.6505933449079748,3.8395519451296423
76685.99149999999,76685.99149999999,76684.07173336278,76687.9112666372,0.12734592,-1.6506570178607944,3.839533274411224
76685.99149999999,76685.99149999999,76684.07226469074,76687.91073530924,0.12734592,-1.6506570178607944,3.8384706185024697
76685.99149999999,76685.99149999999,76684.07226469074,76687.91073530924,0.12734592,-1.6506570178607944,3.8384706185024697
76685.99100000001,76685.99100000001,76684.07176744827,76687.91023255175,0.12734592,-1.650720690813614,3.8384651034721173
76685.991,76685.991,76684.07177158454,76687.91022841545,0.12734592,-1.650720690828166,3.838456830912037
76685.99149999999,76685.99149999999,76684.072565561,76687.91043443898,0.12734592,-1.6506570178607944,3.8378688779775985
76685.99149999999,76685.99149999999,76684.07260805728,76687.9103919427,0.12734592,-1.6506570178607944,3.8377838854212314
76685.99100000001,76685.99100000001,76684.0721080751,76687.90989192492,0.12734592,-1.650720690813614,3.8377838498272467
76685.9915,76685.9915,76684.07260526191,76687.9103947381,0.12734592,-1.6506570178607944,3.8377894761797506
76685.99149999999,76685.99149999999,76684.0725526634,76687.91044733657,0.12734592,-1.6506570178607944,3.8378946731681935
76685.99149999999,76685.99149999999,76684.07271741558,76687.9102825844,0.12734592,-1.6506570178607944,3.8375651688256767
76685.9915,76685.9915,76684.07289651115,76687.91010348886,0.12734592,-1.6506570178607944,3.8372069777105935
76685.992,76685.992,76684.06332483438,76687.92067516562,0.12734592,-1.6505933449079748,3.8573503312363755
76685.992,76685.992,76684.06258470191,76687.92141529809,0.12734592,-1.6505933449079748,3.858830596174812
76685.9925,76685.9925,76684.06307525231,76687.92192474767,0.12734592,-1.6505296719406033,3.8588494953582995
76685.99250000001,76685.99250000001,76684.06303369065,76687.92196630937,0.12734592,-1.6505296719406033,3.8589326187211554
76685.99250000001,76685.99250000001,76685.26322757245,76686.72177242757,0.12734592,-1.6505296719406033,1.4585448551224545
76685.99250000001,76685.99250000001,76685.2731258375,76686.71187416252,0.12734592,-1.6505296719406033,1.4387483250175137
76685.9925,76685.9925,76685.27336248563,76686.71163751435,0.12734592,-1.6505296719406033,1.4382750287186354
76685.99250000001,76685.99250000001,76685.1933642195,76686.79163578051,0.12734592,-1.6505296719406033,1.598271561000729
76685.99250000001,76685.99250000001,76684.9297709195,76687.05522908052,0.12734592,-1.6505296719406033,2.1254581610264722
76685.9925,76685.9925,76684.51617535365,76687.46882464633,0.12734592,-1.6505296719406033,2.952649292681599
76685.99250000001,76685.99250000001,76684.50401321039,76687.48098678963,0.12734592,-1.6505296719406033,2.9769735792360734
76685.9925,76685.9925,76684.5037566052,76687.48124339478,0.12734592,-1.6505296719406033,2.977486789575778
76685.9925,76685.9925,76684.50362151585,76687.48137848414,0.12734592,-1.6505296719406033,2.977756968291942
76685.992,76685.992,76684.50068632723,76687.48331367277,0.12734592,-1.6505933449079748,2.982627345540095
76685.992,76685.992,76684.49747152918,76687.48652847082,0.12734592,-1.6505933449079748,2.9890569416456856
76685.915,76685.915,76684.42040855726,76687.40959144273,0.12734592,-1.6603989807481412,2.9891828854742926
76685.81499999999,76685.81499999999,76684.3107834825,76687.31921651747,0.12734592,-1.673133572738152,3.008433034963673
76685.71549999999,76685.71549999999,76684.21128282,76687.21971717998,0.12734592,-1.6858044917753432,3.008434359973762
76685.61649999999,76685.61649999999,76684.01512614296,76687.21787385702,0.12864684,-1.6963218098826474,3.202747714065481
76685.5165,76685.5165,76683.92329973569,76687.10970026431,0.12864684,-1.709186493884772,3.186400528618833
76685.41649999999,76685.41649999999,76683.82329972732,76687.00970027267,0.12864684,-1.7220511778868968,3.1864005453535356
76685.317,76685.317,76683.72380015686,76686.91019984313,0.12864684,-1.7348515384655911,3.186399686266668
76685.2175,76685.2175,76683.62076558654,76686.81423441345,0.12864684,-1.7476518990442855,3.193468826910248
76685.11799999999,76685.11799999999,76683.52136471908,76686.71463528089,0.12864684,-1.76045225962298,3.193270561809186
76685.01849999999,76685.01849999999,76683.42179153075,76686.61520846923,0.12864684,-1.7732526202016743,3.19341693847673
76684.91900000001,76684.91900000001,76683.32227468112,76686.5157253189,0.12864684,-1.7860529807803687,3.193450637772912
76684.65299999999,76684.65299999999,76683.04606913433,76686.25993086565,0.12864684,-1.8202730402263114,3.213861731317593
76684.387,76684.387,76682.78006893855,76685.99393106146,0.12864684,-1.8544930996722542,3.2138621229096316
76684.12099999998,76684.12099999998,76682.51406884639,76685.72793115358,0.12864684,-1.888713159103645,3.213862307195086
76683.85499999998,76683.85499999998,76682.24759641544,76685.46240358452,0.12864684,-1.9229332185495878,3.214807169075357
76683.58899999999,76683.58899999999,76681.9806076833,76685.19739231668,0.12864684,-1.9571532779955305,3.216784633375937
76683.32299999997,76683.32299999997,76681.71460763748,76684.93139236247,0.12864684,-1.9913733374269214,3.2167847249947954
76683.05749999997,76683.05749999997,76681.44924330663,76684.6657566933,0.13864684000000002,-2.0017540734552313,3.2165133866656106
76682.79199999999,76682.79199999999,76681.28238317052,76684.30161682946,0.14864684000000003,-2.0174448094767286,3.0192336589389015
76682.52649999998,76682.52649999998,76681.15777975795,76683.895220242,0.15386208000000004,-2.0472806048346683,2.7374404840520583
76682.3375,76682.3375,76681.00115499494,76683.67384500505,0.15386208000000004,-2.076360537961591,2.6726900101057254
76682.17099999999,76682.17099999999,76680.83476294696,76683.50723705301,0.15386208000000004,-2.101978574268287,2.6724741060461383
76682.0045,76682.0045,76680.66823240797,76683.34076759202,0.15386208000000004,-2.127596610589535,2.6725351840432268
76681.8375,76681.8375,76680.50116595016,76683.17383404983,0.15386208000000004,-2.153291577953496,2.672668099665316
76681.67099999999,76681.67099999999,76680.33466532294,76683.00733467704,0.15386208000000004,-2.178909614274744,2.672669354098616
76681.50499999998,76681.50499999998,76680.16866499388,76682.84133500607,0.15386208000000004,-2.2044507195532788,2.6726700121944305
76681.33849999998,76681.33849999998,76680.12191132762,76682.55508867235,0.15386208000000004,-2.2300687558745267,2.433177344733849
76681.17199999998,76681.17199999998,76679.9554113706,76682.38858862936,0.15386208000000004,-2.2556867921957746,2.433177258761134
76681.00549999997,76681.00549999997,76679.79238578123,76682.21861421871,0.15386208000000004,-2.2813048285170225,2.426228437485406
76680.83899999998,76680.83899999998,76679.62546556094,76682.05253443902,0.15386208000000004,-2.3069228648382705,2.427068878081627
76680.67299999998,76680.67299999998,76679.45946552065,76681.88653447932,0.15386208000000004,-2.3324639701168053,2.4270689586701337
76680.67299999998,76680.67299999998,76679.46085225997,76681.88514773999,0.15386208000000004,-2.3324639701168053,2.424295480013825
76680.67349999999,76680.67349999999,76679.46106855074,76681.88593144924,0.15386208000000004,-2.332387039074092,2.424862898507854
76680.67349999999,76680.67349999999,76679.5667056327,76681.78029436729,0.15386208000000004,-2.332387039074092,2.213588734593941
76680.67349999999,76680.67349999999,76679.56670570238,76681.7802942976,0.15386208000000004,-2.332387039074092,2.213588595215697
76680.67349999999,76680.67349999999,76679.4226443925,76681.92435560748,0.15386208000000004,-2.332387039074092,2.5017112149798777
76680.67349999999,76680.67349999999,76679.38678279631,76681.96021720367,0.15386208000000004,-2.332387039074092,2.5734344073571265
76680.67349999998,76680.67349999998,76679.38678285622,76681.96021714373,0.15386208000000004,-2.332387039074092,2.5734342875075527
76680.67299999998,76680.67299999998,76679.82203706891,76681.52396293105,0.15386208000000004,-2.3324639701168053,1.7019258621439803
76680.67249999997,76680.67249999997,76679.69731559684,76681.6476844031,0.15386208000000004,-2.3325409011595184,1.9503688062541187
76680.67249999999,76680.67249999999,76679.69692435721,76681.64807564276,0.15386208000000004,-2.3325409011595184,1.951151285553351
76680.67299999998,76680.67299999998,76679.69737396963,76681.64862603034,0.15386208000000004,-2.3324639701168053,1.9512520607095212
76680.67349999999,76680.67349999999,76679.63807871952,76681.70892128046,0.15386208000000004,-2.332387039074092,2.07084256093367
76680.67399999998,76680.67399999998,76679.52081975453,76681.82718024544,0.15386208000000004,-2.332310108031379,2.3063604909111746
76680.67399999997,76680.67399999997,76678.8568355612,76682.49116443875,0.15386208000000004,-2.332310108031379,3.6343288775533438
76680.67349999999,76680.67349999999,76678.80341091078,76682.5435890892,0.15386208000000004,-2.332387039074092,3.740178178413771
76680.67399999998,76680.67399999998,76678.80273533476,76682.54526466521,0.15386208000000004,-2.332310108031379,3.7425293304549996
76680.67399999998,76680.67399999998,76678.80231950297,76682.545680497,0.15386208000000004,-2.332310108031379,3.7433609940344468
76680.6745,76680.6745,76678.80049663952,76682.54850336046,0.15386208000000004,-2.332233176988666,3.748006720939884
76680.67449999998,76680.67449999998,76678.79001432977,76682.55898567018,0.15386208000000004,-2.332233177003218,3.768971340410644
76680.67399999997,76680.67399999997,76678.78922918116,76682.55877081878,0.15386208000000004,-2.332310108031379,3.7695416376227513
76680.67399999997,76680.67399999997,76678.74382686347,76682.60417313647,0.15386208000000004,-2.332310108031379,3.86034627299523
76680.67349999998,76680.67349999998,76678.74332360587,76682.60367639408,0.15386208000000004,-2.332387039074092,3.8603527882078197
76680.67349999996,76680.67349999996,76678.74332360586,76682.60367639406,0.15386208000000004,-2.332387039074092,3.8603527882078197
76680.67349999996,76680.67349999996,76678.74334123266,76682.60365876726,0.15386208000000004,-2.332387039074092,3.8603175345924683
76680.67399999997,76680.67399999997,76678.74384229974,76682.6041577002,0.15386208000000004,-2.332310108031379,3.8603154004667886
76680.67399999997,76680.67399999997,76678.74384142467,76682.60415857527,0.15386208000000004,-2.332310108031379,3.8603171505965292
76680.67349999998,76680.67349999998,76678.74334206483,76682.60365793512,0.15386208000000004,-2.332387039074092,3.8603158702899236
76680.67399999997,76680.67399999997,76678.74384471323,76682.60415528671,0.15386208000000004,-2.332310108031379,3.860310573480092
76680.67399999997,76680.67399999997,76678.74302733772,76682.60497266222,0.15386208000000004,-2.332310108031379,3.8619453244900797
76680.67399999998,76680.67399999998,76678.74292606342,76682.60507393655,0.15386208000000004,-2.332310108031379,3.8621478731220122
76680.67349999999,76680.67349999999,76678.7421285997,76682.60487140028,0.15386208000000004,-2.332387039074092,3.8627428005856927
76680.67299999998,76680.67299999998,76678.74162746067,76682.6043725393,0.15386208000000004,-2.3324639701168053,3.862745078629814
76680.67249999999,76680.67249999999,76678.74112646403,76682.60387353595,0.15386208000000004,-2.3325409011595184,3.8627470719220582
76680.67249999999,76680.67249999999,76678.73821689335,76682.60678310662,0.15386208000000004,-2.3325409011595184,3.868566213262966
76680.67249999997,76680.67249999997,76678.87343506956,76682.47156493038,0.15386208000000004,-2.3325409011595184,3.598129860823974
76680.67199999999,76680.67199999999,76678.98134294838,76682.3626570516,0.15386208000000004,-2.3326178322022315,3.38131410322967
76680.67149999997,76680.67149999997,76678.9808432994,76682.36215670053,0.15386208000000004,-2.3326947632449446,3.381313401128864
76680.67099999999,76680.67099999999,76678.98858520767,76682.3534147923,0.15386208000000004,-2.332771694273106,3.364829584636027
76680.67099999999,76680.67099999999,76679.00299348151,76682.33900651846,0.15386208000000004,-2.332771694273106,3.3360130369546823
76680.67149999998,76680.67149999998,76679.00735659595,76682.33564340402,0.15386208000000004,-2.3326947632303927,3.328286808071425
76680.67149999998,76680.67149999998,76679.00718815443,76682.33581184554,0.15386208000000004,-2.3326947632303927,3.3286236911080778
76680.67149999998,76680.67149999998,76679.0070825916,76682.33591740836,0.15386208000000004,-2.3326947632303927,3.3288348167552613
76680.67149999998,76680.67149999998,76679.00685232837,76682.3361476716,0.15386208000000004,-2.3326947632303927,3.3292953432246577
76680.67149999998,76680.67149999998,76679.00685053533,76682.33614946464,0.15386208000000004,-2.3326947632303927,3.329298929311335
76680.67149999998,76680.67149999998,76679.00728781949,76682.33571218047,0.15386208000000004,-2.3326947632303927,3.328424360981444
76680.67199999999,76680.67199999999,76679.02410154004,76682.31989845994,0.15386208000000004,-2.3326178322022315,3.295796919905115
76680.67249999999,76680.67249999999,76678.97683488882,76682.36816511115,0.15386208000000004,-2.3325409011595184,3.391330222337274
76680.73799999998,76680.73799999998,76679.04266438814,76682.43333561183,0.15386208000000004,-2.3224629349133465,3.3906712236930616
76680.74399999999,76680.74399999999,76679.03989891341,76682.44810108657,0.15386208000000004,-2.321539762429893,3.408202173159225
76680.794,76680.794,76679.0899000806,76682.4980999194,0.15386208000000004,-2.313846658435068,3.4081998387991916
76680.84449999999,76680.84449999999,76679.14054150078,76682.54845849921,0.15386208000000004,-2.30607662339753,3.4079169984324835
76680.89499999999,76680.89499999999,76679.19101008505,76682.59898991493,0.15386208000000004,-2.298306588359992,3.4079798298771493
76680.94499999998,76680.94499999998,76679.25228669595,76682.63771330401,0.15386208000000004,-2.290613484365167,3.385426608059788
76680.99549999999,76680.99549999999,76679.30278774071,76682.68821225927,0.15386208000000004,-2.282843449313077,3.3854245185502805
76681.04599999997,76681.04599999997,76679.34565321005,76682.74634678989,0.15386208000000004,-2.275073414275539,3.400693579838844
76681.09599999998,76681.09599999998,76679.36174659735,76682.8302534026,0.15386208000000004,-2.267380310280714,3.46850680524949
76681.14599999998,76681.14599999998,76679.41174767388,76682.88025232608,0.15386208000000004,-2.2596872062713373,3.4685046522063203
76681.19649999998,76681.19649999998,76679.69416343953,76682.69883656042,0.15386208000000004,-2.2519171712337993,3.0046731208858546
76681.24649999998,76681.24649999998,76679.74416195134,76682.74883804862,0.15386208000000004,-2.2442240672389744,3.0046760972763877
76681.29599999999,76681.29599999999,76679.79366109784,76682.79833890214,0.15386208000000004,-2.2366078942723107,3.0046778043033555
76681.34649999999,76681.34649999999,76679.84416157583,76682.84883842414,0.15386208000000004,-2.2288378592347726,3.0046768483007327
76681.39649999997,76681.39649999997,76679.89434249063,76682.89865750931,0.15386208000000004,-2.2211447552399477,3.0043150186829735
76681.44649999998,76681.44649999998,76679.94507686395,76682.947923136,0.15386208000000004,-2.2134516512451228,3.0028462720511016
76681.49699999997,76681.49699999997,76680.00584729695,76682.988152703,0.15386208000000004,-2.205681616193033,2.9823054060398135
76681.54649999997,76681.54649999997,76680.05530147349,76683.03769852644,0.15386208000000004,-2.198065443240921,2.982397052954184
76681.59599999998,76681.59599999998,76680.10480244418,76683.08719755577,0.15386208000000004,-2.1904492702742573,2.9823951115831733
76681.63649999998,76681.63649999998,76680.14671231873,76683.12628768123,0.15386208000000004,-2.184217856032774,2.979575362493051
76681.61149999997,76681.61149999997,76680.1474438304,76683.07555616954,0.15386208000000004,-2.1880644080374623,2.92811233914108
76681.60549999999,76681.60549999999,76680.14288843403,76683.06811156595,0.15386208000000004,-2.188987580520916,2.925223131926032
76681.55549999999,76681.55549999999,76680.09288761849,76683.01811238148,0.15386208000000004,-2.1966806845157407,2.925224762992002
76681.50499999998,76681.50499999998,76680.04238802625,76682.9676119737,0.15386208000000004,-2.2044507195532788,2.925223947444465
76681.45449999999,76681.45449999999,76679.99188844665,76682.91711155334,0.15386208000000004,-2.212220754590817,2.9252231066930108
76681.40449999998,76681.40449999998,76679.94231213504,76682.86668786491,0.15386208000000004,-2.2199138586001936,2.9243757298681885
76681.28299999998,76681.28299999998,76679.82180173944,76682.74419826052,0.15386208000000004,-2.238608101324644,2.9223965210840106
76681.16149999999,76681.16149999999,76679.70045168926,76682.62254831071,0.15386208000000004,-2.2573023440345423,2.9220966214488726
76680.99749999998,76680.99749999998,76679.5365868864,76682.45841311356,0.15386208000000004,-2.2825357251567766,2.9218262271606363
76680.57599999999,76680.57599999999,76679.1189075638,76682.03309243618,0.15386208000000004,-2.3473885918792803,2.9141848723811563
76680.154,76680.154,76678.7464285585,76681.56157144149,0.15386208000000004,-2.412318389629945,2.815142882987857
76679.75649999999,76679.75649999999,76678.396271886,76681.11672811398,0.15386208000000004,-2.4734785664331866,2.7204562279803213
76679.33499999999,76679.33499999999,76678.0460092894,76680.62399071058,0.15386208000000004,-2.5383314331556903,2.577981421170989
76678.976,76678.976,76677.728996715,76680.22300328499,0.15386208000000004,-2.593567919873749,2.4940065699920524
76678.49850000002,76678.49850000002,76677.25161934257,76679.74538065746,0.15386208000000004,-2.667037063074531,2.4937613148940727
76678.0215,76678.0215,76676.77463954932,76679.26836045069,0.15551569000000004,-2.730687031915295,2.493720901373308
76677.5435,76677.5435,76676.2917124231,76678.7952875769,0.15551569000000004,-2.80502353173506,2.5035751537943725
76677.06600000002,76677.06600000002,76675.63514381957,76678.49685618047,0.15551569000000004,-2.879282273701392,2.8617123609001283
76676.5885,76676.5885,76674.96831069251,76678.20868930749,0.15551569000000004,-2.9535410156822763,3.2403786149807274
76676.12000000002,76676.12000000002,76674.49999689555,76677.7400031045,0.15551569000000004,-3.0264001164468937,3.2400062089436688
76675.53300000001,76675.53300000001,76673.91494785137,76677.15105214865,0.15551569000000004,-3.117687826481415,3.236104297277052
76674.98750000002,76674.98750000002,76673.36946820146,76676.60553179857,0.15680674000000003,-3.1957726714899763,3.2360635971126612
76674.44150000002,76674.44150000002,76672.82137785657,76676.06162214346,0.15680674000000003,-3.281389151525218,3.2402442868915386
76673.8955,76673.8955,76672.27573456486,76675.51526543514,0.15680674000000003,-3.3670056315750116,3.239530870283488
76673.35,76673.35,76671.7302336354,76674.96976636461,0.15689337000000003,-3.452232706535142,3.239532729203347
76672.804,76672.804,76671.18409176946,76674.42390823054,0.15689337000000003,-3.5378964865667513,3.23981646107859
76672.329,76672.329,76670.70909235075,76673.94890764925,0.15689337000000003,-3.6124208373075817,3.2398152984969784
76671.85399999999,76671.85399999999,76670.23329945371,76673.47470054627,0.15689337000000003,-3.686945188062964,3.241401092556771
76671.4225,76671.4225,76669.80245656868,76673.04254343132,0.16049540000000004,-3.74865630234126,3.2400868626427837
76671.24799999999,76671.24799999999,76669.78266755003,76672.71333244996,0.16049540000000004,-3.776662749645766,2.9306648999336176
76671.074,76671.074,76669.60897078564,76672.53902921434,0.16049540000000004,-3.8045889492495917,2.930058428697521
76670.876,76670.876,76669.3720594028,76672.37994059721,0.16049540000000004,-3.836367038442404,3.0078811944113113
76670.702,76670.702,76669.19588865622,76672.20811134379,0.16049540000000004,-3.86429323804623,3.0122226875682827
76670.4645,76670.4645,76668.92088837994,76672.00811162006,0.16049540000000004,-3.90241089554911,3.0872232401161455
76670.3465,76670.3465,76668.80302900191,76671.88997099809,0.16049540000000004,-3.9213493527495302,3.0869419961818494
76670.22750000001,76670.22750000001,76668.64041656726,76671.81458343276,0.16049540000000004,-3.9404483053367585,3.17416686550132
76670.10949999999,76670.10949999999,76668.52241479716,76671.69658520282,0.16049540000000004,-3.9593867625517305,3.174170405662153
76669.9915,76669.9915,76668.429855385,76671.55314461501,0.16049540000000004,-3.9783252197375987,3.12328923001769
76669.87299999999,76669.87299999999,76668.58964486317,76671.15635513682,0.16049540000000004,-3.9973439246532507,2.5667102736479137
76669.75450000001,76669.75450000001,76668.47114261147,76671.03785738855,0.16049540000000004,-4.016362629539799,2.566714777087327
76669.75450000001,76669.75450000001,76668.47114199736,76671.03785800266,0.16049540000000004,-4.016362629539799,2.566716005298076
76669.754,76669.754,76668.47064967829,76671.03735032171,0.16049540000000004,-4.016442877240479,2.566700643423246
76669.754,76669.754,76668.47065029238,76671.03734970762,0.16049540000000004,-4.016442877240479,2.566699415241601
76669.754,76669.754,76668.47065029238,76671.03734970762,0.16049540000000004,-4.016442877240479,2.566699415241601
76669.7535,76669.7535,76668.47037326686,76671.03662673316,0.16049540000000004,-4.016523124941159,2.5662534662988037
76669.754,76669.754,76668.46979549076,76671.03820450924,0.16049540000000004,-4.016442877240479,2.5684090184804518
76669.75450000001,76669.75450000001,76668.4700346726,76671.03896532742,0.16049540000000004,-4.016362629539799,2.568930654815631
76669.755,76669.755,76668.46621641272,76671.04378358729,0.16049540000000004,-4.016282381839119,2.577567174565047
76669.75450000001,76669.75450000001,76668.2397714846,76671.26922851542,0.16049540000000004,-4.016362629539799,3.0294570308178663
76669.755,76669.755,76668.24027518972,76671.26972481029,0.16049540000000004,-4.016282381839119,3.0294496205751784
76669.75499999999,76669.75499999999,76668.2384049664,76671.27159503358,0.16049540000000004,-4.016282381839119,3.033190067188116
76669.755,76669.755,76668.14161032473,76671.36838967528,0.16049540000000004,-4.016282381839119,3.2267793505452573
76669.766,76669.766,76668.15256729655,76671.37943270346,0.16049540000000004,-4.01451693243871,3.2268654069048353
76669.777,76669.777,76668.10691831358,76671.44708168642,0.16049540000000004,-4.012751483038301,3.3401633728353772
76669.7875,76669.7875,76668.11741911389,76671.45758088613,0.16049540000000004,-4.011066281338572,3.3401617722411174
76669.7985,76669.7985,76668.12800379323,76671.46899620678,0.16049540000000004,-4.0093008319381624,3.34099241354852
76669.809,76669.809,76668.13752937604,76671.48047062395,0.16049540000000004,-4.007615630252985,3.3429412479163148
76669.8195,76669.8195,76668.14788073364,76671.49111926636,0.16049540000000004,-4.005930428538704,3.3432385327178054
76669.83099999999,76669.83099999999,76668.15936781166,76671.50263218832,0.16049540000000004,-4.004084731452167,3.3432643766573165
76669.8425,76669.8425,76668.16683733666,76671.51816266334,0.16049540000000004,-4.002239034336526,3.351325326686492
76669.8535,76669.8535,76668.12640788779,76671.58059211221,0.16049540000000004,-4.000473584950669,3.454184224421624
76669.86499999999,76669.86499999999,76668.08430903779,76671.64569096219,0.16049540000000004,-3.9986278878495796,3.561381924402667
76669.87649999998,76669.87649999998,76668.0046266119,76671.74837338807,0.16049540000000004,-3.9967821907484904,3.7437467761628795
76669.88799999999,76669.88799999999,76667.95588427753,76671.82011572245,0.16049540000000004,-3.994936493647401,3.8642314449243713
76669.89949999998,76669.89949999998,76667.9671995262,76671.83180047377,0.16049540000000004,-3.993090796546312,3.8646009475633036
76669.91049999998,76669.91049999998,76667.97819148595,76671.84280851402,0.16049540000000004,-3.991325347145903,3.8646170280699152
76669.92099999999,76669.92099999999,76667.98870516391,76671.85329483607,0.16049540000000004,-3.989640145446174,3.864589672157308
76669.93149999998,76669.93149999998,76667.99920565415,76671.8637943458,0.16049540000000004,-3.9879549437464448,3.86458869164926
76669.94299999998,76669.94299999998,76668.01070529083,76671.87529470914,0.16049540000000004,-3.9861092466453556,3.864589418313699
76669.95399999998,76669.95399999998,76668.0215060016,76671.88649399836,0.16049540000000004,-3.9843437972449465,3.864987996756099
76669.965,76669.965,76668.03045407266,76671.89954592733,0.16049540000000004,-3.9825783478445373,3.8690918546635658
76669.97549999999,76669.97549999999,76668.04095321707,76671.9100467829,0.16049540000000004,-3.9808931461448083,3.8690935658232775
76669.97499999999,76669.97499999999,76668.04045475837,76671.90954524161,0.16049540000000004,-3.9809733938454883,3.869090483232867
76669.97499999999,76669.97499999999,76668.04045451536,76671.90954548462,0.16049540000000004,-3.9809733938454883,3.8690909692668356
76669.97499999999,76669.97499999999,76668.04068629774,76671.90931370224,0.16049540000000004,-3.9809733938454883,3.8686274045030586
76669.97499999999,76669.97499999999,76668.04068751416,76671.90931248582,0.16049540000000004,-3.9809733938454883,3.868624971655663
76669.97499999999,76669.97499999999,76668.0406870232,76671.90931297679,0.16049540000000004,-3.9809733938454883,3.868625953589799
76669.96399999999,76669.96399999999,76668.02968690045,76671.89831309953,0.16049540000000004,-3.9827388432458974,3.868626199080609
76669.95249999998,76669.95249999998,76668.01834718972,76671.88665281025,0.16049540000000004,-3.9845845403469866,3.868305620533647
76669.94099999999,76669.94099999999,76668.00701416426,76671.87498583572,0.16049540000000004,-3.986430237448076,3.867971671454143
76669.93,76669.93,76667.99634584758,76671.8636541524,0.16049540000000004,-3.988195686848485,3.867308304819744
76669.919,76669.919,76667.98548675906,76671.85251324093,0.16049540000000004,-3.989961136248894,3.867026481864741
76669.9075,76669.9075,76667.97398938538,76671.84101061462,0.16049540000000004,-3.991806833349983,3.867021229234524
76669.89599999998,76669.89599999998,76667.96258107347,76671.82941892649,0.16049540000000004,-3.9936525304510724,3.8668378530128393
76669.88499999998,76669.88499999998,76667.95158138574,76671.81841861422,0.16049540000000004,-3.9954179798514815,3.8668372284737416
76669.87349999999,76669.87349999999,76667.94024446915,76671.80675553082,0.16049540000000004,-3.9972636769525707,3.86651106167119
76669.8625,76669.8625,76667.92924535966,76671.79575464035,0.16049540000000004,-3.999029126338428,3.866509280691389
76669.85149999999,76669.85149999999,76667.91825688805,76671.78474311193,0.16049540000000004,-4.000794575753389,3.8664862238802016
76669.84,76669.84,76667.90676006881,76671.77323993118,0.16049540000000004,-4.002640272839926,3.8664798623649403
76669.8285,76669.8285,76667.89525791486,76671.76174208515,0.16049540000000004,-4.004485969941015,3.8664841702848207
76669.81749999999,76669.81749999999,76667.88425773535,76671.75074226463,0.16049540000000004,-4.0062514193414245,3.8664845292805694
76669.807,76669.807,76667.87375217101,76671.74024782899,0.16049540000000004,-4.007936621041154,3.8664956579741556
76669.7965,76669.7965,76667.86310290171,76671.72989709828,0.16049540000000004,-4.009621822740883,3.8667941965686623
76669.78600000001,76669.78600000001,76667.85239091757,76671.71960908244,0.16049540000000004,-4.011307024440612,3.867218164872611
76669.775,76669.775,76667.84119717203,76671.70880282795,0.16049540000000004,-4.013072473841021,3.8676056559197605
76669.764,76669.764,76667.83019738428,76671.69780261572,0.16049540000000004,-4.01483792324143,3.8676052314403933
76669.7535,76669.7535,76667.81969855378,76671.68730144623,0.16049540000000004,-4.016523124941159,3.867602892452851
76669.754,76669.754,76667.82019855377,76671.68780144623,0.16049540000000004,-4.016442877240479,3.867602892452851
76669.754,76669.754,76667.8202915539,76671.6877084461,0.16049540000000004,-4.016442877240479,3.8674168922007084
76669.75450000001,76669.75450000001,76667.82078814755,76671.68821185247,0.16049540000000004,-4.016362629539799,3.867423704912653
76669.75450000001,76669.75450000001,76667.82078962176,76671.68821037826,0.16049540000000004,-4.016362629539799,3.867420756490901
76669.754,76669.754,76667.82063920068,76671.68736079932,0.16049540000000004,-4.016442877240479,3.866721598635195
76669.754,76669.754,76667.82063966892,76671.68736033108,0.16049540000000004,-4.016442877240479,3.866720662161242
76669.754,76669.754,76667.82151352221,76671.68648647779,0.16049540000000004,-4.016442877240479,3.864972955576377
76669.754,76669.754,76667.82151102579,76671.68648897421,0.16049540000000004,-4.016442877240479,3.8649779484258033
76669.75450000001,76669.75450000001,76667.82200677542,76671.6869932246,0.16049540000000004,-4.016362629539799,3.8649864491890185
76669.755,76669.755,76667.82230591329,76671.68769408672,0.16049540000000004,-4.016282381839119,3.865388173435349
76669.7555,76669.7555,76667.82279613242,76671.68820386758,0.16049540000000004,-4.016202134138439,3.865407735167537
76669.83300000001,76669.83300000001,76667.89996110596,76671.76603889407,0.16049540000000004,-4.003763740649447,3.8660777881159447
76669.9515,76669.9515,76668.01840957122,76671.88459042877,0.16049529000000004,-3.9847447972133523,3.8661808575561736
76670.06950000001,76670.06950000001,76668.13641207844,76672.00258792158,0.16049526000000003,-3.965806291482295,3.866175843140809
76670.18750000003,76670.18750000003,76668.25441152879,76672.12058847127,0.16049524000000004,-3.9468678121484118,3.8661769424797967
76670.30550000002,76670.30550000002,76668.37241672388,76672.23858327615,0.16049512000000005,-3.92792915609607,3.8661665522668045
76670.42400000003,76670.42400000003,76668.49093402317,76672.35706597689,0.16049512000000005,-3.9089104843733367,3.866131953720469
76670.54300000002,76670.54300000002,76668.60993369111,76672.47606630893,0.16049512000000005,-3.8898115650954423,3.8661326178116724
76670.66150000002,76670.66150000002,76668.72843761004,76672.59456238999,0.16049505000000006,-3.8707927912764717,3.8661247799464036
76670.77950000002,76670.77950000002,76668.84644177211,76672.71255822793,0.16049503000000007,-3.851854348569759,3.8661164558143355
76670.898,76670.898,76668.96494079761,76672.83105920239,0.16049503000000007,-3.8328356875135796,3.866118404781446
76671.01699999999,76671.01699999999,76669.08393878327,76672.95006121672,0.16049503000000007,-3.813736778945895,3.866122433450073
76671.1355,76671.1355,76669.20243786967,76673.06856213034,0.16049503000000007,-3.7947181178897154,3.8661242606758606
76671.2545,76671.2545,76669.32143538976,76673.18756461023,0.16049503000000007,-3.7756192093220307,3.8661292204633355
76671.37299999999,76671.37299999999,76669.43990192936,76673.30609807062,0.16003399000000007,-3.756256151376874,3.866196141258115
76671.49149999997,76671.49149999997,76669.56470930691,76673.41829069304,0.16003396000000006,-3.7372921047062846,3.853581386123551
76671.6105,76671.6105,76669.68370821734,76673.53729178265,0.16003396000000006,-3.7182480634655803,3.8535835653019603
76671.7285,76671.7285,76669.80140088522,76673.65559911478,0.16003393000000005,-3.6993640444416087,3.854198229557369
76671.847,76671.847,76669.9199000737,76673.77409992629,0.16003393000000005,-3.680400023731636,3.854199852590682
76671.96500000001,76671.96500000001,76670.03789637651,76673.89210362351,0.16003380000000006,-3.6615159998473246,3.854207247000886
76672.08300000001,76672.08300000001,76670.15588999534,76674.01011000469,0.15964265000000005,-3.6426175388915,3.8542200093506835
76672.12400000003,76672.12400000003,76670.20200537771,76674.04599462234,0.15964255000000005,-3.636072190638515,3.8439892446331214
76672.12400000003,76672.12400000003,76670.20183409743,76674.04616590262,0.15964241000000004,-3.63607219120604,3.844331805186812
76672.12400000003,76672.12400000003,76670.20147660568,76674.04652339437,0.15964234000000005,-3.6360721914679743,3.8450467886868864
76672.12400000003,76672.12400000003,76670.20147714463,76674.04652285542,0.15964226000000004,-3.6360721918026684,3.8450457107974216
76672.12400000003,76672.12400000003,76670.20149597191,76674.04650402814,0.15964220000000004,-3.636072192035499,3.845008056232473
76672.12350000003,76672.12350000003,76670.20099421196,76674.0460057881,0.15964216000000003,-3.6361520132777514,3.84501157613704
76672.12300000002,76672.12300000002,76670.20049394033,76674.04550605972,0.15964211000000003,-3.636231834505452,3.845012119389139
76672.12300000002,76672.12300000002,76670.20052622669,76674.04547377335,0.15964206000000003,-3.636231834665523,3.844947546662297
76672.12350000002,76672.12350000002,76670.20102515246,76674.04597484757,0.15964206000000003,-3.6361520136415493,3.8449496951070614
76672.43650000001,76672.43650000001,76670.51144039287,76674.36155960715,0.15964204000000004,-3.5861839297867846,3.8501192142721266
76672.74949999999,76672.74949999999,76670.82443901103,76674.67456098895,0.15964197000000005,-3.53621557643055,3.850121977913659
76673.06249999999,76673.06249999999,76671.13743944037,76674.9875605596,0.15964193000000004,-3.486247426713817,3.8501211192342453
76673.37599999996,76673.37599999996,76671.45093901509,76675.30106098483,0.15964193000000004,-3.4361996816587634,3.8501219697354827
76673.68999999997,76673.68999999997,76671.7649400758,76675.61505992415,0.15964193000000004,-3.386072115637944,3.8501198483572807
76674.00399999997,76674.00399999997,76672.07965347273,76675.92834652722,0.15964193000000004,-3.3359445496171247,3.8486930544895586
76674.31699999997,76674.31699999997,76672.39454667314,76676.2394533268,0.15964189000000004,-3.2859764626045944,3.8449066536559258
76674.63049999997,76674.63049999997,76672.71231445843,76676.54868554151,0.15964182000000005,-3.235928466921905,3.836371083074482
76674.94349999996,76674.94349999996,76673.02531409249,76676.86168590744,0.15964172000000004,-3.185960232600337,3.8363718149485067
76675.25699999997,76675.25699999997,76673.3388140952,76677.17518590474,0.15964168000000004,-3.135912428057054,3.836371809535194
76675.57049999997,76675.57049999997,76673.65238697978,76677.48861302016,0.15939351000000004,-3.0851650460535893,3.836226040381007
76675.88399999998,76675.88399999998,76673.97498749361,76677.79301250634,0.15939339000000005,-3.0351948799361708,3.8180250127334148
76676.19749999998,76676.19749999998,76674.28848972327,76678.10651027669,0.15939334000000005,-2.9852249425457558,3.8180205534154084
76676.51099999997,76676.51099999997,76674.60205325235,76678.41994674758,0.15939330000000004,-2.9352550553012406,3.817893495230237
76676.82449999997,76676.82449999997,76674.91535559016,76678.73364440979,0.15939311000000003,-2.8852849583054194,3.8182888196315616
76677.13799999998,76677.13799999998,76675.22885938379,76679.04714061617,0.15939281000000002,-2.8353148427268025,3.818281232379377
76677.45149999998,76677.45149999998,76675.54178030456,76679.3612196954,0.15939269000000003,-2.7853450841648737,3.8194393908488564
76677.76549999998,76677.76549999998,76675.8557823157,76679.67521768426,0.15939269000000003,-2.735295779493754,3.819435368553968
76678.07899999998,76678.07899999998,76676.16916872337,76679.9888312766,0.15934026000000004,-2.685309865453746,3.8196625532291364
76678.39199999996,76678.39199999996,76676.48702137357,76680.29697862636,0.15934014000000005,-2.6354363643040415,3.809957252786262
76678.39249999997,76678.39249999997,76676.48771772717,76680.29728227278,0.15934014000000005,-2.6353566942270845,3.809564545605099
76678.39299999997,76678.39299999997,76676.5023726303,76680.28362736963,0.15934014000000005,-2.6352770241646795,3.7812547393259592
76678.39349999998,76678.39349999998,76676.50734021536,76680.27965978459,0.15934014000000005,-2.6351973540877225,3.7723195692233276
76678.39299999997,76678.39299999997,76676.50682573112,76680.27917426881,0.15934010000000004,-2.635277024281095,3.772348537691869
76678.39299999997,76678.39299999997,76676.50682614479,76680.27917385515,0.15934010000000004,-2.635277024281095,3.7723477103572804
76678.39249999997,76678.39249999997,76676.50612294955,76680.2788770504,0.15933995000000004,-2.635356694692746,3.772754100849852
76678.39249999997,76678.39249999997,76676.50612417776,76680.27887582219,0.15933991000000003,-2.635356694794609,3.7727516444283538
76678.39249999997,76678.39249999997,76676.50625619016,76680.27874380979,0.15933983000000002,-2.635356694998336,3.7724876196298283
76678.39249999997,76678.39249999997,76676.50638129655,76680.27861870339,0.15928247,-2.6353568383929087,3.7722374068398494
76678.39249999997,76678.39249999997,76676.50873686977,76680.27626313017,0.15921649000000002,-2.635357003338868,3.7675262604025193
76678.39249999997,76678.39249999997,76676.51144493095,76680.273555069,0.1592164,-2.6353570035716984,3.7621101380500477
76678.39249999997,76678.39249999997,76676.51155831282,76680.27344168712,0.15921636,-2.635357003673562,3.7618833743035793
76678.39299999997,76678.39299999997,76676.51238495106,76680.27361504888,0.15921636,-2.6352773954859003,3.761230097821681
76678.39349999998,76678.39349999998,76676.51201862775,76680.2749813722,0.15921636,-2.6351977873127908,3.7629627444548532
76678.39349999998,76678.39349999998,76676.51527605952,76680.27172394043,0.15921628,-2.635197787589277,3.756447880907217
76678.39399999997,76678.39399999997,76676.49573802011,76680.29226197983,0.15921628,-2.6351181794452714,3.796523959725164
76678.39399999997,76678.39399999997,76676.49513747307,76680.29286252687,0.15921596,-2.635118180740392,3.7977250537951477
76678.39349999998,76678.39349999998,76676.49541682149,76680.29158317846,0.15921567,-2.6351977897284087,3.796166356973117
76678.39349999998,76678.39349999998,76676.49542826548,76680.29157173447,0.15921559,-2.635197790004895,3.7961434689932503
76678.39349999998,76678.39349999998,76676.49546496822,76680.29153503173,0.15921544999999998,-2.63519779049966,3.796070063515799
76678.39349999998,76678.39349999998,76676.49546541086,76680.2915345891,0.15921544999999998,-2.63519779049966,3.7960691782354843
76678.39299999997,76678.39299999997,76676.47626781503,76680.3097321849,0.15921536999999997,-2.635277398469043,3.8334643698763102
76678.39249999997,76678.39249999997,76676.47576698603,76680.30923301392,0.15921533999999996,-2.635357006234699,3.8334660278924275
76678.39249999997,76678.39249999997,76676.47576241555,76680.3092375844,0.15921528999999995,-2.6353570063511143,3.833475168852601
76678.39199999996,76678.39199999996,76676.4752615864,76680.30873841353,0.15921525999999994,-2.6354366140585626,3.833476827130653
76678.39199999996,76678.39199999996,76676.47507298752,76680.3089270124,0.14921525999999993,-2.6354566140653333,3.8338540248805657
76678.39199999996,76678.39199999996,76677.483040938,76679.30095906193,0.14921525999999993,-2.6354566140653333,1.8179181239393074
76678.39199999996,76678.39199999996,76677.48309718308,76679.30090281685,0.14921525999999993,-2.6354566140653333,1.8178056337637827
76678.39199999996,76678.39199999996,76677.73780131106,76679.04619868887,0.14921525999999993,-2.6354566140653333,1.3083973778120708
76678.32049999997,76678.32049999997,76677.66671004616,76678.97428995378,0.14921525999999993,-2.6461255051544867,1.3075799076177645
76678.30099999998,76678.30099999998,76676.67434808717,76679.92765191279,0.14921525999999993,-2.6490352027321933,3.2533038256224245
76678.24299999999,76678.24299999999,76676.54997040774,76679.93602959224,0.14921525999999993,-2.657689687810489,3.386059184500482
76678.05649999998,76678.05649999998,76676.32062180003,76679.79237819993,0.14921525999999993,-2.6855183338047937,3.471756399900187
76677.76349999999,76677.76349999999,76675.98138764084,76679.54561235913,0.14921525999999993,-2.7292384049796965,3.5642247182840947
76677.47099999999,76677.47099999999,76675.68700259396,76679.25499740602,0.14921525999999993,-2.7728838685288792,3.5679948120668996
76677.17850000001,76677.17850000001,76675.37766551385,76678.97933448617,0.14926755999999994,-2.816287261521211,3.6016689723182935
76676.886,76676.886,76675.08321298787,76678.68878701213,0.14926755999999994,-2.859948022829485,3.6055740242591128
76676.5935,76676.5935,76674.79071290474,76678.39628709527,0.14926755999999994,-2.9036087841232074,3.605574190529296
76676.301,76676.301,76674.49821283357,76678.10378716644,0.14926755999999994,-2.9472695454314817,3.605574332876131
76676.00850000001,76676.00850000001,76674.20387926325,76677.81312073677,0.14926755999999994,-2.990930306725204,3.6092414735176135
76675.71550000002,76675.71550000002,76673.9043696751,76677.52663032494,0.14926755999999994,-3.03466570180899,3.622260649834061
76675.42300000001,76675.42300000001,76673.61202489297,76677.23397510705,0.14926755999999994,-3.0783264631027123,3.6219502140884288
76675.05350000001,76675.05350000001,76673.24146919984,76676.86553080018,0.14926755999999994,-3.133480826523737,3.624061600334244
76674.62050000002,76674.62050000002,76672.80416519301,76676.43683480703,0.14926755999999994,-3.1981136800022796,3.632669614016777
76674.18850000002,76674.18850000002,76672.36628332178,76676.01071667825,0.14926755999999994,-3.2625972659297986,3.644433356472291
76673.75650000002,76673.75650000002,76671.93384743994,76675.5791525601,0.14926755999999994,-3.3270808518427657,3.6453051201533526
76673.35250000001,76673.35250000001,76671.52978333228,76675.17521666773,0.14926755999999994,-3.387384946094244,3.6454333354486153
76672.95000000001,76672.95000000001,76671.1203114549,76674.77968854512,0.14926755999999994,-3.447465138990083,3.659377090225462
76672.5265,76672.5265,76670.6873764588,76674.36562354122,0.14926755999999994,-3.5106799506465904,3.6782470824255142
76672.16500000001,76672.16500000001,76670.32037522885,76674.00962477116,0.14926755999999994,-3.5646401735866675,3.6892495423089713
76671.649,76671.649,76669.79469395237,76673.50330604764,0.14926755999999994,-3.6416622345423093,3.7086120952735655
76671.1235,76671.1235,76669.26074486286,76672.98625513715,0.14926755999999994,-3.720102337334538,3.725510274292901
76670.68299999999,76670.68299999999,76668.81660600554,76672.54939399444,0.14926755999999994,-3.7858546975185163,3.7327879889053293
76670.306,76670.306,76668.43121744767,76672.18078255233,0.14926755999999994,-3.842128567630425,3.7495651046629064
76669.9205,76669.9205,76668.04391422844,76671.79708577154,0.14926755999999994,-3.899671212013345,3.7531715430959594
76669.53450000001,76669.53450000001,76667.65041739713,76671.41858260288,0.14926755999999994,-3.957288490171777,3.7681652057508472
76669.33300000001,76669.33300000001,76667.44291490295,76671.22308509708,0.14926755999999994,-3.9873659035074525,3.7801701941352803
76668.94750000001,76668.94750000001,76667.05606351717,76670.83893648285,0.14926755999999994,-4.044908547890373,3.7828729656757787
76668.68800000001,76668.68800000001,76666.79408684676,76670.58191315326,0.14926755999999994,-4.083643479709281,3.7878263065067586
76668.13750000003,76668.13750000001,76666.24245890098,76670.03254109905,0.14926755999999994,-4.165815271480824,3.7900821980729233
76667.58700000001,76667.587,76665.69196447567,76669.48203552433,0.14926755999999994,-4.247987063266919,3.79007104865741
76666.9725,76666.97249999999,76665.07726674396,76668.86773325602,0.14926755999999994,-4.339711978886044,3.7904665120586287
76666.2595,76666.25949999999,76664.36426549457,76668.1547345054,0.14926755999999994,-4.446139749168651,3.7904690108262002
76665.61,76665.60999999999,76663.70605360484,76667.51394639513,0.14926755999999994,-4.543089029393741,3.8078927902970463
76664.9595,76664.95949999998,76663.04195810444,76666.87704189552,0.14926755999999994,-4.640187577169854,3.835083791083889
76664.30899999998,76664.30899999996,76662.39145810783,76666.2265418921,0.14926755999999994,-4.7372861249459675,3.8350837842735928
76663.6305,76663.63049999998,76661.70983525607,76665.5511647439,0.14926755999999994,-4.838564164412674,3.8413294878264423
76662.89699999998,76662.89699999997,76660.97633417367,76664.81766582627,0.14926755999999994,-4.948051919665886,3.8413316525984555
76662.1845,76662.18449999999,76660.26383417669,76664.10516582329,0.14926755999999994,-5.054405056172982,3.8413316466030665
76661.4815,76661.48149999998,76659.56074649209,76663.40225350787,0.14926755999999994,-5.159340150858043,3.841507015778916
76660.8725,76660.87249999998,76658.95165975027,76662.7933402497,0.14926755999999994,-5.25024409488833,3.8416804994340055
76660.2865,76660.28649999999,76658.35187784383,76662.22112215614,0.14926755999999994,-5.3377148850413505,3.8692443123145495
76659.53099999999,76659.53099999997,76657.59637722312,76661.46562277683,0.14926755999999994,-5.450486526635359,3.8692455537093338
76658.81899999999,76658.81899999997,76656.88444871803,76660.75355128192,0.15314087999999995,-5.52554994347156,3.8691025638836436
76658.115,76658.11499999999,76656.19273930824,76660.03726069174,0.15314087999999995,-5.6333611229929375,3.8445213834929746
76657.411,76657.41099999998,76655.48873930673,76659.33326069322,0.15314087999999995,-5.741172302514315,3.844521386490669
76656.52300000002,76656.523,76654.60138401034,76658.44461598966,0.15314087999999995,-5.877161403957871,3.84323197932099
76655.819,76655.81899999999,76653.89738407137,76657.7406159286,0.15314087999999995,-5.984972583479248,3.843231857230421
76654.989,76654.989,76653.0677309139,76656.9102690861,0.15314087999999995,-6.1120795138704125,3.842538172204513
76654.45,76654.45,76652.52873159783,76656.37126840216,0.15314087999999995,-6.194622448194423,3.8425368043244816
76653.91100000001,76653.91100000001,76651.98996867599,76655.83203132403,0.15314087999999995,-6.277165382518433,3.842062648036517
76653.43600000002,76653.43600000002,76651.5154058171,76655.35659418293,0.15314087999999995,-6.349907300507766,3.8411883658263832
76653.1365,76653.1365,76651.21637182552,76655.05662817447,0.15314087999999995,-6.395772994073923,3.8402563489507884
76652.783,76652.783,76650.86374340265,76654.70225659735,0.15314087999999995,-6.449908295151545,3.8385131946997717
76652.4835,76652.4835,76650.56424080096,76654.40275919905,0.15314087999999995,-6.495773988717701,3.8385183980863076
76652.184,76652.184,76650.26474046972,76654.10325953027,0.15314087999999995,-6.541639682283858,3.8385190605476964
76651.8845,76651.8845,76649.96502891713,76653.80397108287,0.15314087999999995,-6.5875053758354625,3.838942165748449
76651.5845,76651.5845,76649.66502852304,76653.50397147695,0.15314087999999995,-6.633447639833321,3.8389429539092816
76651.28499999999,76651.28499999999,76649.36552876343,76653.20447123655,0.15315378999999996,-6.679292612840072,3.8389424731140025
76650.98549999998,76650.98549999998,76649.06618296295,76652.90481703701,0.15575207999999996,-6.721770105345058,3.8386340740544256
76650.6945,76650.6945,76648.78571347047,76652.60328652953,0.15662865999999995,-6.766204670217121,3.817573059059214
76650.4285,76650.4285,76648.52336564477,76652.33363435522,0.16662865999999996,-6.800382893779897,3.810268710454693
76650.37449999999,76650.37449999999,76648.62416300774,76652.12483699224,0.16662865999999996,-6.809380841412349,3.5006739844975527
76650.31999999998,76650.31999999998,76648.5714255525,76652.06857444746,0.16662865999999996,-6.818462103386992,3.497148894966813
76650.26599999997,76650.26599999997,76648.52011565557,76652.01188434438,0.16662865999999996,-6.827460051033995,3.491768688807497
76650.21199999997,76650.21199999997,76648.46632957977,76651.95767042018,0.16662865999999996,-6.836457998666447,3.4913408404099755
76650.15799999997,76650.15799999997,76648.41236128261,76651.90363871733,0.16662865999999996,-6.84545594631345,3.491277434717631
76650.10399999996,76650.10399999996,76648.36210011005,76651.84589988987,0.16662865999999996,-6.854453893960454,3.4837997798167635
76650.04999999996,76650.04999999996,76648.30924289252,76651.7907571074,0.16662865999999996,-6.863451841592905,3.4815142148872837
76649.99649999998,76649.99649999998,76648.25987382207,76651.73312617789,0.17662865999999997,-6.869201474895817,3.473252355819568
76649.94299999997,76649.94299999997,76648.36623784572,76651.51976215422,0.17662865999999997,-6.878651108199847,3.153524308494525
76649.88899999998,76649.88899999998,76648.46432557266,76651.3136744273,0.17662865999999997,-6.888189055840485,2.8493488546519075
76649.83499999998,76649.83499999998,76648.41406754633,76651.25593245363,0.17662865999999997,-6.897727003481123,2.8418649072991684
76649.83499999999,76649.83499999999,76648.44610288754,76651.22389711245,0.17662865999999997,-6.897727003481123,2.7777942249085754
76649.78099999999,76649.78099999999,76648.40094306174,76651.16105693823,0.17662865999999997,-6.9072649511217605,2.760113876487594
76649.72699999998,76649.72699999998,76648.38159648175,76651.07240351822,0.17662865999999997,-6.916802898762398,2.690807036473416
76649.61649999999,76649.61649999999,76648.3260011914,76650.90699880858,0.17662865999999997,-6.936320365697611,2.580997617187677
76649.55949999999,76649.55949999999,76648.28510536485,76650.83389463513,0.17662865999999997,-6.946388199314242,2.5487892702803947
76649.5025,76649.5025,76648.25204472622,76650.75295527378,0.17662865999999997,-6.956456032930873,2.5009105475619435
76649.4455,76649.4455,76648.20212132885,76650.68887867115,0.17662865999999997,-6.966523866547504,2.486757342296187
76649.33050000001,76649.33050000001,76648.08706109083,76650.57393890919,0.17662865999999997,-6.986836162453983,2.486877818359062
76649.20200000002,76649.20200000002,76647.94394921776,76650.46005078228,0.17662865999999997,-7.009532945259707,2.5161015645135194
76649.01850000002,76649.01850000002,76647.75185509065,76650.28514490939,0.17662865999999997,-7.041944304364733,2.533289818733465
76648.83500000002,76648.83500000002,76647.56835490813,76650.10164509191,0.17662865999999997,-7.07435566346976,2.5332901837828103
76648.60000000002,76648.60000000002,76647.36730542578,76649.83269457426,0.17662865999999997,-7.115863398576039,2.4653891484776977
76648.4165,76648.4165,76647.18406964252,76649.64893035749,0.17662865999999997,-7.148274757695617,2.464860714972019
76648.1815,76648.1815,76646.94594614695,76649.41705385306,0.17662865999999997,-7.189782492787344,2.471107706107432
76647.9465,76647.9465,76646.71030970618,76649.18269029383,0.17662865999999997,-7.2312902278936235,2.4723805876565166
76647.712,76647.712,76646.4759507877,76648.9480492123,0.18662865999999997,-7.245389648654964,2.472098424594151
76647.47649999999,76647.47649999999,76646.11917049265,76648.83382950733,0.18662865999999997,-7.2893406980874715,2.7146590146876406
76647.24149999999,76647.24149999999,76645.83214961617,76648.65085038381,0.18848477999999996,-7.32900081781554,2.818700767646078
76647.00649999999,76647.00649999999,76645.5919834319,76648.42101656807,0.18848477999999996,-7.373294741119025,2.829033136164071
76646.77149999999,76646.77149999999,76645.32471755487,76648.2182824451,0.18848477999999996,-7.41758866442251,2.8935648902261164
76646.53649999999,76646.53649999999,76645.08971733817,76647.98328266181,0.18848477999999996,-7.461882587711443,2.8935653236403596
76646.30149999999,76646.30149999999,76644.91804792504,76647.68495207494,0.18848477999999996,-7.506176511014928,2.7669041499029845
76646.06649999999,76646.06649999999,76644.73446817197,76647.398531828,0.18848477999999996,-7.550470434318413,2.6640636560332496
76645.88299999999,76645.88299999999,76644.5511400903,76647.21485990967,0.18848477999999996,-7.585057391450391,2.663719819363905
76645.6945,76645.6945,76644.54436038643,76646.84463961357,0.18848477999999996,-7.620586772478418,2.300279227143619
76645.3835,76645.3835,76644.26814466491,76646.49885533508,0.18848477999999996,-7.679205539054237,2.230710670177359
76645.0725,76645.0725,76643.95714490455,76646.18785509544,0.18848477999999996,-7.737824305630056,2.230710190895479
76644.81950000001,76644.81950000001,76643.70414450945,76645.93485549057,0.18848477999999996,-7.78551095497096,2.2307109811226837
76644.52649999999,76644.52649999999,76643.41157371315,76645.64142628683,0.18848477999999996,-7.84073699550936,2.229852573684184
76644.2265,76644.2265,76643.11169146904,76645.34130853097,0.18848477999999996,-7.89728242950514,2.2296170619374607
76643.926,76643.926,76642.8870624412,76644.96493755882,0.18848477999999996,-7.95392210589489,2.0778751176258083
76643.6635,76643.6635,76642.62404769777,76644.70295230222,0.18848477999999996,-8.003399360663025,2.0789046044519637
76643.1885,76643.1885,76642.28271003203,76644.09428996798,0.18848477999999996,-8.092929631151492,1.8115799359511584
76642.5275,76642.5275,76641.61999560957,76643.43500439043,0.18848477999999996,-8.21751807074179,1.8150087808608077
76641.8665,76641.8665,76640.95889014516,76642.77410985484,0.18848477999999996,-8.342106510317535,1.8152197096787859
76641.205,76641.205,76640.29738965143,76642.11261034857,0.18848477999999996,-8.466789192287251,1.8152206971426494
76640.54400000001,76640.54400000001,76639.6364431995,76641.45155680052,0.18848477999999996,-8.591377631862997,1.815113601012854
76639.883,76639.883,76638.98616645722,76640.77983354278,0.18922729999999996,-8.709934581478592,1.7936670855560806
76639.2225,76639.2225,76638.32627557493,76640.11872442508,0.19386742999999995,-8.800292243016884,1.792448850144865
76638.562,76638.562,76637.84759714524,76639.27640285477,0.19391961999999996,-8.927986684138887,1.4288057095254771
76637.901,76637.901,76637.1862961811,76638.6157038189,0.19391961999999996,-9.056167552960687,1.4294076377991587
76637.24,76637.24,76636.52529630951,76637.9547036905,0.19391961999999996,-9.184348421782488,1.4294073809869587
76636.579,76636.579,76635.8642961811,76637.2937038189,0.19391961999999996,-9.312529290604289,1.4294076377991587
76635.923,76635.923,76635.20829586011,76636.63770413988,0.19391961999999996,-9.439740561327199,1.429408279771451
76635.27249999999,76635.27249999999,76634.55767143075,76635.98732856923,0.19391961999999996,-9.565885274132597,1.429657138476614
76634.74399999999,76634.74399999999,76634.02907125435,76635.45892874563,0.19391961999999996,-9.668371793304686,1.4298574912827462
76634.2155,76634.2155,76633.50066083588,76634.93033916413,0.19391961999999996,-9.770858312476776,1.4296783282479737
76633.687,76633.687,76632.81299880789,76634.56100119212,0.19391961999999996,-9.873344831648865,1.7480023842363153
76633.2125,76633.2125,76631.84453378261,76634.58046621738,0.19417828999999995,-9.964983973171911,2.7359324347635265
76632.8005,76632.8005,76631.43658371468,76634.16441628532,0.19417828999999995,-10.044985428641667,2.7278325706429314
76632.3885,76632.3885,76631.06754920611,76633.70945079389,0.19417828999999995,-10.124986884125974,2.641901587776374
76631.99,76631.99,76630.66904934778,76633.31095065223,0.19417828999999995,-10.202366932688165,2.6419013044505846
76631.7525,76631.7525,76630.43162960612,76633.07337039389,0.19417828999999995,-10.248484276569798,2.6417407877743244
76631.753,76631.753,76630.43216138997,76633.07383861003,0.19417828999999995,-10.248387187428307,2.6416772200609557
76631.753,76631.753,76630.43350182971,76633.07249817028,0.19417828999999995,-10.248387187428307,2.638996340567246
76631.753,76631.753,76630.47335246521,76633.03264753478,0.19417828999999995,-10.248387187428307,2.5592950695718173
76631.7535,76631.7535,76630.51874652444,76632.98825347557,0.19417828999999995,-10.248290098272264,2.4695069511362817
76631.7535,76631.7535,76630.67485235355,76632.83214764646,0.19417828999999995,-10.248290098272264,2.1572952929127496
76631.753,76631.753,76630.77376582543,76632.73223417456,0.19417828999999995,-10.248387187428307,1.9584683491266333
76631.753,76631.753,76630.83236885269,76632.6736311473,0.19417828999999995,-10.248387187428307,1.8412622946198098
76631.7535,76631.7535,76630.83435399957,76632.67264600044,0.19417828999999995,-10.248290098272264,1.83829200087348
76631.754,76631.754,76630.85878712816,76632.64921287184,0.19417828999999995,-10.248193009130773,1.7904257436748594
76631.754,76631.754,76630.92998394418,76632.57801605582,0.19417828999999995,-10.248193009130773,1.6480321116396226
76631.754,76631.754,76630.930129068,76632.577870932,0.19417828999999995,-10.248193009130773,1.6477418639988173
76631.75450000001,76631.75450000001,76630.93062985256,76632.57837014746,0.19417828999999995,-10.248095919989282,1.647740294894902
76631.75450000001,76631.75450000001,76630.9341486921,76632.57485130792,0.19417828999999995,-10.248095919989282,1.640702615812188
76631.755,76631.755,76630.60449189554,76632.90550810446,0.19417828999999995,-10.24799883083324,2.3010162089194637
76631.755,76631.755,76630.61061843841,76632.8993815616,0.19417828999999995,-10.24799883083324,2.2887631231860723
76631.75450000001,76631.75450000001,76630.57364643169,76632.93535356833,0.19417828999999995,-10.248095919989282,2.361707136646146
76631.754,76631.754,76630.57314659707,76632.93485340293,0.19417828999999995,-10.248193009130773,2.361706805852009
76631.754,76631.754,76630.57314635045,76632.93485364955,0.19417828999999995,-10.248193009130773,2.3617072991037276
76631.75450000001,76631.75450000001,76630.61672412274,76632.89227587728,0.19417828999999995,-10.248095919989282,2.275551754544722
76631.75450000001,76631.75450000001,76630.69304491651,76632.81595508351,0.19417828999999995,-10.248095919989282,2.1229101670032833
76631.75450000001,76631.75450000001,76630.69322662047,76632.81577337955,0.19417828999999995,-10.248095919989282,2.1225467590847984
76631.75450000001,76631.75450000001,76630.97582082015,76632.53317917987,0.19417828999999995,-10.248095919989282,1.5573583597142715
76631.75450000001,76631.75450000001,76631.0103429011,76632.49865709891,0.19417828999999995,-10.248095919989282,1.4883141978061758
76631.75450000001,76631.75450000001,76631.01034270512,76632.4986572949,0.19417828999999995,-10.248095919989282,1.4883145897765644
76631.75450000001,76631.75450000001,76631.02206641181,76632.48693358821,0.19417828999999995,-10.248095919989282,1.4648671764007304
76631.755,76631.755,76631.02941952238,76632.48058047763,0.19417828999999995,-10.24799883083324,1.4511609552428126
76631.75450000001,76631.75450000001,76631.04321510141,76632.46578489861,0.19417828999999995,-10.248095919989282,1.4225697971996851
76631.75450000001,76631.75450000001,76630.94163084275,76632.56736915727,0.19417828999999995,-10.248095919989282,1.6257383145275526
76631.754,76631.754,76630.93242750688,76632.57557249312,0.19417828999999995,-10.248193009130773,1.6431449862429872
76631.75450000001,76631.75450000001,76630.02665957094,76633.48234042908,0.19417828999999995,-10.248095919989282,3.455680858140113
76631.75450000001,76631.75450000001,76630.02531394424,76633.48368605578,0.19417828999999995,-10.248095919989282,3.4583721115486696
76631.75450000001,76631.75450000001,76630.0253073623,76633.48369263772,0.19417828999999995,-10.248095919989282,3.458385275414912
76631.755,76631.755,76630.02549633927,76633.48450366074,0.19417828999999995,-10.24799883083324,3.459007321478566
76631.755,76631.755,76630.02532340527,76633.48467659474,0.19417828999999995,-10.24799883083324,3.459353189478861
76631.7555,76631.7555,76630.02423093696,76633.48676906303,0.19417828999999995,-10.247901741691749,3.462538126070285
76631.7555,76631.7555,76630.00148237956,76633.50951762043,0.19417828999999995,-10.247901741691749,3.5080352408695035
76631.75600000001,76631.75600000001,76630.02789361782,76633.4841063822,0.19417828999999995,-10.247804652550258,3.456212764373049
76631.75600000001,76631.75600000001,76630.02564227773,76633.48635772229,0.19417828999999995,-10.247804652550258,3.4607154445548076
76631.7555,76631.7555,76630.02892169794,76633.48207830206,0.19417828999999995,-10.247901741691749,3.4531566041114274
76631.75600000001,76631.75600000001,76630.02942606222,76633.4825739378,0.19417828999999995,-10.247804652550258,3.453147875581635
76631.7555,76631.7555,76630.02506496898,76633.48593503101,0.19417828999999995,-10.247901741691749,3.4608700620301533
76631.75600000001,76631.75600000001,76630.19909567054,76633.31290432948,0.19417828999999995,-10.247804652550258,3.113808658934431
76631.756,76631.756,76630.18518696443,76633.32681303556,0.19417828999999995,-10.247804652550258,3.141626071126666
76631.7555,76631.7555,76630.18384472631,76633.32715527368,0.19417828999999995,-10.247901741691749,3.143310547369765
76631.755,76631.755,76630.18029178014,76633.32970821987,0.19417828999999995,-10.24799883083324,3.1494164397299755
76631.75450000001,76631.75450000001,76630.17979118093,76633.3292088191,0.19417828999999995,-10.248095919989282,3.149417638167506
76631.75450000001,76631.75450000001,76630.18550693379,76633.32349306623,0.19417828999999995,-10.248095919989282,3.1379861324385274
76631.754,76631.754,76630.39969541272,76633.10830458728,0.19417828999999995,-10.248193009130773,2.70860917455866
76631.754,76631.754,76630.53128259169,76632.97671740831,0.19417828999999995,-10.248193009130773,2.445434816618217
76631.7535,76631.7535,76630.5315905385,76632.9754094615,0.19417828999999995,-10.248290098272264,2.4438189229986165
76631.7535,76631.7535,76630.53522654004,76632.97177345997,0.19417828999999995,-10.248290098272264,2.436546919925604
76631.753,76631.753,76630.53826933501,76632.96773066498,0.19417828999999995,-10.248387187428307,2.429461329971673
76631.75249999999,76631.75249999999,76629.97158447656,76633.53341552342,0.19417828999999995,-10.248484276569798,3.5618310468562413
76631.515,76631.515,76629.73331234197,76633.29668765803,0.19455874999999995,-10.292887648145552,3.5633753160655033
76631.277,76631.277,76629.44418752032,76633.10981247968,0.19455874999999995,-10.339192630635807,3.665624959365232
76631.0395,76631.0395,76629.20651977243,76632.87248022757,0.19455874999999995,-10.385400333761936,3.665960455138702
76630.8015,76630.8015,76628.96851972169,76632.63448027831,0.19455874999999995,-10.431705316266743,3.6659605566237587
76630.564,76630.564,76628.7304960459,76632.3975039541,0.19455874999999995,-10.477913019392872,3.6670079081959557
76630.3265,76630.3265,76628.48439699001,76632.16860300998,0.19455874999999995,-10.524120722519001,3.6842060199705884
76630.0885,76630.0885,76628.21880174543,76631.95819825456,0.19455874999999995,-10.570425705009256,3.739396509132348
76629.851,76629.851,76627.98130173932,76631.72069826067,0.19455874999999995,-10.616633408135385,3.739396521355957
76629.613,76629.613,76627.74329978412,76631.48270021587,0.19455874999999995,-10.662938390640193,3.739400431746617
76629.3755,76629.3755,76627.50434110824,76631.24665889175,0.19455874999999995,-10.709146093766321,3.7423177835007664
76629.038,76629.038,76627.16683552587,76630.90916447413,0.19455874999999995,-10.774809671886032,3.7423289482539985
76628.615,76628.615,76626.74202932749,76630.48797067252,0.19455874999999995,-10.85710802313406,3.7459413450269494
76628.1925,76628.1925,76626.31952962565,76630.06547037436,0.19457166999999995,-10.939245883913827,3.745940748718567
76627.76950000001,76627.76950000001,76625.8965987718,76629.64240122822,0.19457166999999995,-11.021549700322794,3.7458024564257357
76627.34650000001,76627.34650000001,76625.47359876662,76629.21940123341,0.19457166999999995,-11.10385351673176,3.7458024667866994
76626.9235,76626.9235,76625.05059877309,76628.79640122692,0.19457166999999995,-11.186157333140727,3.745802453835495
76626.50050000001,76626.50050000001,76624.62066615341,76628.38033384661,0.19457166999999995,-11.268461149564246,3.759667693200754
76626.07750000001,76626.07750000001,76624.19766615571,76627.95733384432,0.19457166999999995,-11.35076496595866,3.759667688602349
76625.65450000002,76625.65450000002,76623.77398815576,76627.53501184427,0.19457166999999995,-11.433068782382179,3.7610236885084305
76625.23150000002,76625.23150000002,76623.35127222152,76627.11172777852,0.19457166999999995,-11.515372598776594,3.760455556999659
76625.04600000002,76625.04600000002,76623.16577514613,76626.9262248539,0.19469762999999995,-11.551245717419079,3.7604497077700216
76624.86050000002,76624.86050000002,76622.97815836887,76626.74284163117,0.19469762999999995,-11.587362127771485,3.7646832622995134
76624.67500000002,76624.67500000002,76622.79125688747,76626.55874311256,0.19469762999999995,-11.623478538138443,3.7674862250860315
76624.49000000002,76624.49000000002,76622.6028122953,76626.37718770474,0.19474969999999994,-11.659435636393027,3.774375409440836
76624.30450000003,76624.30450000003,76622.41759563092,76626.19140436914,0.19474969999999994,-11.69556170575379,3.7738087382167578
76624.11950000002,76624.11950000002,76622.23066553898,76626.00833446105,0.19487346999999994,-11.731488970748615,3.7776689220627304
76623.93450000002,76623.93450000002,76622.04657770078,76625.82242229926,0.20487346999999995,-11.761195562692592,3.7758445984800346
76623.74900000003,76623.74900000003,76621.91644186463,76625.58155813543,0.20487346999999995,-11.799199591361685,3.665116270800354
76623.56350000002,76623.56350000002,76621.73094184788,76625.39605815215,0.20487346999999995,-11.837203620059881,3.665116304269759
76623.37800000001,76623.37800000001,76621.54518746457,76625.21081253546,0.20487346999999995,-11.875207648743526,3.6656250708911102
76623.29250000001,76623.29250000001,76621.45954412491,76625.12545587511,0.20487346999999995,-11.892724330420606,3.6659117501985747
76623.29250000001,76623.29250000001,76621.45821748802,76625.126782512,0.20487346999999995,-11.892724330420606,3.6685650239815004
76623.29200000002,76623.29200000002,76621.43199258581,76625.15200741422,0.20487346999999995,-11.892826767158112,3.720014828402782
76623.29250000001,76623.29250000001,76621.43273859896,76625.15226140106,0.21487346999999996,-11.892799330409616,3.7195228021009825
76623.29300000002,76623.29300000002,76622.57563859646,76624.01036140358,0.21487346999999996,-11.892691893677693,1.4347228071128484
76623.29350000001,76623.29350000001,76622.28364941195,76624.30335058807,0.21487346999999996,-11.89258445694577,2.01970117611927
76623.29400000002,76623.29400000002,76622.26550884155,76624.3224911585,0.21487346999999996,-11.892477020213846,2.0569823169498704
76623.29450000002,76623.29450000002,76622.18333318984,76624.4056668102,0.21487346999999996,-11.892369583481923,2.222333620360587
76623.29500000001,76623.29500000001,76621.83845524378,76624.75154475625,0.21487346999999996,-11.89226214675,2.913089512469014
76623.29550000002,76623.29550000002,76621.83862872368,76624.75237127637,0.21487346999999996,-11.892154710003524,2.913742552686017
76623.29550000002,76623.29550000002,76621.8386250895,76624.75237491055,0.21487346999999996,-11.892154710003524,2.9137498210475314
76623.29600000002,76623.29600000002,76621.82803529069,76624.76396470935,0.21487346999999996,-11.8920472732716,2.9359294186579064
76623.34400000001,76623.34400000001,76621.87003265014,76624.81796734988,0.21487346999999996,-11.881733346715919,2.9479346997395623
76623.42950000001,76623.42950000001,76621.95537106336,76624.90362893666,0.21487346999999996,-11.863361665018601,2.948257873300463
76623.51550000001,76623.51550000001,76622.03871597075,76624.99228402927,0.21487346999999996,-11.844882546603912,2.9535680585249793
76623.60050000002,76623.60050000002,76622.12135299057,76625.07964700946,0.21487346999999996,-11.82661830165307,2.9582940188993234
76623.79250000001,76623.79250000001,76622.31333865337,76625.27166134665,0.21487325999999995,-11.78536189244187,2.958322693273658
76623.985,76623.985,76622.5057738253,76625.4642261747,0.21487303999999996,-11.743998095800634,2.958452349412255
76624.1775,76624.1775,76622.69823145278,76625.65676854723,0.21487301999999997,-11.702634976347326,2.958537094440544
76624.36999999998,76624.36999999998,76622.44095719134,76626.29904280862,0.21487294999999998,-11.661271726086852,3.8580856172775384
76624.56299999998,76624.56299999998,76622.63090740971,76626.49509259025,0.21487294999999998,-11.619801246735733,3.8641851805441547
76624.75599999998,76624.75599999998,76622.82390755822,76626.68809244173,0.21487294999999998,-11.578330767399166,3.864184883510461
76624.94899999998,76624.94899999998,76623.01690747742,76626.88109252254,0.21487294999999998,-11.536860288033495,3.8641850451240316
76625.14099999997,76625.14099999997,76623.20890696323,76627.07309303671,0.21487282,-11.495604421768803,3.864186073478777
76625.33349999998,76625.33349999998,76623.40140707379,76627.26559292617,0.21487282,-11.454241403931519,3.864185852376977
76625.52599999998,76625.52599999998,76623.59387736444,76627.45812263552,0.21487282,-11.412878386079683,3.8642452710773796
76625.71849999997,76625.71849999997,76623.78637713355,76627.6506228664,0.21487282,-11.371515368227847,3.8642457328387536
76625.91099999998,76625.91099999998,76623.97885713662,76627.84314286333,0.21487282,-11.33015235037601,3.864285726711387
76626.10299999997,76626.10299999997,76624.17083983081,76628.03516016914,0.21487278999999998,-11.288896737823961,3.864320338325342
76626.29499999997,76626.29499999997,76624.36280382914,76628.2271961708,0.21487267999999998,-11.247641069203382,3.8643923416675534
76626.48699999998,76626.48699999998,76624.55475457862,76628.41924542133,0.21487263999999998,-11.206385488505475,3.8644908427086193
76626.67899999997,76626.67899999997,76624.7457745475,76628.61222545245,0.21487256999999998,-11.165129909350071,3.8664509049558546
76626.82349999997,76626.82349999997,76624.89027180028,76628.75672819966,0.21477257,-11.134049172978848,3.866456399380695
76626.93049999999,76626.93049999999,76624.99738976646,76628.86361023351,0.21477257,-11.111068507991149,3.866220467054518
76627.03749999998,76627.03749999998,76625.10438967864,76628.97061032131,0.21477257,-11.08808784300345,3.866220642667031
76627.14449999997,76627.14449999997,76625.21138960929,76629.07761039064,0.21477248999999998,-11.065107178379549,3.866220781346783
76627.14499999997,76627.14499999997,76625.21188965905,76629.0781103409,0.21477248999999998,-11.06499979212822,3.8662206818407867
76627.14549999997,76627.14549999997,76625.21238959969,76629.07861040025,0.21477248999999998,-11.064892405891442,3.866220800555311
76627.14549999997,76627.14549999997,76625.21238833795,76629.07861166199,0.21477244999999998,-11.06489240610972,3.8662233240320347
76627.14549999997,76627.14549999997,76625.2123882318,76629.07861176814,0.21477243,-11.064892406211584,3.866223536344478
76627.14549999997,76627.14549999997,76625.21238819901,76629.07861180093,0.21477243,-11.064892406211584,3.866223601915408
76627.14499999997,76627.14499999997,76625.21188817556,76629.07811182439,0.21477225,-11.064999793321476,3.8662236488307826
76627.14449999997,76627.14449999997,76625.21138688363,76629.0776131163,0.21472018,-11.06510741377133,3.8662262326688506
76627.14449999997,76627.14449999997,76625.21144780557,76629.07755219436,0.21471992,-11.065107414935483,3.8661043887841515
76627.14399999997,76627.14399999997,76625.21094811513,76629.07705188481,0.21471983,-11.0652147752553,3.86610376968747
76627.14399999997,76627.14399999997,76625.21094818796,76629.07705181198,0.21471983,-11.0652147752553,3.8661036240227986
76627.14349999998,76627.14349999998,76625.21044818475,76629.0765518152,0.2147198,-11.065322135284077,3.866103630454745
76627.14349999998,76627.14349999998,76625.21044957792,76629.07655042203,0.2147198,-11.065322135284077,3.866100844112225
76627.14349999998,76627.14349999998,76625.21044939001,76629.07655060994,0.21471971999999998,-11.065322135560564,3.8661012199299876
76627.14349999998,76627.14349999998,76625.21044942304,76629.07655057691,0.21471951999999997,-11.065322136259056,3.8661011538642924
76627.14349999998,76627.14349999998,76625.21040129478,76629.07659870517,0.21471945999999997,-11.065322136462783,3.8661974103888497
76627.14349999998,76627.14349999998,76625.21037654912,76629.07662345083,0.21471937999999996,-11.06532213675382,3.866246901714476
76627.14399999997,76627.14399999997,76625.21084574117,76629.07715425878,0.21471937999999996,-11.065214777059737,3.8663085176085588
76627.14399999997,76627.14399999997,76625.21084551622,76629.07715448372,0.21471937999999996,-11.065214777059737,3.86630896749557
76627.14349999998,76627.14349999998,76625.2103855075,76629.07661449246,0.21471928999999995,-11.065322137059411,3.866228984959889
76627.14349999998,76627.14349999998,76625.21045155855,76629.0765484414,0.21471908999999995,-11.065322137757903,3.866096882848069
76627.14349999998,76627.14349999998,76625.21045752098,76629.07654247897,0.21471908999999995,-11.065322137757903,3.866084957990097
76627.14299999997,76627.14299999997,76625.2099890582,76629.07601094173,0.21471903999999994,-11.065429497466539,3.866021883528447
76627.14299999997,76627.14299999997,76625.21167799439,76629.07432200554,0.21471901999999995,-11.065429497524747,3.862644011154771
76627.14299999997,76627.14299999997,76625.21170877702,76629.07429122292,0.21471879999999996,-11.065429498179583,3.862582445901353
76627.14249999997,76627.14249999997,76625.21121187804,76629.07378812191,0.21471877999999997,-11.065536857640836,3.8625762438750826
76627.14249999997,76627.14249999997,76625.21209306085,76629.0729069391,0.21471867999999997,-11.06553685790277,3.860813878243789
76627.14249999997,76627.14249999997,76625.21302790676,76629.07197209318,0.21471847999999996,-11.065536858397536,3.8589441864169203
76627.14249999997,76627.14249999997,76625.21305748473,76629.07194251522,0.21471840999999997,-11.065536858572159,3.858885030495003
76627.14249999997,76627.14249999997,76625.21306811544,76629.07193188451,0.21471830999999997,-11.065536858819542,3.8588637690700125
76627.14199999996,76627.14199999996,76625.21260932297,76629.07139067695,0.21471826999999996,-11.065644218047964,3.8587813539779745
76627.14199999996,76627.14199999996,76625.21260881759,76629.07139118234,0.21471821999999996,-11.065644218149828,3.8587823647540063
76627.14149999997,76627.14149999997,76625.21210475794,76629.070895242,0.21471819999999997,-11.06575157729094,3.8587904840533156
76627.14199999996,76627.14199999996,76625.2125996841,76629.07140031582,0.21471819999999997,-11.065644218193484,3.8588006317149848
76627.14249999997,76627.14249999997,76625.21170616041,76629.07329383954,0.21471819999999997,-11.065536859096028,3.861587679130025
76627.14299999997,76627.14299999997,76625.21219449493,76629.073805505,0.21471819999999997,-11.065429499998572,3.8616110100701917
76627.14349999998,76627.14349999998,76625.21269296049,76629.07430703947,0.21471819999999997,-11.065322140901117,3.861614078981802
76627.22049999997,76627.22049999997,76625.28966231544,76629.1513376845,0.21471819999999997,-11.048788839500048,3.861675369058503
76627.45049999998,76627.45049999998,76625.51956859758,76629.38143140238,0.21471816999999996,-10.999403524503578,3.861862804798875
76627.68149999998,76627.68149999998,76625.75056704726,76629.6124329527,0.21471816999999996,-10.949803627241636,3.8618659054336604
76627.91199999998,76627.91199999998,76625.98210029361,76629.84189970636,0.21471811999999996,-10.90031089715194,3.8597994127485435
76628.14249999999,76628.14249999999,76626.21260915892,76630.07239084106,0.21471811999999996,-10.850818370498018,3.8597816821420565
76628.37299999999,76628.37299999999,76626.44462235432,76630.30137764566,0.21471793999999997,-10.801325235966942,3.856755291344598
76628.6035,76628.6035,76626.67516871967,76630.53183128033,0.21471789999999996,-10.751832624955568,3.856662560661789
76628.834,76628.834,76626.90566903619,76630.76233096381,0.21471766999999997,-10.702339478317299,3.8566619276243728
76629.065,76629.065,76627.13667290648,76630.99332709353,0.21471766999999997,-10.652739696553908,3.856654187053209
76629.296,76629.296,76627.36763561353,76631.22436438648,0.21471766999999997,-10.603139914775966,3.85672877295292
76629.5265,76629.5265,76627.59813015776,76631.45486984226,0.21471749999999998,-10.553647113847546,3.856739684502827
76629.75700000001,76629.75700000001,76627.8254315894,76631.68856841062,0.21471737999999999,-10.504154490947258,3.8631368212227244
76629.9875,76629.9875,76628.05593602374,76631.91906397627,0.21471734999999997,-10.454662081989227,3.8631279525288846
76630.21800000001,76630.21800000001,76628.28644325468,76632.14955674534,0.21471722,-10.405169533652952,3.8631134906609077
76630.4485,76630.4485,76628.51694486251,76632.38005513749,0.21471712999999998,-10.355677097293665,3.8631102749786805
76630.67899999999,76630.67899999999,76628.74745605853,76632.61054394145,0.21471691999999998,-10.306184573913924,3.8630878829280846
76630.90900000001,76630.90900000001,76628.97771572194,76632.84028427809,0.21443248999999998,-10.25656047668599,3.862568556156475
76631.139,76631.139,76629.21820384868,76633.05979615131,0.21443234999999997,-10.207240918447496,3.8415923026332166
76631.36899999999,76631.36899999999,76629.4482082547,76633.28979174528,0.21443220999999996,-10.157921424601227,3.841583490575431
76631.599,76631.599,76629.67802055294,76633.51997944707,0.20443220999999995,-10.107092016289243,3.8419588941324037
76631.75200000001,76631.75200000001,76630.75105301884,76632.75294698117,0.20443220999999995,-10.075813888164703,2.001893962325994
76631.75200000001,76631.75200000001,76630.90900247778,76632.59499752223,0.20443220999999995,-10.075813888164703,1.6859950444486458
76631.7515,76631.7515,76630.90949453117,76632.59350546883,0.20443220999999995,-10.07591610426607,1.684010937664425
76631.7515,76631.7515,76630.05662483469,76633.44637516531,0.20443220999999995,-10.07591610426607,3.3897503306216095
76631.751,76631.751,76630.0515484094,76633.4504515906,0.20443220999999995,-10.076018320367439,3.3989031811943278
76631.751,76631.751,76629.93320578152,76633.56879421849,0.20443220999999995,-10.076018320367439,3.635588436969556
76631.751,76631.751,76629.9272014665,76633.5747985335,0.20443220999999995,-10.076018320367439,3.6475970669998787
76631.751,76631.751,76629.91841840463,76633.58358159538,0.20443220999999995,-10.076018320367439,3.6651631907443516
76631.7505,76631.7505,76629.90892094393,76633.59207905606,0.20443220999999995,-10.076120536483359,3.68315811213688
76631.673,76631.673,76629.8260653363,76633.5199346637,0.20443220999999995,-10.091964032748365,3.6938693273987155
76631.61600000001,76631.61600000001,76629.76878894326,76633.46321105676,0.20443220999999995,-10.103616668726318,3.694422113505425
76631.48150000001,76631.48150000001,76629.63366320233,76633.32933679769,0.20443220999999995,-10.131112800969277,3.6956735953572206
76631.32800000001,76631.32800000001,76629.47910259367,76633.17689740635,0.20443220999999995,-10.162493145195185,3.697794812673237
76631.1745,76631.1745,76629.3249842382,76633.02401576178,0.20443220999999995,-10.193873489435646,3.6990315235743765
76631.014,76631.014,76629.16352383948,76632.86447616051,0.20443220999999995,-10.226684859138913,3.7009523210290354
76630.8425,76630.8425,76628.99179576483,76632.69320423517,0.20443220999999995,-10.261744983159588,3.7014084703405388
76630.71800000001,76630.71800000001,76628.86514957312,76632.5708504269,0.20443220999999995,-10.287196793302428,3.705700853781309
76630.5465,76630.5465,76628.69268509868,76632.40031490132,0.20443220999999995,-10.32225691730855,3.707629802636802
76630.31599999999,76630.31599999999,76628.46111135649,76632.1708886435,0.20443220999999995,-10.369378541727201,3.709777287003817
76630.03899999999,76630.03899999999,76628.18409990318,76631.8939000968,0.20443220999999995,-10.426006263893214,3.7098001936101355
76629.7235,76629.7235,76627.86723306507,76631.57976693491,0.20443220999999995,-10.490504626141046,3.7125338698388077
76629.37399999998,76629.37399999998,76627.51756556347,76631.2304344365,0.20443220999999995,-10.561953683543834,3.7128688730299473
76629.01099999998,76629.01099999998,76627.15412236187,76630.8678776381,0.20443220999999995,-10.636162575770868,3.713755276228767
76628.6375,76628.6375,76626.76793961327,76630.50706038672,0.20443220999999995,-10.712518006199389,3.739120773447212
76628.466,76628.466,76626.59613408404,76630.33586591596,0.20443220999999995,-10.747578130220063,3.73973183191265
76628.04300000002,76628.043,76626.1721070368,76629.91389296322,0.20443220999999995,-10.83405295504781,3.7417859264241997
76627.52400000002,76627.524,76625.65310609936,76629.39489390065,0.20443220999999995,-10.940153272036696,3.7417878012929577
76627.03200000002,76627.032,76625.10929994818,76628.95470005184,0.20443220999999995,-11.040733919362538,3.8454001036589034
76626.524,76626.52399999999,76624.60071131332,76628.44728868666,0.20443220999999995,-11.144585482034017,3.8465773733332753
76626.126,76626.12599999999,76624.20242716609,76628.04957283389,0.20443220999999995,-11.225949501618743,3.8471456677943934
76625.66400000002,76625.664,76623.73866763887,76627.58933236114,0.20443220999999995,-11.320397182629677,3.8506647222675383
76625.21100000001,76625.211,76623.27970684886,76627.14229315113,0.20443220999999995,-11.413004973772331,3.8625863022753038
76624.728,76624.72799999999,76622.7966991877,76626.65930081227,0.20443220999999995,-11.51174573120079,3.8626016245689243
76624.24500000002,76624.24500000001,76622.3124708909,76626.17752910912,0.20443220999999995,-11.610486488629249,3.8650582182162907
76623.75800000002,76623.758,76621.82547071317,76625.69052928683,0.20443220999999995,-11.710044974897755,3.865058573661372
76623.21700000003,76623.21700000002,76621.28394017543,76625.1500598246,0.20443220999999995,-11.820642800506903,3.8661196491739247
76622.611,76622.61099999999,76620.67794017274,76624.54405982724,0.20443220999999995,-11.944528719774098,3.8661196544999257
76622.04149999999,76622.04149999998,76620.10838693501,76623.97461306494,0.20443220999999995,-12.060952863364946,3.866226129932329
76621.48199999999,76621.48199999997,76619.5488868429,76623.41511315705,0.20443220999999995,-12.175332684855675,3.866226314159576
76620.80899999998,76620.80899999996,76618.87544114268,76622.74255885725,0.20443220999999995,-12.31291556218639,3.8671177145733964
76620.17499999999,76620.17499999997,76618.24140274791,76622.10859725204,0.20449668999999995,-12.442047464137431,3.8671945041278377
76619.57449999999,76619.57449999997,76617.64095241948,76621.50804758047,0.20449668999999995,-12.564847726476728,3.8670951609965414
76618.9875,76618.98749999999,76617.05395242409,76620.92104757589,0.20449668999999995,-12.684887283510761,3.867095151799731
76618.3535,76618.3535,76616.41995242641,76620.28704757358,0.20449668999999995,-12.81453818497539,3.867095147172222
76617.57500000001,76617.57500000001,76615.64145223683,76619.5085477632,0.20449668999999995,-12.973738858127035,3.867095526366029
76617.04800000001,76617.04800000001,76615.11445223376,76618.98154776626,0.20449668999999995,-13.08150861375907,3.867095532506937
76616.617,76616.617,76614.6834522357,76618.5505477643,0.20449668999999995,-13.169646687150816,3.867095528607024
76615.92150000001,76615.92150000001,76613.98795224204,76617.85504775798,0.20449668999999995,-13.311874135048129,3.8670955159468576
76615.242,76615.242,76613.30845224202,76617.17554775797,0.20449668999999995,-13.450829635898117,3.8670955159468576
76614.5295,76614.5295,76612.59595224427,76616.46304775574,0.20449668999999995,-13.596533527525025,3.8670955114648677
76613.773,76613.773,76611.83945282293,76615.70654717708,0.20449668999999995,-13.75123527352116,3.8670943541510496
76613.08499999999,76613.08499999999,76611.1514529827,76615.01854701729,0.20449668999999995,-13.891928996235947,3.867094034590991
76612.4465,76612.4465,76610.51320829788,76614.37979170213,0.21449668999999996,-13.960535132791847,3.866583404247649
76611.8075,76611.8075,76609.88492973108,76613.73007026891,0.21449668999999996,-14.097598517706501,3.8451405378291383
76611.1795,76611.1795,76609.2569818996,76613.1020181004,0.21449668999999996,-14.232302439020714,3.8450362008006778
76610.61649999999,76610.61649999999,76608.69839265941,76612.53460734057,0.21449668999999996,-14.353064075505245,3.8362146811559796
76610.07149999999,76610.07149999999,76608.15400687636,76611.98899312362,0.21449668999999996,-14.469964771546074,3.834986247267807
76609.537,76609.537,76607.62081811854,76611.45318188146,0.21449668999999996,-14.584613252358395,3.8323637629218865
76609.05149999999,76609.05149999999,76607.13724876965,76610.96575123032,0.21449668999999996,-14.688751395355212,3.828502460673917
76608.726,76608.726,76606.813365174,76610.63863482598,0.21449668999999996,-14.758570067948312,3.825269651977578
76608.4,76608.4,76606.48746200876,76610.31253799122,0.21449668999999996,-14.828495988884242,3.8250759824586567
76608.0745,76608.0745,76606.16215841864,76609.98684158137,0.21449668999999996,-14.898314661477343,3.824683162732981
76607.749,76607.749,76605.83671806645,76609.66128193354,0.21449668999999996,-14.968133334070444,3.8245638670923654
76607.481,76607.481,76605.56895153715,76609.39304846285,0.21449668999999996,-15.025618446990848,3.824096925702179
76607.15599999999,76607.15599999999,76605.24435236292,76609.06764763706,0.21523939999999997,-15.094656975983526,3.823295274138218
76606.8305,76606.8305,76604.92030181488,76608.74069818511,0.21523939999999997,-15.164717400679365,3.820396370225353
76606.50499999999,76606.50499999999,76604.59580987622,76608.41419012376,0.21523939999999997,-15.234777825389756,3.818380247539608
76606.4175,76606.4175,76604.50892272432,76608.32607727568,0.21948713999999997,-15.252899776416598,3.8171545513614547
76606.32999999999,76606.32999999999,76604.43110094723,76608.22889905274,0.22948713999999998,-15.271304901179974,3.7977981055155396
76606.33050000001,76606.33050000001,76604.54403352378,76608.11696647624,0.23004890999999997,-15.272133650316391,3.572932952461997
76606.465,76606.465,76604.68432187238,76608.24567812761,0.23396502999999996,-15.2508453077171,3.561356255231658
76606.632,76606.632,76604.85953090804,76608.40446909195,0.23396502999999996,-15.211773147704662,3.544938183913473
76606.79950000001,76606.79950000001,76605.02872597221,76608.5702740278,0.23396502999999996,-15.172584005180397,3.5415480555966496
76606.9865,76606.9865,76605.30867667857,76608.66432332143,0.23396502999999996,-15.128832544578472,3.3556466428563
76607.1735,76607.1735,76605.49999020067,76608.84700979934,0.23396493999999995,-15.085080831384403,3.3470195986737963
76607.3605,76607.3605,76605.70297746132,76609.01802253867,0.23396486999999996,-15.041329204235808,3.315045077353716
76607.54800000001,76607.54800000001,76605.89049330639,76609.20550669363,0.23396486999999996,-14.997460791113554,3.3150133872404695
76607.735,76607.735,76606.13601721113,76609.33398278887,0.23396484999999997,-14.953709315508604,3.1979655777395237
76607.92199999999,76607.92199999999,76606.32316244299,76609.520837557,0.23396465999999996,-14.909957497555297,3.1976751140027773
76608.10949999999,76608.10949999999,76606.52409776392,76609.69490223606,0.23396465999999996,-14.866089123795973,3.1708044721453916
76608.29649999998,76608.29649999998,76606.71235498291,76609.88064501705,0.23396455999999996,-14.822337564022746,3.1682900341402274
76608.48449999999,76608.48449999999,76607.00632918398,76609.962670816,0.23396455999999996,-14.778352226741845,2.9563416320306715
76608.67349999999,76608.67349999999,76607.34282529018,76610.0041747098,0.23396455999999996,-14.734132924902951,2.6613494196208194
76608.862,76608.862,76607.65235621783,76610.07164378215,0.23396455999999996,-14.690030605343054,2.419287564320257
76609.049,76609.049,76608.07667387344,76610.02132612656,0.23396455999999996,-14.646279232634697,1.9446522531216033
76609.2365,76609.2365,76608.38702471515,76610.08597528485,0.23396455999999996,-14.60241087761824,1.6989505696983542
76609.425,76609.425,76608.57820285448,76610.27179714553,0.23396455999999996,-14.558308558072895,1.6935942910495214
76609.656,76609.656,76607.91024304964,76611.40175695036,0.23396455999999996,-14.504262744711014,3.491513900720747
76609.98149999998,76609.98149999998,76608.22986750815,76611.7331324918,0.23396455999999996,-14.428107280429685,3.503264983650297
76610.35449999999,76610.35449999999,76608.55426839001,76612.15473160996,0.23396455999999996,-14.34083849954186,3.6004632199474145
76610.585,76610.585,76608.77355372468,76612.39644627534,0.23396455999999996,-14.286909668473527,3.6228925506584346
76610.9805,76610.9805,76609.16755797858,76612.79344202143,0.23396436999999995,-14.19437544819084,3.6258840428490657
76611.375,76611.375,76609.5620579672,76613.1879420328,0.23392862999999994,-14.101857954112347,3.625884065608261
76611.7505,76611.7505,76609.93783849153,76613.56316150846,0.23392858999999994,-14.014017523964867,3.625323016924085
76612.12649999998,76612.12649999998,76610.20678762808,76614.04621237189,0.23392858999999994,-13.926060374127701,3.8394247438118327
76612.5025,76612.5025,76610.58099231785,76614.42400768216,0.23392858999999994,-13.838103224290535,3.8430153643130325
76612.878,76612.878,76610.95635369055,76614.79964630945,0.23392858999999994,-13.750263038746198,3.8432926188979764
76613.2535,76613.2535,76611.3316744054,76615.17532559461,0.23392843999999993,-13.662422217734274,3.8436511892068665
76613.629,76613.629,76611.7068982147,76615.5511017853,0.22392843999999992,-13.535972088517155,3.8442035705957096
76614.00450000001,76614.00450000001,76612.28800315941,76615.72099684061,0.22392843999999992,-13.45188695928664,3.43299368119915
76614.3805,76614.3805,76612.6635821868,76616.0974178132,0.22392843999999992,-13.367689865845023,3.433835626405198
76614.75499999999,76614.75499999999,76613.02939836198,76616.480601638,0.22392836999999993,-13.283828473620815,3.4512032760248985
76615.12849999999,76615.12849999999,76613.40289791935,76616.85410208063,0.22392813999999994,-13.200190684277914,3.4512041612761095
76615.5025,76615.5025,76613.78429344392,76617.22070655608,0.22392806999999995,-13.116441420774208,3.436413112154696
76615.8775,76615.8775,76614.15928898123,76617.59571101877,0.22375614999999996,-13.032191173522733,3.4364220375427976
76616.2525,76616.2525,76614.53557957598,76617.96942042402,0.22371411999999996,-12.948230605150457,3.4338408480398357
76616.62649999998,76616.62649999998,76614.90967847417,76618.3433215258,0.21459711999999997,-12.856688994768774,3.4336430516268592
76616.95749999999,76616.95749999999,76615.30722031138,76618.6077796886,0.21459711999999997,-12.785657348053064,3.3005593772104476
76617.1935,76617.1935,76615.54322676788,76618.8437732321,0.21459711999999997,-12.735012427729089,3.3005464642192237
76617.294,76617.294,76615.64372684072,76618.94427315927,0.21459711999999997,-12.713445417175535,3.3005463185545523
76617.49100000001,76617.49100000001,76615.84072705565,76619.14127294437,0.21459711999999997,-12.67116978453123,3.3005458887200803
76617.49049999999,76617.49049999999,76615.84022641726,76619.14077358271,0.21459711999999997,-12.671277083092718,3.3005471654469147
76617.48999999999,76617.48999999999,76615.83972655912,76619.14027344086,0.21459711999999997,-12.671384381654207,3.3005468817427754
76617.48999999999,76617.48999999999,76615.83935958207,76619.14064041791,0.21459711999999997,-12.671384381654207,3.3012808358471375
76617.4895,76617.4895,76615.83853472875,76619.14046527124,0.21459711999999997,-12.671491680201143,3.301930542482296
76617.48849999999,76617.48849999999,76615.83685433143,76619.14014566856,0.21459711999999997,-12.67170627732412,3.30329133712803
76617.48749999999,76617.48749999999,76615.83585546313,76619.13914453685,0.21459711999999997,-12.671920874447096,3.3032890737231355
76617.48749999999,76617.48749999999,76615.83585411923,76619.13914588075,0.21459711999999997,-12.671920874447096,3.303291761520086
76617.487,76617.487,76615.83904294997,76619.13495705002,0.21459711999999997,-12.672028173008584,3.2959141000465024
76617.48649999998,76617.48649999998,76615.90014810735,76619.07285189262,0.21459711999999997,-12.672135471570073,3.1727037852688227
76617.4855,76617.4855,76615.8963246286,76619.07467537139,0.21459711999999997,-12.67235006869305,3.1783507427899167
76617.4855,76617.4855,76615.90147351247,76619.06952648752,0.21459711999999997,-12.67235006869305,3.168052975059254
76617.4855,76617.4855,76615.89658453465,76619.07441546534,0.21459711999999997,-12.67235006869305,3.1778309306828305
76617.485,76617.485,76615.89586194872,76619.07413805128,0.21459711999999997,-12.672457367239986,3.1782761025533546
76617.485,76617.485,76615.89586110799,76619.07413889201,0.21459711999999997,-12.672457367239986,3.178277784027159
76617.48449999999,76617.48449999999,76615.89503986335,76619.07396013664,0.21459711999999997,-12.672564665816026,3.1789202732907142
76617.484,76617.484,76615.89454103947,76619.07345896053,0.21459711999999997,-12.672671964362962,3.178917921060929
76617.4835,76617.4835,76616.12075098476,76618.84624901525,0.21459711999999997,-12.67277926292445,2.725498030486051
76617.4835,76617.4835,76616.12086701895,76618.84613298105,0.21459711999999997,-12.67277926292445,2.7252659621008206
76617.4835,76617.4835,76616.12281497073,76618.84418502927,0.21459711999999997,-12.67277926292445,2.721370058541652
76617.4825,76617.4825,76616.16565384546,76618.79934615454,0.21459711999999997,-12.672993860047427,2.6336923090857454
76617.424,76617.424,76616.2842257474,76618.5637742526,0.21459711999999997,-12.685547791566933,2.2795485052047297
76617.3475,76617.3475,76616.35706913685,76618.33793086316,0.21459711999999997,-12.701964471241808,1.9808617263042834
76617.213,76617.213,76616.35604418008,76618.06995581993,0.21459711999999997,-12.730827783889254,1.7139116398466285
76617.036,76617.036,76616.23191423774,76617.84008576225,0.21459711999999997,-12.768811474132235,1.608171524509089
76616.85949999999,76616.85949999999,76615.69588261658,76618.0231173834,0.21459711999999997,-12.806687865813728,2.3272347668244038
76616.4895,76616.4895,76615.31496311323,76617.66403688677,0.21459711999999997,-12.886088800209109,2.349073773541022
76616.11899999999,76616.11899999999,76614.78895609027,76617.44904390971,0.21459711999999997,-12.965597033165977,2.6600878194440156
76615.7495,76615.7495,76614.41131899004,76617.08768100997,0.21490663,-13.043138997163624,2.6763620199344587
76615.379,76615.379,76614.04370551088,76616.71429448912,0.21490663,-13.122761903578066,2.670588978246087
76615.009,76615.009,76613.32416981316,76616.69383018685,0.21490663,-13.202277356685954,3.3696603736898396
76614.63850000002,76614.63850000002,76612.89030905301,76616.38669094702,0.21490663,-13.281900263100397,3.49638189401594
76614.26800000001,76614.26800000001,76612.51980906587,76616.01619093416,0.21490663,-13.36152316951484,3.496381868288154
76613.89300000001,76613.89300000001,76612.1448549207,76615.64114507932,0.21490663,-13.442113155761035,3.496290158625925
76613.5175,76613.5175,76611.76927412694,76615.26572587306,0.21490663,-13.522810595328338,3.496451746119419
76612.95550000001,76612.95550000001,76611.20699538928,76614.70400461074,0.21490663,-13.6435881213838,3.4970092214643955
76612.39349999999,76612.39349999999,76610.63990354865,76614.14709645133,0.21490663,-13.764365647453815,3.507192902674433
76611.83149999999,76611.83149999999,76610.07790096848,76613.5850990315,0.21490663,-13.885143173509277,3.5071980630164035
76611.26949999998,76611.26949999998,76609.51590107066,76613.0230989293,0.21490663,-14.00592069956474,3.507197858649306
76610.70749999999,76610.70749999999,76608.87863601834,76612.53636398164,0.21490663,-14.126698225620203,3.6577279632911086
76610.07349999998,76610.07349999998,76608.24048950209,76611.90651049788,0.21490663,-14.26294902904192,3.6660209957917687
76609.497,76609.497,76607.65902004643,76611.33497995358,0.21490663,-14.386842701234855,3.6759599071519915
76608.9385,76608.9385,76607.10052005417,76610.77647994584,0.21490663,-14.506868054100778,3.6759598916687537
76608.4375,76608.4375,76606.59914279755,76610.27585720245,0.21490663,-14.614536275723367,3.6767144048935734
76607.9025,76607.9025,76606.0641276421,76609.7408723579,0.21490663,-14.72951132277376,3.6767447158053983
76607.368,76607.368,76605.5296968036,76609.2063031964,0.21503260999999999,-14.843861390676466,3.6766063928080257
76607.0265,76607.0265,76605.18947762468,76608.86352237534,0.21503260999999999,-14.917295027000364,3.6740447506599594
76606.68549999999,76606.68549999999,76604.8521714925,76608.51882850748,0.21534969999999998,-14.98953495520982,3.666657014982775
76606.3435,76606.3435,76604.51346588513,76608.17353411487,0.21534969999999998,-15.063184552593157,3.6600682297430467
76605.9245,76605.9245,76604.0944658115,76607.75453418848,0.21534969999999998,-15.153416076907888,3.660068376979325
76605.58249999999,76605.58249999999,76603.74971464493,76607.41528535505,0.21534969999999998,-15.227065674305777,3.665570710116299
76605.24100000001,76605.24100000001,76603.407688278,76607.07431172201,0.21534969999999998,-15.300607596844202,3.6666234440053813
76604.737,76604.737,76602.90368237536,76606.57031762463,0.21534969999999998,-15.40914384565258,3.666635249275714
76604.1635,76604.1635,76602.33017998782,76605.99682001217,0.21567272999999998,-15.530820648506051,3.666640024341177
76603.59,76603.59,76601.75623385164,76605.42376614835,0.21728789999999998,-15.646303895540768,3.667532296705758
76603.20300000001,76603.20300000001,76601.3701415885,76605.03585841152,0.21728789999999998,-15.730394312849967,3.6657168230158277
76602.816,76602.816,76600.98314165883,76604.64885834118,0.21728789999999998,-15.814484730144613,3.665716682357015
76602.429,76602.429,76600.59614163647,76604.26185836353,0.21728789999999998,-15.89857514743926,3.6657167270604987
76602.04199999999,76602.04199999999,76600.20861596863,76603.87538403134,0.21728789999999998,-15.982665564748459,3.6667680627142545
76601.59349999999,76601.59349999999,76599.76010904837,76603.42689095161,0.21728789999999998,-16.08011918789998,3.666781903244555
76601.17,76601.17,76599.3088717141,76603.03112828589,0.21728789999999998,-16.172140613547526,3.7222565717820544
76600.74650000001,76600.74650000001,76598.8853717164,76602.60762828361,0.21728789999999998,-16.26416203919507,3.722256567212753
76600.323,76600.323,76598.42310789773,76602.22289210228,0.21728789999999998,-16.356183464842616,3.7997842045442667
76599.90000000001,76599.90000000001,76597.99831843186,76601.80168156816,0.21793396999999998,-16.44578331595403,3.8033631363068707
76599.55350000001,76599.55350000001,76597.65868852686,76601.44831147316,0.21917195999999997,-16.51729439588962,3.7896229462930933
76599.20600000002,76599.20600000002,76597.32159928445,76601.09040071559,0.21917195999999997,-16.593456651986344,3.768801431142492
76598.85950000002,76598.85950000002,76596.9753654859,76600.74363451415,0.22917195999999998,-16.64400473612477,3.768269028252689
76598.51250000003,76598.51250000003,76596.77791453646,76600.24708546359,0.22942560999999997,-16.722971278606565,3.469170927128289
76598.16550000003,76598.16550000003,76596.43361768188,76599.89738231819,0.22942560999999997,-16.802581965283025,3.46376463631168
76597.89600000004,76597.89600000004,76596.1643755197,76599.62762448037,0.22942560999999997,-16.864412167167757,3.463248960673809
76597.54950000004,76597.54950000004,76595.82390229157,76599.27509770851,0.22942560999999997,-16.943908141038264,3.4511954169429373
76597.20250000004,76597.20250000004,76595.50997931704,76598.89502068305,0.22942560999999997,-17.023518827700173,3.385041366011137
76597.01800000004,76597.01800000004,76595.34344254206,76598.69255745802,0.22942560999999997,-17.065847852747538,3.3491149159672204
76596.90800000004,76596.90800000004,76595.24347040323,76598.57252959684,0.22942560999999997,-17.091084669853444,3.3290591936092824
76596.79800000004,76596.79800000004,76595.1398694228,76598.45613057728,0.22942560999999997,-17.1163214869448,3.3162611544830725
76596.68850000003,76596.68850000003,76595.03036957339,76598.34663042668,0.22942560999999997,-17.14144359124475,3.316260853287531
76596.57900000004,76596.57900000004,76594.92086969268,76598.2371303074,0.22942560999999997,-17.166565695544705,3.316260614723433
76596.46950000004,76596.46950000004,76594.82512757527,76598.1138724248,0.22942560999999997,-17.191687799830106,3.288744849531213
76596.36000000003,76596.36000000003,76594.71562805497,76598.00437194509,0.22942560999999997,-17.21680990413006,3.288743890123442
76596.31200000003,76596.31200000003,76594.66308971113,76597.96091028894,0.22942560999999997,-17.227822333414224,3.297820577805396
76596.31200000003,76596.31200000003,76594.66309005895,76597.96090994112,0.22942560999999997,-17.227822333414224,3.2978198821656406
76596.31200000003,76596.31200000003,76594.66226604074,76597.96173395932,0.22942560999999997,-17.227822333414224,3.2994679185794666
76596.31250000003,76596.31250000003,76594.66276622165,76597.96223377841,0.22942560999999997,-17.22770762060827,3.2994675567606464
76596.31250000003,76596.31250000003,76594.67896781689,76597.94603218317,0.22942560999999997,-17.22770762060827,3.267064366285922
76596.42150000003,76596.42150000003,76595.21355553764,76597.6294444624,0.22942556999999997,-17.20270014597918,2.4158889247628395
76596.67900000003,76596.67900000003,76595.4711412149,76597.88685878516,0.22942556999999997,-17.143623061696417,2.4157175702566747
76596.78850000002,76596.78850000002,76595.64099765982,76597.93600234023,0.22942556999999997,-17.11850096177659,2.2950046804035082
76596.99900000003,76596.99900000003,76595.85220483023,76598.14579516982,0.22942556999999997,-17.07020687928889,2.2935903395991772
76597.24800000002,76597.24800000002,76596.1355420126,76598.36045798744,0.22942556999999997,-17.013079912372632,2.2249159748316742
76597.89250000002,76597.8925,76596.28920171771,76599.4957982823,0.22942556999999997,-16.86521513250773,3.2065965645888355
76598.47700000001,76598.477,76596.86859328682,76600.08540671317,0.22942556999999997,-16.73111588683969,3.2168134263483807
76599.062,76599.06199999999,76597.45352733125,76600.67047266873,0.22942532999999996,-16.596899780866806,3.2169453374808654
76599.74650000001,76599.7465,76598.13803297636,76601.35496702362,0.22942532999999996,-16.439858142490266,3.21693404726102
76600.391,76600.39099999999,76598.74561739567,76602.0363826043,0.22942532999999996,-16.29199351729767,3.290765208628727
76601.031,76601.03099999999,76599.3727205089,76602.68927949108,0.22942518999999995,-16.14516017504502,3.3165589821874164
76601.675,76601.67499999999,76600.01672396218,76603.3332760378,0.22942516999999996,-15.997410202384344,3.3165520756156184
76602.31899999999,76602.31899999997,76600.66115739499,76603.97684260496,0.22942508999999994,-15.8496598432248,3.3156852099637035
76602.96349999998,76602.96349999997,76601.3056576857,76604.62134231423,0.22942508999999994,-15.701795372719062,3.3156846285273787
76603.785,76603.78499999999,76602.05407294471,76605.51592705527,0.22942497999999995,-15.513321676233318,3.4618541105592158
76604.6065,76604.60649999998,76602.87557054005,76606.3374294599,0.22942479999999996,-15.324847591138678,3.4618589198507834
76605.42799999999,76605.42799999997,76603.54556911296,76607.31043088698,0.22942468999999996,-15.136374313617125,3.764861774019664
76606.41249999999,76606.41249999996,76604.49781906998,76608.32718092995,0.22942468999999996,-14.910505706327967,3.829361859970959
76607.234,76607.23399999997,76605.31894051131,76609.14905948863,0.22942468999999996,-14.722033323487267,3.8301189773192164
76608.19499999999,76608.19499999996,76606.27928188814,76610.11071811178,0.22942457999999996,-14.501555388444103,3.8314362236415036
76609.06999999999,76609.06999999996,76607.1543399046,76610.98566009532,0.22942457999999996,-14.300808880943805,3.831320190714905
76609.776,76609.77599999997,76607.86055590569,76611.69144409425,0.22942441999999996,-14.138834198820405,3.8308881885604933
76610.6505,76610.65049999997,76608.73505822137,76612.56594177858,0.22942441999999996,-13.938202543533407,3.830883557209745
76611.424,76611.42399999997,76609.50811297649,76613.33988702345,0.22942441999999996,-13.760742754660896,3.8317740469647106
76612.147,76612.14699999998,76610.23069880262,76614.06330119734,0.22942431999999996,-13.594868538697483,3.83260239471565
76612.487,76612.48699999998,76610.57026951326,76614.4037304867,0.22942431999999996,-13.516864269899088,3.833460973430192
76612.9615,76612.96149999999,76611.04136038235,76614.88163961763,0.22942418999999997,-13.408001841351506,3.840279235271737
76613.436,76613.43599999999,76611.51586238544,76615.35613761454,0.22942418999999997,-13.299140063201776,3.840275229100371
76613.811,76613.81099999999,76611.89085801007,76615.7311419899,0.22942418999999997,-13.213105991948396,3.8402839798363857
76614.226,76614.22599999998,76612.30548193709,76616.14651806287,0.22942418999999997,-13.117894953102223,3.84103612578474
76614.64499999999,76614.64499999997,76612.72453868289,76616.56546131706,0.22942407999999997,-13.021765904544736,3.840922634175513
76615.06,76615.05999999998,76613.13969019933,76616.98030980064,0.22942384999999998,-12.926554352437961,3.8406196013092995
76615.4755,76615.47549999999,76613.55519514336,76617.39580485661,0.22942384999999998,-12.831228742768872,3.840609713253798
76615.89,76615.89,76613.97135232347,76617.80864767653,0.22942365999999997,-12.736132252946845,3.837295353063382
76616.12749999999,76616.12749999999,76614.20889725721,76618.04610274277,0.22942363999999998,-12.681644106458407,3.837205485557206
76616.365,76616.365,76614.44639339468,76618.28360660533,0.22931452,-12.627033231940004,3.8372132106451318
76616.60250000001,76616.60250000001,76614.68694317449,76618.51805682553,0.22931448999999998,-12.572571006807266,3.831113651045598
76616.677,76616.677,76614.75999891806,76618.59400108193,0.22931444999999998,-12.555487044795882,3.8340021638723556
76616.91449999998,76616.91449999998,76614.99749584105,76618.83150415892,0.22931444999999998,-12.501024862925988,3.8340083178773057
76617.0125,76617.0125,76615.09538742574,76618.92961257425,0.22931444999999998,-12.478552046814002,3.834225148515543
76617.0875,76617.0875,76615.16754818955,76619.00745181044,0.22931444999999998,-12.46135346306255,3.8399036208866164
76617.399,76617.399,76615.47897827956,76619.31902172045,0.22931436999999996,-12.389921659007086,3.840043440897716
76617.68950000001,76617.68950000001,76615.76947895349,76619.60952104653,0.22931409999999997,-12.323304721998284,3.84004209304112
76617.98000000001,76617.98000000001,76616.05998417552,76619.9000158245,0.22931401999999995,-12.2566886695422,3.8400316489860415
76618.28300000001,76618.28300000001,76616.36298122186,76620.20301877816,0.22931398999999994,-12.187206415677792,3.8400375563069247
76618.57350000001,76618.57350000001,76616.65347849033,76620.49352150969,0.22931377999999994,-12.120590021906537,3.840043019357836
76618.78950000001,76618.78950000001,76616.86948280463,76620.7095171954,0.22931372999999994,-12.071058094414184,3.8400343907705974
76619.00850000003,76619.00850000003,76617.07812555305,76620.938874447,0.22931372999999994,-12.020838387543336,3.8607488939596806
76619.22450000003,76619.22450000003,76617.29395339038,76621.15504660967,0.22931372999999994,-11.971306621853728,3.8610932192823384
76619.44050000003,76619.44050000003,76617.50982390925,76621.3711760908,0.22931372999999994,-11.921774856178672,3.8613521815568674
76619.65700000002,76619.65700000002,76617.72667389052,76621.58732610953,0.22931372999999994,-11.872128433635226,3.860652219009353
76619.89450000002,76619.89450000002,76617.96389083161,76621.82510916844,0.21931372999999993,-11.7942114227626,3.861218336824095
76619.74850000003,76619.74850000002,76618.43395769307,76621.06304230697,0.21931372999999993,-11.82623122734367,2.629084613901796
76619.63400000002,76619.634,76618.74642949442,76620.52157050559,0.21931372999999993,-11.8513426494319,1.775141011166852
76619.53450000002,76619.53450000001,76618.38101491735,76620.68798508267,0.21931372999999993,-11.873164365562843,2.3069701653148513
76619.46,76619.45999999999,76618.29161848323,76620.62838151676,0.21931372999999993,-11.889503238446196,2.3367630335269496
76619.46,76619.45999999999,76618.20174209944,76620.71825790055,0.21931372999999993,-11.889503238446196,2.5165158011077438
76619.46200000001,76619.462,76618.14019977655,76620.78380022345,0.21931372999999993,-11.889064610993955,2.6436004468996543
76619.69900000001,76619.699,76618.23109149955,76621.16690850044,0.20931372999999992,-11.811677256977418,2.935817000892712
76619.72400000002,76619.72399999999,76618.16003777269,76621.28796222729,0.20931372999999992,-11.80644441372715,3.12792445460218
76619.75700000001,76619.757,76618.16075497876,76621.35324502124,0.20931372999999992,-11.799537060636794,3.192490042478312
76619.588,76619.58799999999,76617.9912410753,76621.18475892468,0.20931372999999992,-11.834911081008613,3.1935178493731655
76619.375,76619.37499999999,76617.77221504167,76620.9777849583,0.20931372999999992,-11.879494905500906,3.2055699166376144
76619.3525,76619.35249999996,76617.71762691323,76620.9873730867,0.20922994999999991,-11.884036276082043,3.2697461734642275
76619.2185,76619.21849999997,76617.49798990086,76620.93901009909,0.20922994999999991,-11.912073089377373,3.441020198224578
76619.2285,76619.22849999997,76617.50670254983,76620.95029745011,0.1992299499999999,-11.882165789866121,3.4435949002800044
76619.238,76619.23799999997,76617.50586775156,76620.97013224837,0.1892299499999999,-11.852653105335776,3.4642644968116656
76619.23800000001,76619.23799999998,76617.49565041969,76620.98034958028,0.1792299499999999,-11.826233105341089,3.4846991605882067
76619.24050000003,76619.24050000001,76617.48954977607,76620.99145022396,0.16922994999999988,-11.799490030462039,3.5019004478817806
76619.26150000004,76619.26150000002,76617.49569100633,76621.02730899371,0.15922994999999987,-11.766151201518369,3.5316179873771034
76619.26100000003,76619.26100000001,76617.49071363182,76621.0312863682,0.15310301999999987,-11.75061327192816,3.540572736383183
76619.23950000001,76619.2395,76617.46720188331,76621.01179811668,0.14510301999999986,-11.73334098685882,3.544596233376069
76619.59150000001,76619.5915,76617.81777241662,76621.36522758337,0.13510301999999985,-11.661979723823606,3.5474551667575724
76619.92250000002,76619.9225,76618.1361024986,76621.7088975014,0.13453990999999985,-11.616192122979555,3.5727950028085615
76620.02550000002,76620.0255,76618.23843336948,76621.81256663053,0.13453990999999985,-11.602334512237576,3.5741332610487007
76620.33750000002,76620.33750000001,76618.52937418447,76622.14562581555,0.13453957999999985,-11.56035743249231,3.616251631086925
76620.57500000001,76620.575,76618.76636308282,76622.38363691718,0.13453953999999985,-11.528404215641785,3.6172738343593664
76620.81049999999,76620.81049999998,76619.00171519817,76622.61928480178,0.12453953999999985,-11.482425153968506,3.61756960360799
76620.8105,76620.81049999999,76619.00055460465,76622.62044539534,0.12453948999999985,-11.48242508250405,3.619890790694626
76621.02249999999,76621.02249999998,76619.20649770001,76622.83850229994,0.12453941999999985,-11.456022625381593,3.6320045999309514
76621.227,76621.22699999998,76619.41067022979,76623.04332977018,0.12453941999999985,-11.430554313992616,3.6326595403952524
76621.418,76621.41799999999,76619.60169980739,76623.23430019259,0.12453941999999985,-11.406767284774105,3.6326003852009308
76621.653,76621.653,76619.8367572686,76623.46924273141,0.12453941999999985,-11.377500521077309,3.6324854628182948
76621.697,76621.697,76619.88869453741,76623.50530546259,0.12453919999999985,-11.3720206671278,3.616610925178975
76621.85250000001,76621.85250000001,76620.04419453355,76623.66080546647,0.12453899999999984,-11.35265474402695,3.6166109329205938
76621.8645,76621.8645,76620.0561945153,76623.67280548469,0.12453899999999984,-11.351160276026349,3.6166109693876933
76621.8765,76621.8765,76620.0832651405,76623.66973485949,0.12453119999999984,-11.349662972730584,3.5864697189826984
76621.8945,76621.8945,76620.10126364868,76623.6877363513,0.12448744999999985,-11.347406295521068,3.5864727026200853
76621.913,76621.913,76620.11975872154,76623.70624127846,0.12448715999999985,-11.34510318285902,3.5864825569151435
76621.9135,76621.9135,76620.11906048392,76623.70793951607,0.12448715999999985,-11.345040939282626,3.5888790321478155
76621.97099999999,76621.97099999999,76620.14281406857,76623.7991859314,0.12448715999999985,-11.337882927589817,3.6563718628312927
76622.02799999999,76622.02799999999,76620.21197948855,76623.84402051143,0.12448699999999985,-11.330787011946086,3.632041022880003
76622.095,76622.095,76620.27897948383,76623.91102051617,0.12448699999999985,-11.322446382939233,3.6320410323387478
76622.15199999999,76622.15199999999,76620.33849834613,76623.96550165385,0.12448699999999985,-11.31535062394687,3.6270033077162225
76622.49899999998,76622.49899999998,76620.70113217575,76624.29686782422,0.12448699999999985,-11.272153634941787,3.5957356484723277
76622.73649999998,76622.73649999998,76620.9512376871,76624.52176231287,0.12448695999999984,-11.242587802305934,3.5705246257712133
76623.0245,76623.0245,76621.23923770944,76624.80976229056,0.12448695999999984,-11.206735557832872,3.5705245811259374
76623.26249999998,76623.26249999998,76621.4773659724,76625.04763402756,0.12448695999999984,-11.177107661351329,3.5702680551621597
76623.62349999999,76623.62349999999,76621.82292441787,76625.42407558211,0.12448692999999984,-11.13216769369319,3.601151164242765
76623.92399999998,76623.92399999998,76622.10761879913,76625.74038120084,0.11448692999999985,-11.051499371227692,3.6327624017139897
76624.09099999999,76624.09099999999,76622.23553409414,76625.94646590583,0.11448692999999985,-11.032380053919042,3.710931811685441
76624.258,76624.258,76622.40211784681,76626.1138821532,0.11448684999999985,-11.013260630046716,3.7117643063829746
76624.4455,76624.4455,76622.59177218327,76626.29922781674,0.11448684999999985,-10.991794345667586,3.70745563347009
76624.6335,76624.6335,76622.7887596583,76626.47824034169,0.11448684999999985,-10.970270817866549,3.6894806833879557
76624.6955,76624.6955,76622.85782131711,76626.53317868289,0.11448658999999985,-10.963172949195723,3.6753573657770175
76624.75700000001,76624.75700000001,76622.91979684435,76626.59420315568,0.11448635999999984,-10.95613231761672,3.6744063113292214
76624.82100000001,76624.82100000001,76622.98817234728,76626.65382765274,0.11448630999999984,-10.948805255640764,3.665655305463588
76624.909,76624.909,76623.08052130915,76626.73747869085,0.11448630999999984,-10.938730460358784,3.6569573816959746
76624.9855,76624.9855,76623.18181020491,76626.78918979508,0.11448622999999984,-10.929972354890197,3.6073795901611447
76625.0615,76625.0615,76623.2836813966,76626.8393186034,0.11448615999999984,-10.92127149181033,3.555637206794927
76625.1135,76625.1135,76623.34655565576,76626.88044434425,0.11448615999999984,-10.915318211482372,3.533888688485604
76625.1625,76625.1625,76623.43576885243,76626.88923114758,0.11448606999999984,-10.909708500563283,3.453462295146892
76625.21449999999,76625.21449999999,76623.49217634377,76626.9368236562,0.11448606999999984,-10.903755224921042,3.444647312426241
76625.2665,76625.2665,76623.5751654101,76626.95783458989,0.11448606999999984,-10.897801949293353,3.3826691797876265
76625.3415,76625.3415,76623.65160183083,76627.03139816916,0.11448606999999984,-10.8892154940404,3.379796338325832
76625.192,76625.192,76623.52604169938,76626.8579583006,0.11448606999999984,-10.906331161502749,3.331916601222474
76625.009,76625.009,76623.36451389315,76626.65348610686,0.11448606999999984,-10.92728211231588,3.2889722137188073
76624.87600000002,76624.87600000002,76623.2587103395,76626.49328966053,0.11448606999999984,-10.94250875961734,3.2345793210261036
76624.70100000002,76624.70100000002,76623.11338482067,76626.28861517936,0.11448606999999984,-10.962543821864529,3.1752303586981725
76624.5865,76624.5865,76623.07872992048,76626.09427007953,0.11448606999999984,-10.975652476889081,3.015540159045486
76624.6055,76624.6055,76623.13314168122,76626.0778583188,0.11448606999999984,-10.973477241554065,2.944716637575766
76624.6245,76624.6245,76623.16469228774,76626.08430771227,0.11448606999999984,-10.971302006219048,2.9196154245291837
76624.62299999999,76624.62299999999,76623.19004504546,76626.05595495453,0.11448606999999984,-10.971473735335167,2.8659099090727977
76624.51749999999,76624.51749999999,76623.23389433295,76625.80110566702,0.11448606999999984,-10.983552015721216,2.567211334069725
76624.53849999998,76624.53849999998,76623.25627050182,76625.82072949814,0.11448606999999984,-10.981147808255628,2.564458996319445
76624.55899999998,76624.55899999998,76623.20251386362,76625.91548613633,0.11448606999999984,-10.978800843819045,2.7129722727113403
76624.57749999997,76624.57749999997,76623.22100868341,76625.93399131653,0.11448606999999984,-10.976682851513033,2.71298263312201
76624.57249999997,76624.57249999997,76623.21600987884,76625.92899012109,0.11448606999999984,-10.977255281875841,2.712980242242338
76624.57899999995,76624.57899999995,76622.96911971545,76626.18888028446,0.11448606999999984,-10.976511122411466,3.2197605690162163
76624.58999999997,76624.58999999997,76622.9062050955,76626.27379490444,0.11448606999999984,-10.975251775642391,3.3675898089422844
76624.58499999996,76624.58499999996,76622.82321310499,76626.34678689494,0.11448606999999984,-10.975824205990648,3.523573789949296
76624.66049999997,76624.66049999997,76622.89759251774,76626.4234074822,0.11448606999999984,-10.96718050770869,3.5258149644650985
76624.90949999998,76624.90949999998,76623.14023113389,76626.67876886607,0.11448606999999984,-10.93867347628111,3.538537732179975
76625.15849999999,76625.15849999999,76623.39372057939,76626.92327942059,0.11448606999999984,-10.910166444838978,3.529558841197286
76625.4455,76625.4455,76623.68071106108,76627.21028893892,0.11448606999999984,-10.877308942755917,3.5295778778381646
76625.832,76625.832,76624.06709164806,76627.59690835193,0.11448591999999984,-10.833059191994835,3.5298167038708925
76626.20199999999,76626.20199999999,76624.44514219115,76627.95885780883,0.11448591999999984,-10.790699401608435,3.5137156176788267
76626.572,76626.572,76624.81502759975,76628.32897240025,0.11448591999999984,-10.748339611207484,3.5139448005065788
76626.8605,76626.8605,76625.1024114416,76628.61858855838,0.11448579999999983,-10.715309838953544,3.5161771167768165
76627.149,76627.149,76625.39090895423,76628.90709104578,0.11448563999999983,-10.682279952685349,3.516182091552764
76627.437,76627.437,76625.68214756838,76629.19185243163,0.11448555999999983,-10.649307744926773,3.5097048632451333
76627.72499999999,76627.72499999999,76625.97799680679,76629.4720031932,0.11448545999999983,-10.61633550314582,3.49400638640509
76628.01299999999,76628.01299999999,76626.26599587633,76629.76000412366,0.11448530999999983,-10.583363133118837,3.494008247333113
76628.405,76628.405,76626.65957022767,76630.15042977233,0.11448508999999983,-10.538484160089865,3.4908595446613617
76628.79649999998,76628.79649999998,76627.06153137078,76630.53146862918,0.11448505999999983,-10.493663159344578,3.469937258400023
76629.18899999998,76629.18899999998,76627.46345478648,76630.91454521348,0.11448505999999983,-10.448727773298742,3.4510904269991443
76629.58099999999,76629.58099999999,76627.84975290882,76631.31224709116,0.11448486999999984,-10.403849221460405,3.4624941823421977
76629.97249999999,76629.97249999999,76628.24135161805,76631.70364838192,0.11448482999999983,-10.359028324572137,3.4622967638715636
76630.36399999999,76630.36399999999,76628.63287377103,76632.09512622895,0.11448460999999983,-10.314207213101326,3.4622524579172023
76630.75099999999,76630.75099999999,76629.01987693558,76632.4821230644,0.11448440999999983,-10.269901473235223,3.462246128823608
76631.14249999999,76631.14249999999,76629.20721336822,76633.07778663175,0.11448437999999983,-10.225080809090286,3.8705732635280583
76631.45749999999,76631.45749999999,76629.52221404843,76633.39278595155,0.11448437999999983,-10.18901822938642,3.8705719031277113
76631.5955,76631.5955,76629.66021247327,76633.53078752672,0.11448437999999983,-10.173219384945696,3.8705750534427352
76631.733,76631.733,76629.79771213824,76633.66828786174,0.11448434999999983,-10.15747778279183,3.870575723500224
76631.7325,76631.7325,76629.7972008144,76633.6677991856,0.11362906999999983,-10.157537163162488,3.8705983711988665
76631.7325,76631.7325,76629.81382981135,76633.65117018865,0.11350668999999983,-10.157537469116505,3.837340377300279
76631.73199999999,76631.73199999999,76629.81568822436,76633.64831177561,0.11350648999999982,-10.157594222866464,3.8326235512504354
76631.7315,76631.7315,76629.81519111915,76633.64780888084,0.11350624999999982,-10.157650976470904,3.8326177616836503
76631.7315,76631.7315,76629.81553571495,76633.64746428504,0.11350601999999982,-10.15765097682015,3.831928570085438
76631.7315,76631.7315,76629.8155386605,76633.64746133948,0.11350591999999982,-10.15765097696567,3.8319226789753884
76631.73199999999,76631.73199999999,76629.81603924943,76633.64796075055,0.11350591999999982,-10.157594224001514,3.831921501114266
76631.73199999999,76631.73199999999,76629.81759656977,76633.6464034302,0.11345450999999981,-10.157594326825347,3.828806860430632
76631.709,76631.709,76629.79568314641,76633.6223168536,0.11340531999999981,-10.160225374973379,3.826633707183646
76631.686,76631.686,76629.77372617587,76633.59827382413,0.11340502999999981,-10.162833817972569,3.8245476482552476
76631.663,76631.663,76629.75079420819,76633.57520579181,0.11340480999999981,-10.16544222010998,3.824411583627807
76631.6395,76631.6395,76629.72832929435,76633.55067070566,0.11340458999999982,-10.16810731444275,3.8223414113163017
76631.6165,76631.6165,76629.70535234075,76633.52764765926,0.11340445999999982,-10.17071566505183,3.8222953185031656
76631.5935,76631.5935,76629.68235189917,76633.50464810083,0.11340441999999981,-10.173323980576242,3.822296201658901
76631.571,76631.571,76629.65985212085,76633.48214787914,0.11340441999999981,-10.175875580025604,3.8222957582911476
76631.5485,76631.5485,76629.63711388706,76633.45988611295,0.11340441999999981,-10.178427179474966,3.8227722258889116
76631.526,76631.526,76629.61198955067,76633.44001044933,0.11340441999999981,-10.180978778924327,3.8280208986543585
76631.5025,76631.5025,76629.58784173388,76633.41715826612,0.1104389399999998,-10.184333256896934,3.829316532239318
76631.479,76631.479,76629.62068905671,76633.3373109433,0.1104388899999998,-10.18692858243594,3.7166218865895644
76631.456,76631.456,76629.6027691705,76633.30923082952,0.1104383999999998,-10.189468768046936,3.7064616590214428
76631.433,76631.433,76629.57977683617,76633.28622316384,0.1104383899999998,-10.192008852871368,3.706446327676531
76631.43350000001,76631.43350000001,76629.58763143487,76633.27936856516,0.1104383899999998,-10.191953633679077,3.6917371302843094
76631.4345,76631.4345,76629.58858555232,76633.28041444768,0.1104383899999998,-10.191843195294496,3.6918288953602314
76631.43600000002,76631.43600000002,76629.59007192377,76633.28192807626,0.1104383899999998,-10.191677537703072,3.691856152494438
76631.43750000001,76631.43750000001,76629.58874447964,76633.28625552039,0.1104383899999998,-10.191511880111648,3.697511040751124
76631.41500000001,76631.41500000001,76629.55880942321,76633.27119057681,0.1104383899999998,-10.193996743895696,3.7123811536002904
76631.41550000002,76631.41550000002,76629.61004617285,76633.22095382719,0.1104383899999998,-10.193941524703405,3.610907654336188
76631.41600000001,76631.41600000001,76629.61209878355,76633.21990121648,0.1104383899999998,-10.193886305496562,3.607802432932658
76631.44050000001,76631.44050000001,76629.64748559467,76633.23351440535,0.1104383899999998,-10.191180564943352,3.586028810677817
76631.465,76631.465,76629.62161844017,76633.30838155982,0.1104383899999998,-10.188474824390141,3.6867631196510047
76631.4895,76631.4895,76629.62561081749,76633.3533891825,0.1104383899999998,-10.18576908383693,3.72777836502064
76631.7505,76631.7505,76629.85889225139,76633.6421077486,0.1104382699999998,-10.156944095317158,3.78321549721295
76632.0115,76632.0115,76630.11989193164,76633.90310806835,0.1104382199999998,-10.128119482906186,3.7832161367114168
76632.2725,76632.2725,76630.3808925019,76634.16410749812,0.11043806999999979,-10.099294474857743,3.7832149962196127
76632.53300000001,76632.53300000001,76630.64147477274,76634.42452522728,0.11043804999999979,-10.070525278482819,3.783050454541808
76632.7935,76632.7935,76630.9019737032,76634.6850262968,0.11043774999999979,-10.041755057507544,3.783052593586035
76633.097,76633.097,76631.20547520938,76634.9885247906,0.11043774999999979,-10.0082372003817,3.7830495812231675
76633.43350000001,76633.43350000001,76631.54127067474,76635.32572932528,0.11043774999999979,-9.971074897504877,3.7844586505379993
76633.695,76633.695,76631.80126629348,76635.58873370654,0.11043774999999979,-9.942195425872342,3.787467413058039
76633.9565,76633.9565,76632.06276228369,76635.85023771631,0.11043774999999979,-9.913315954254358,3.787475432618521
76634.3385,76634.3385,76632.44475043978,76636.23224956021,0.1104375899999998,-9.871128002312616,3.7874991204298567
76634.573,76634.573,76632.67925175518,76636.46674824483,0.11043751999999979,-9.845230257458752,3.7874964896473102
76634.82149999999,76634.82149999999,76632.92840652361,76636.71459347637,0.11043716999999979,-9.817785869265208,3.786186952755088
76635.07249999998,76635.07249999998,76633.17940816734,76636.96559183262,0.11043688999999979,-9.790065661494737,3.786183665273711
76635.3235,76635.3235,76633.43041063384,76637.21658936616,0.1104367999999998,-9.762345871014986,3.786178732319968
76635.58099999998,76635.58099999998,76633.68790793876,76637.4740920612,0.11033366999999979,-9.733820837645908,3.78618412243668
76635.833,76635.833,76633.94096582074,76637.72503417925,0.11033361999999979,-9.706016704963986,3.784068358509103
76636.24549999999,76636.24549999999,76634.3534660262,76638.13753397379,0.11033361999999979,-9.660504086714354,3.7840679475921206
76636.5575,76636.5575,76634.66510504679,76638.4498949532,0.11033361999999979,-9.62607999726606,3.784789906407241
76636.953,76636.953,76635.06072365788,76638.84527634211,0.11033351999999978,-9.58244277886115,3.7845526842284016
76637.30500000001,76637.30500000001,76635.41272437395,76639.19727562607,0.11033340999999978,-9.543605215367279,3.7845512521162163
76637.3705,76637.3705,76635.46945696065,76639.27154303936,0.11033340999999978,-9.536378377015353,3.8020860787073616
76637.38500000001,76637.38500000001,76635.48264704876,76639.28735295126,0.10700777999999979,-9.536790548707359,3.804705902497517
76637.41,76637.41,76635.54142741735,76639.27857258265,0.1066815699999998,-9.534252362413099,3.7371451653016265
76637.4245,76637.4245,76635.55908579206,76639.28991420793,0.0979574599999998,-9.538328168549924,3.73082841586438
76637.43900000001,76637.43900000001,76635.65788906963,76639.2201109304,0.0979572399999998,-9.536907930363668,3.5622218607750256
76637.41050000001,76637.41050000001,76635.62939018798,76639.19160981204,0.0979570299999998,-9.539699844113784,3.5622196240583435
76637.34950000001,76637.34950000001,76635.56883496126,76639.13016503876,0.09795672999999981,-9.545675393790589,3.5613300775003154
76637.3635,76637.3635,76635.58235627152,76639.14464372849,0.09795670999999981,-9.544304011244094,3.5622874569671694
76637.37800000001,76637.37800000001,76635.59639557159,76639.15960442844,0.09795670999999981,-9.542883638947387,3.563208856852725
76637.2715,76637.2715,76635.4891287007,76639.0538712993,0.0979566599999998,-9.553316053148592,3.5647425985953305
76637.28950000001,76637.28950000001,76635.50712711699,76639.07187288304,0.0979566599999998,-9.551552833261667,3.5647457660525106
76637.23150000002,76637.23150000002,76635.44773107448,76639.01526892556,0.09795656999999981,-9.55723446997581,3.5675378510786686
76637.17050000002,76637.17050000002,76635.38673070422,76638.95426929582,0.09795635999999981,-9.5632101589581,3.5675385915965308
76637.06600000002,76637.06600000002,76635.28220291411,76638.84979708593,0.09525786999999981,-9.579858210825478,3.5675941718218382
76636.99250000001,76636.99250000001,76635.23416610973,76638.75083389028,0.09525784999999981,-9.58685970492661,3.5166677805536892
76636.9025,76636.9025,76635.15430949198,76638.65069050802,0.0952446799999998,-9.59545809905103,3.4963810160406865
76636.6775,76636.6775,76634.93273831852,76638.4222616815,0.0952446799999998,-9.616888152057072,3.4895233629795257
76636.55150000002,76636.55150000002,76634.77751864855,76638.32548135148,0.09524461999999981,-9.628889046027325,3.5479627029271796
76636.342,76636.342,76634.56801874774,76638.11598125227,0.09524434999999981,-9.648843026647228,3.5479625045263674
76636.176,76636.176,76634.40201635293,76637.94998364708,0.09522547999999981,-9.664666722266702,3.5479672941437457
76636.06,76636.06,76634.28620438176,76637.83379561824,0.09522533999999981,-9.675712959156954,3.5475912364781834
76635.99549999999,76635.99549999999,76634.2217443746,76637.76925562538,0.09522533999999981,-9.681854993585148,3.547511250770185
76635.9455,76635.9455,76634.17167110753,76637.71932889248,0.09522531999999981,-9.686616259685252,3.54765778494766
76635.9065,76635.9065,76634.13566272597,76637.67733727403,0.09522531999999981,-9.690330047160387,3.5416745480615646
76635.867,76635.867,76634.12570484642,76637.60829515358,0.0952252699999998,-9.694091441153432,3.482590307161445
76635.82749999998,76635.82749999998,76634.08693785944,76637.56806214053,0.0952252199999998,-9.697852831188357,3.4811242810974363
76635.78799999999,76635.78799999999,76634.0475945471,76637.52840545287,0.0952251399999998,-9.701614211211563,3.4808109057776164
76635.7485,76635.7485,76634.00853532115,76637.48846467886,0.09522504999999981,-9.70537558250362,3.4799293577088974
76635.7085,76635.7085,76634.01753996998,76637.39946003,0.09522502999999981,-9.70918457886728,3.3819200600264594
76635.66949999999,76635.66949999999,76634.04079148646,76637.29820851352,0.09522502999999981,-9.712898355035577,3.2574170270527247
76635.6295,76635.6295,76634.78369162144,76636.47530837855,0.09522502999999981,-9.716707356230472,1.6916167571034748
76635.6515,76635.6515,76634.9840582044,76636.31894179562,0.09522502999999981,-9.714612405572552,1.3348835912183858
76635.673,76635.673,76635.00945113687,76636.33654886312,0.09522502999999981,-9.712565067427931,1.3270977262582164
76635.738,76635.738,76634.87355210775,76636.60244789225,0.09522502999999981,-9.70637544048077,1.7288957845012192
76635.7895,76635.7895,76634.7251266797,76636.8538733203,0.09522502999999981,-9.70147135143634,2.1287466406065505
76635.84,76635.84,76634.7756301927,76636.9043698073,0.09522502999999981,-9.696662487418507,2.1287396145926323
76635.965,76635.965,76634.78939373391,76637.14060626608,0.0952249299999998,-9.684759156167274,2.3512125321722124
76636.03,76636.03,76634.53341217409,76637.52658782591,0.0952249299999998,-9.678569535724819,2.993175651819911
76636.15550000001,76636.15550000001,76634.65826267634,76637.65273732367,0.0952249299999998,-9.66661880700849,2.9944746473338455
76636.28150000001,76636.28150000001,76635.02555988682,76637.5374401132,0.0952249299999998,-9.654620465822518,2.5118802263750695
76636.407,76636.407,76635.29360831504,76637.52039168497,0.0952249299999998,-9.64266973710619,2.2267833699297626
76636.47799999999,76636.47799999999,76635.37211205109,76637.58388794889,0.0952249299999998,-9.635908767086221,2.2117758977983613
76636.67749999999,76636.67749999999,76635.57155246439,76637.78344753559,0.08522492999999981,-9.58388639354962,2.211895071202889
76636.87649999998,76636.87649999998,76635.62346335393,76638.12953664604,0.0852248899999998,-9.566926508341567,2.506073292111978
76637.07599999999,76637.07599999999,76635.82296381808,76638.3290361819,0.08522466999999981,-9.549923503902392,2.5060723638162017
76637.27599999998,76637.27599999998,76636.02391958499,76638.52808041498,0.08522466999999981,-9.532878569909371,2.504160829994362
76637.539,76637.539,76636.2881015113,76638.78989848871,0.08522466999999981,-9.510464481689269,2.501796977419872
76637.9395,76637.9395,76636.63399882558,76639.24500117441,0.08522466999999981,-9.47633200135897,2.611002348829061
76638.2025,76638.2025,76636.9051434265,76639.4998565735,0.08522466999999981,-9.453917913153418,2.5947131470020395
76638.465,76638.465,76637.16777256588,76639.76222743411,0.08522466999999981,-9.431546437277575,2.5944548682309687
76638.865,76638.865,76637.56953594829,76640.16046405172,0.08522466999999981,-9.397456569276983,2.59092810342554
76639.265,76639.265,76637.96978815469,76640.56021184531,0.08522466999999981,-9.36336670127639,2.59042369062081
76639.7655,76639.7655,76638.5028393192,76641.02816068078,0.08522466999999981,-9.320711753942305,2.5253213615796994
76640.266,76640.266,76639.00697358373,76641.52502641628,0.08522466999999981,-9.27805680660822,2.518052832543617
76640.7655,76640.7655,76639.64152140143,76641.88947859856,0.08522463999999981,-9.23548692750046,2.247957197134383
76641.26449999999,76641.26449999999,76640.14052362964,76642.38847637034,0.08517322999999981,-9.192717408281169,2.247952740697656
76641.6645,76641.6645,76640.5398403325,76642.7891596675,0.08517322999999981,-9.158648116281256,2.2493193350092042
76642.125,76642.125,76641.03648994939,76643.21351005061,0.08517319999999981,-9.11942572791304,2.177020101225935
76642.525,76642.525,76641.43648981182,76643.61351018817,0.08517300999999981,-9.085355789560708,2.1770203763444442
76642.92399999998,76642.92399999998,76641.79865204426,76644.0493479557,0.08517289999999982,-9.051371422421653,2.250695911439834
76643.3235,76643.3235,76642.19815124379,76644.4488487562,0.08517276999999981,-9.017344503532513,2.2506975124124438
76643.6905,76643.6905,76642.49270121437,76644.88829878562,0.08517276999999981,-8.986086096934741,2.395597571245162
76643.99049999999,76643.99049999999,76642.78447127563,76645.19652872434,0.08488953999999982,-8.959970779847936,2.4120574487023987
76644.22499999999,76644.22499999999,76643.01549177324,76645.43450822674,0.08488953999999982,-8.94006418272329,2.419016453495715
76644.52549999999,76644.52549999999,76643.35058080663,76645.70041919335,0.08488953999999982,-8.914554875955218,2.349838386726333
76644.844,76644.844,76643.67920930857,76646.00879069143,0.08488950999999982,-8.887517511975602,2.3295813828590326
76645.193,76645.193,76644.02838715949,76646.35761284051,0.08488950999999982,-8.857891072984785,2.3292256810236722
76645.404,76645.404,76644.42340837755,76646.38459162244,0.08488930999999982,-8.839978823176352,1.9611832448863424
76645.75249999999,76645.75249999999,76644.77190626838,76646.7330937316,0.08488926999999981,-8.810394799947971,1.9611874632246327
76646.101,76646.101,76645.1204097329,76647.08159026709,0.0848892299999998,-8.780810804586508,1.9611805341846775
76646.313,76646.313,76645.33269347377,76647.29330652622,0.0848892299999998,-8.762814287823858,1.960613052448025
76646.38949999999,76646.38949999999,76645.41085034805,76647.36814965193,0.0848892299999998,-8.756320261731162,1.9572993038746063
76646.3035,76646.3035,76645.3216450868,76647.28535491318,0.0848892299999998,-8.763620735509903,1.9637098263774533
76646.2175,76646.2175,76645.18901884374,76647.24598115626,0.0848892299999998,-8.770921209288645,2.0569623125193175
76646.13249999999,76646.13249999999,76645.02445035841,76647.24054964157,0.0848892299999998,-8.778136793844169,2.216099283163203
76646.046,76646.046,76644.86598347865,76647.22601652135,0.0848892299999998,-8.785479712227243,2.360033042699797
76645.959,76645.959,76644.72957036142,76647.18842963858,0.0848892299999998,-8.792865075243753,2.4588592771615367
76645.872,76645.872,76644.61179031912,76647.13220968089,0.0848892299999998,-8.800250438245712,2.5204193617682904
76645.80799999999,76645.80799999999,76644.54778862685,76647.06821137313,0.0848892299999998,-8.80568334896816,2.520422746281838
76645.7545,76645.7545,76644.49428717635,76647.01471282364,0.0848892299999998,-8.810224922781345,2.5204256472934503
76645.70099999999,76645.70099999999,76644.4057716158,76646.99622838417,0.0848892299999998,-8.814766496579978,2.5904567683755886
76645.70849999998,76645.70849999998,76644.41194671064,76647.00505328932,0.0848892299999998,-8.814129827354918,2.5931065786862746
76645.62949999998,76645.62949999998,76644.33009392893,76646.92890607103,0.0848892299999998,-8.820836076527485,2.598812142095994
76645.66649999998,76645.66649999998,76644.4322606029,76646.90073939705,0.0848892299999998,-8.817695175021072,2.4684787941514514
76645.66649999998,76645.66649999998,76644.55489305749,76646.77810694247,0.0848892299999998,-8.817695175021072,2.2232138849794865
76645.64799999999,76645.64799999999,76644.53638907686,76646.75961092311,0.0848892299999998,-8.819265625774278,2.2232218462449964
76645.536,76645.536,76644.42198439957,76646.65001560042,0.0848892299999998,-8.828773219531286,2.2280312008515466
76645.42499999999,76645.42499999999,76644.3109842767,76646.53901572328,0.0848892299999998,-8.838195924065076,2.228031446575187
76645.4255,76645.4255,76644.31315142999,76646.53784857,0.0848892299999998,-8.838153479446191,2.22469714001636
76645.4255,76645.4255,76644.13539975704,76646.71560024295,0.0848891899999998,-8.83815336767293,2.580200485914247
76645.4255,76645.4255,76643.97801129989,76646.87298870011,0.0848891899999998,-8.83815336767293,2.8949774002248887
76645.56049999999,76645.56049999999,76644.14844924062,76646.97255075937,0.0848891899999998,-8.826693327020621,2.824101518752286
76645.7575,76645.7575,76644.37009623079,76647.14490376922,0.0848889799999998,-8.809969639463816,2.774807538429741
76645.9545,76645.9545,76644.72898921797,76647.18001078205,0.0848886399999998,-8.793245740132988,2.4510215640766546
76646.152,76646.152,76644.92648439683,76647.37751560318,0.0848886399999998,-8.77648023373331,2.451031206350308
76646.351,76646.351,76645.15243238458,76647.54956761541,0.0848886399999998,-8.759587394379196,2.397135230829008
76646.659,76646.659,76645.69771574637,76647.62028425363,0.0848886399999998,-8.733441693257191,1.9225685072597116
76646.98349999999,76646.98349999999,76646.23800890507,76647.7289910949,0.0848883499999998,-8.70589424019272,1.490982189832721
76647.74799999999,76647.74799999999,76646.99408603806,76648.50191396193,0.0848883499999998,-8.640997096605133,1.5078279238659889
76648.04,76648.03999999998,76647.33801540738,76648.74198459258,0.0848883499999998,-8.616209698404418,1.4039691851940006
76648.56949999998,76648.56949999997,76647.86641242907,76649.27258757087,0.0848883499999998,-8.57126131709083,1.4061751418048516
76649.34899999999,76649.34899999997,76648.6449056509,76650.05309434904,0.0848883199999998,-8.505090529026347,1.408188698143931
76650.12899999999,76650.12899999997,76649.42373618127,76650.83426381867,0.0848883199999998,-8.438877639433485,1.4105276374029927
76650.86,76650.85999999999,76650.15553562951,76651.56446437046,0.0848882699999998,-8.376823819009587,1.4089287409442477
76651.562,76651.56199999999,76650.83032754654,76652.29367245344,0.0816340099999998,-8.289675179796177,1.463344906893326
76652.20699999998,76652.20699999997,76651.41338794341,76653.00061205652,0.0720075399999998,-8.172687544327346,1.5872241131146438
76652.83499999999,76652.83499999998,76651.89130781918,76653.77869218077,0.0720071999999998,-8.127464866105583,1.8873843615874648
76653.503,76653.50299999998,76652.53116409863,76654.47483590133,0.0720071699999998,-8.079363880795427,1.9436718026991002
76654.1035,76654.10349999998,76653.1316640985,76655.07533590146,0.0720071399999998,-8.03612339112442,1.9436718029610347
76654.7045,76654.70449999999,76653.73266378437,76655.67633621562,0.0714462799999998,-7.9897424594382755,1.9436724312545266
76655.3055,76655.30549999999,76654.32617324026,76656.28482675971,0.0714462799999998,-7.946803245169576,1.9586535194539465
76655.90650000001,76655.9065,76654.92751257503,76656.88548742497,0.0714462799999998,-7.903864030886325,1.9579748499381822
76656.74500000001,76656.745,76655.77613146635,76657.71386853364,0.0714459999999998,-7.8439540165127255,1.9377370672882535
76657.584,76657.58399999999,76656.61896897854,76658.54903102144,0.0714459999999998,-7.784010822506389,1.9300620428984985
76658.422,76658.42199999999,76657.45726163658,76659.3867383634,0.0714231099999998,-7.723988732992439,1.9294767268293072
76659.2605,76659.26049999999,76658.2882616228,76660.23273837718,0.0714231099999998,-7.664100455251173,1.9444767543755006
76659.99,76659.98999999999,76659.01907928029,76660.96092071969,0.0714231099999998,-7.611997296509799,1.9418414394021966
76660.94,76660.93999999999,76659.80757450618,76662.0724254938,0.0714230599999998,-7.544144901999971,2.264850987616228
76661.427,76661.427,76660.29457637225,76662.55942362774,0.0714229999999998,-7.509361372998683,2.2648472554865293
76662.3765,76662.3765,76661.24407612372,76663.50892387627,0.0714227399999998,-7.44154331999016,2.2648477525508497
76663.0885,76663.0885,76661.95607338756,76664.22092661244,0.0714225799999998,-7.3906892648665234,2.264853224885883
76663.57599999999,76663.57599999999,76662.44179265355,76664.71020734642,0.07142240999999981,-7.355869709252147,2.2684146928659175
76664.063,76664.063,76662.92879290243,76665.19720709756,0.07142221999999981,-7.321085916948505,2.268414195132209
76664.5485,76664.5485,76663.45680619737,76665.64019380264,0.06142221999999981,-7.234495429132949,2.1833876052696723
76665.034,76665.034,76663.85379026286,76666.21420973714,0.06142219999999981,-7.204674847205752,2.3604194742802065
76665.5765,76665.5765,76664.47566843573,76666.67733156426,0.06142206999999981,-7.171352762452443,2.201663128536893
76666.136,76666.136,76665.11225916243,76667.15974083757,0.06142186999999981,-7.136986393481493,2.047481675137533
76666.655,76666.655,76665.69397344699,76667.616026553,0.061421809999999806,-7.105108257848769,1.9220531060127541
76667.12999999999,76667.12999999999,76666.16897785515,76668.09102214483,0.06142160999999981,-7.075932376101264,1.9220442896767054
76667.60549999999,76667.60549999999,76666.64447785633,76668.56652214365,0.06142160999999981,-7.0467264005419565,1.922044287319295
76668.0805,76668.0805,76666.9959423466,76669.16505765339,0.06142160999999981,-7.017551135795657,2.1691153067804407
76668.55549999999,76668.55549999999,76667.339426327,76669.77157367297,0.06142160999999981,-6.988375871034805,2.432147345971316
76668.7935,76668.7935,76667.44648557747,76670.14051442253,0.06142160999999981,-6.973757527855923,2.6940288450568914
76669.03099999999,76669.03099999999,76667.61325664616,76670.44874335382,0.06142160999999981,-6.959169895490049,2.835486707655946
76669.27699999999,76669.27699999999,76667.82508877906,76670.72891122091,0.06142160999999981,-6.944060179434018,2.9038224418472964
76669.51449999999,76669.51449999999,76667.989978292,76671.03902170798,0.06142160999999981,-6.929472547053592,3.0490434159873985
76669.752,76669.752,76668.18409164235,76671.31990835763,0.06142160999999981,-6.914884914673166,3.1358167152793612
76669.75200000001,76669.75200000001,76668.18064320451,76671.3233567955,0.06142160999999981,-6.914884914673166,3.142713590990752
76669.752,76669.752,76668.18077860714,76671.32322139284,0.06142160999999981,-6.914884914673166,3.142442785698222
76669.7525,76669.7525,76668.18251266613,76671.32248733388,0.06142160999999981,-6.914854203874711,3.139974667748902
76669.7525,76669.7525,76668.18237486426,76671.32262513574,0.06142160999999981,-6.914854203874711,3.140250271477271
76669.7525,76669.7525,76668.1850260581,76671.3199739419,0.06142160999999981,-6.914854203874711,3.134947883809218
76669.7525,76669.7525,76668.18653811397,76671.31846188604,0.06142160999999981,-6.914854203874711,3.131923772074515
76669.7525,76669.7525,76668.18750952593,76671.31749047407,0.06142160999999981,-6.914854203874711,3.1299809481424745
76669.7525,76669.7525,76668.39967074925,76671.10532925076,0.06142160999999981,-6.914854203874711,2.7056585015088785
76669.75249999999,76669.75249999999,76668.40171521154,76671.10328478843,0.06142160999999981,-6.914854203874711,2.7015695768932346
76669.7525,76669.7525,76668.42368502653,76671.08131497347,0.06142160999999981,-6.914854203874711,2.657629946945235
76669.753,76669.753,76668.45281630295,76671.05318369705,0.06142160999999981,-6.914823493061704,2.6003673941013403
76669.7535,76669.7535,76668.4506352113,76671.05636478872,0.06142160999999981,-6.914792782263248,2.6057295774226077
76669.753,76669.753,76668.45872098402,76671.04727901597,0.06142160999999981,-6.914823493061704,2.588558031944558
76669.753,76669.753,76668.45878079324,76671.04721920675,0.06142160999999981,-6.914823493061704,2.5884384135133587
76669.706,76669.706,76668.41111485421,76671.0008851458,0.06142160999999981,-6.917710308742244,2.5897702915826812
76669.70550000001,76669.70550000001,76668.54046901506,76670.87053098496,0.06142160999999981,-6.917741019540699,2.330061969900271
76669.70499999999,76669.70499999999,76668.54187777448,76670.8681222255,0.06142160999999981,-6.917771730339155,2.326244451018283
76669.69649999999,76669.69649999999,76668.5342161524,76670.85878384758,0.06142160999999981,-6.918293814029312,2.324567695177393
76669.3985,76669.3985,76668.2105641698,76670.58643583019,0.06142160999999981,-6.936597453808645,2.3758716603915673
76669.101,76669.101,76667.80823910005,76670.39376089994,0.06161529999999981,-6.95384363210178,2.5855217998905573
76668.804,76668.804,76667.51049721666,76670.09750278335,0.06184093999999981,-6.971014273643959,2.587005566689186
76668.517,76668.517,76667.2226397901,76669.81136020992,0.06219635999999981,-6.98715719129541,2.5887204198224936
76668.229,76668.229,76666.9332912112,76669.52470878881,0.06219635999999981,-7.005069742968772,2.5914175776124466
76667.94200000001,76667.94200000001,76666.63983473924,76669.24416526078,0.06232548999999981,-7.022411067824578,2.604330521542579
76667.6545,76667.6545,76666.3519059383,76668.95709406171,0.06232548999999981,-7.040329646202736,2.6051881234161556
76667.367,76667.367,76666.06462386998,76668.66937613001,0.06232548999999981,-7.058248224580893,2.6047522600274533
76667.0795,76667.0795,76665.77712121479,76668.38187878522,0.06232548999999981,-7.076166802944499,2.6047575704287738
76666.792,76666.792,76665.48967168709,76668.09432831292,0.06232548999999981,-7.094085381322657,2.6046566258301027
76666.50450000001,76666.50450000001,76665.20190770681,76667.80709229321,0.06232548999999981,-7.1120039597008144,2.6051845863985363
76666.217,76666.217,76664.91462799188,76667.51937200813,0.06232548999999981,-7.129922538078972,2.604744016251061
76665.9295,76665.9295,76664.62713662273,76667.23186337727,0.06238591999999981,-7.147724516762537,2.6047267545363866
76665.6415,76665.6415,76664.33890894787,76666.94409105212,0.06238591999999981,-7.165691661721212,2.605182104249252
76665.354,76665.354,76664.05140871895,76666.65659128106,0.06238591999999981,-7.183627613718272,2.6051825621107128
76665.06599999999,76665.06599999999,76663.76340640892,76666.36859359106,0.06238591999999981,-7.201594758676947,2.605187182140071
76664.825,76664.825,76663.52240652592,76666.12759347407,0.06238591999999981,-7.216629765403923,2.605186948145274
76664.5375,76664.5375,76663.23490779691,76665.8400922031,0.06238591999999981,-7.234565717400983,2.605184406187618
76664.25,76664.25,76662.9474081464,76665.5525918536,0.06238591999999981,-7.252501669398043,2.605183707200922
76663.9625,76663.9625,76662.53139372768,76665.39360627231,0.06238591999999981,-7.2704376214096555,2.862212544627255
76663.9725,76663.9725,76662.54139556737,76665.40360443263,0.06238591999999981,-7.269813762206468,2.862208865262801
76663.98199999999,76663.98199999999,76662.55089451883,76665.41310548114,0.06238591999999981,-7.269221095964895,2.8622109623102006
76663.992,76663.992,76662.56089438754,76665.42310561246,0.06238591999999981,-7.268597236761707,2.8622112249140628
76663.99149999999,76663.99149999999,76662.56023045177,76665.42276954821,0.06238591999999981,-7.2686284297233215,2.8625390964443795
76663.992,76663.992,76662.5607288784,76665.4232711216,0.06238591999999981,-7.268597236761707,2.862542243208736
76663.992,76663.992,76662.72155330484,76665.26244669515,0.06238591999999981,-7.268597236761707,2.5408933903090656
76664.1165,76664.1165,76662.84545089684,76665.38754910316,0.06238588999999981,-7.260830118815647,2.5420982063224073
76664.31700000001,76664.31700000001,76663.17137394917,76665.46262605085,0.06238588999999981,-7.2483217478729784,2.291252101684222
76664.60449999999,76664.60449999999,76663.58577510221,76665.62322489776,0.06238584999999981,-7.230385599061265,2.037449795549037
76664.8925,76664.8925,76663.97181083336,76665.81318916664,0.06238584999999981,-7.212418474271544,1.841378333279863
76665.18049999999,76665.18049999999,76664.4040928579,76665.95690714207,0.06238584999999981,-7.194451349467272,1.5528142841649242
76665.608,76665.608,76664.18072581521,76667.03527418477,0.06238584999999981,-7.167781398587977,2.8545483695634175
76666.035,76666.035,76664.69384179654,76667.37615820346,0.06238584999999981,-7.141142640641192,2.682316406921018
76666.46250000001,76666.46250000001,76665.1216173635,76667.80338263651,0.06238584999999981,-7.114472689761897,2.6817652730096597
76666.89000000001,76666.89000000001,76665.55453648086,76668.22546351916,0.06238584999999981,-7.087802738897153,2.670927038299851
76667.4155,76667.4155,76666.0779623997,76668.75303760031,0.06238584999999981,-7.0550189747154946,2.675075200619176
76668.17800000001,76668.17800000001,76666.84120250531,76669.51479749472,0.062385819999999814,-7.007449432232534,2.6735949894064106
76668.9405,76668.9405,76667.60370235704,76670.27729764296,0.06238567999999981,-6.959878802561434,2.6735952859162353
76669.70300000001,76669.70300000001,76668.36729974822,76671.0387002518,0.06238558999999981,-6.912308863233193,2.671400503575569
76670.4655,76670.4655,76669.60582845601,76671.325171544,0.06238555999999981,-6.864739587632357,1.7193430879851803
76671.228,76671.228,76670.3683327841,76672.0876672159,0.06238553999999981,-6.817170437891036,1.7193344318075106
76671.9905,76671.9905,76671.13084913239,76672.85015086761,0.06238550999999981,-6.76960124616744,1.7193017352255993
76672.7525,76672.7525,76671.892846658,76673.61215334201,0.06136249999999981,-6.7154267101723235,1.7193066840118263
76673.515,76673.515,76672.55922698106,76674.47077301894,0.06136236999999981,-6.668637059672619,1.9115460378816351
76674.277,76674.277,76673.32102093837,76675.23297906163,0.06136230999999981,-6.6218786359531805,1.9119581232662313
76675.039,76675.039,76674.0830278497,76675.9949721503,0.06136207999999981,-6.5751195894990815,1.9119443006056827
76675.677,76675.677,76674.70752350883,76676.64647649117,0.06136198999999981,-6.535970261800685,1.9389529823383782
76676.23899999999,76676.23899999999,76674.79966466685,76677.67833533313,0.05136198999999981,-6.471474823410972,2.878670666279504
76676.71399999999,76676.71399999999,76675.22760265874,76678.20039734125,0.05129688999999981,-6.44691343557497,2.9727946825150866
76676.9515,76676.9515,76675.46527591848,76678.43772408151,0.05129688999999981,-6.434730424196459,2.972448163025547
76677.189,76677.189,76675.70965664652,76678.66834335348,0.05129688999999981,-6.4225474128179485,2.95868670695927
76677.287,76677.287,76675.80716739384,76678.76683260615,0.05129688999999981,-6.417520317598246,2.959665212314576
76677.385,76677.385,76675.89649539607,76678.87350460392,0.05129688999999981,-6.412493222378544,2.9770092078542802
76677.483,76677.483,76675.98430434246,76678.98169565752,0.05129688999999981,-6.407466127158841,2.9973913150606677
76677.58099999999,76677.58099999999,76676.0660493161,76679.09595068388,0.05129688999999981,-6.402439031939139,3.029901367786806
76677.581,76677.581,76676.06604806159,76679.09595193842,0.05129688999999981,-6.402439031939139,3.0299038768280298
76677.34449999999,76677.34449999999,76675.82360246035,76678.86539753963,0.05540688999999981,-6.402920951426495,3.0417950792761985
76677.10750000001,76677.10750000001,76675.76161001493,76678.4533899851,0.05540688999999981,-6.416052384360228,2.6917799701623153
76676.87049999999,76676.87049999999,76675.51972030343,76678.22127969655,0.05540688999999981,-6.429183817293961,2.701559393113712
76676.63350000001,76676.63350000001,76675.28272133162,76677.9842786684,0.05540688999999981,-6.4423152502276935,2.701557336782571
76676.3965,76676.3965,76675.04572064958,76677.74727935043,0.05540688999999981,-6.455446683146874,2.7015587008500006
76676.15950000001,76676.15950000001,76674.80872304516,76677.51027695485,0.05540688999999981,-6.468578116080607,2.7015539096901193
76676.0,76676.0,76674.6492224765,76677.3507775235,0.05540688999999981,-6.477415515037137,2.701555047009606
76675.7635,76675.7635,76674.56624753108,76676.96075246892,0.05549903999999981,-6.490403734496795,2.3945049378380645
76675.527,76675.527,76674.33279836658,76676.72120163342,0.05549903999999981,-6.503529257446644,2.3884032668429427
76675.501,76675.501,76674.34538180301,76676.656618197,0.05549898999999981,-6.504972071532393,2.311236393987201
76675.5015,76675.5015,76674.34588345126,76676.65711654874,0.05549898999999981,-6.5049443220486864,2.311233097483637
76675.50200000001,76675.50200000001,76674.34686225092,76676.65713774909,0.05549898999999981,-6.504916572550428,2.3102754981664475
76675.54000000001,76675.54000000001,76674.38664466447,76676.69335533555,0.05549898999999981,-6.5028076109301765,2.306710671080509
76675.81450000001,76675.81450000001,76674.69816278911,76676.93083721091,0.05549895999999981,-6.4875730128987925,2.232674421800766
76676.089,76676.089,76674.97266462198,76677.20533537804,0.05549887999999981,-6.472338236300857,2.232670756056905
76676.3635,76676.3635,76675.24716419975,76677.47983580026,0.05549874999999981,-6.457103322289186,2.2326716005045455
76676.638,76676.638,76675.52166504553,76677.75433495449,0.05549866999999981,-6.441868647263618,2.2326699089608155
76676.9125,76676.9125,76675.79461285702,76678.030387143,0.05549844999999981,-6.426633585288073,2.2357742859749123
76677.1875,76677.1875,76676.06961088552,76678.30538911448,0.05549844999999981,-6.411371511538164,2.2357782289618626
76677.5625,76677.5625,76676.3351400614,76678.7898599386,0.05549844999999981,-6.390559592793579,2.454719877190655
76677.9365,76677.9365,76677.0033984507,76678.86960154929,0.05549831999999981,-6.369802645524032,1.8662030985869933
76678.311,76678.311,76677.37789690676,76679.24410309324,0.05549827999999981,-6.3490183775284095,1.866206186474301
76678.7855,76678.7855,76677.84450175009,76679.7264982499,0.05549827999999981,-6.322684443672188,1.8819964998110663
76679.1605,76679.1605,76678.30869286683,76680.01230713316,0.05549827999999981,-6.301872588664992,1.7036142663273495
76679.58249999999,76679.58249999999,76678.73118872664,76680.43381127334,0.05549809999999981,-6.278451710168156,1.7026225466979668
76680.0045,76680.0045,76679.15220171082,76680.85679828917,0.055498049999999806,-6.255031365173636,1.7045965783472639
76680.34949999998,76680.34949999998,76679.42233798557,76681.2766620144,0.055498049999999806,-6.235884537934908,1.85432402882725
76680.77099999998,76680.77099999998,76679.84493381748,76681.69706618247,0.055498009999999806,-6.212492023099912,1.852132364991121
76681.19249999998,76681.19249999998,76680.26415270263,76682.12084729732,0.055497879999999805,-6.189099384719157,1.856694594695
76681.42499999997,76681.42499999997,76680.49613489423,76682.35386510572,0.0554978199999998,-6.176196010914282,1.8577302114863414
76681.64199999998,76681.64199999998,76680.7127708676,76682.57122913236,0.0554977199999998,-6.164152789177024,1.8584582647599746
76681.82649999998,76681.82649999998,76680.89726978373,76682.75573021623,0.0554976499999998,-6.153913381887833,1.8584604325005785
76681.97349999998,76681.97349999998,76681.04426249054,76682.90273750942,0.0528633399999998,-6.143209166722954,1.858475018874742
76682.12099999998,76682.12099999998,76681.15257010027,76683.0894298997,0.0528633399999998,-6.135411824070616,1.9368597994325683
76682.26849999999,76682.26849999999,76681.18949791888,76683.3475020811,0.0528633399999998,-6.127614481432829,2.158004162221914
76682.38099999998,76682.38099999998,76681.30199702273,76683.46000297723,0.0528633399999998,-6.121667355677346,2.1580059544940013
76682.35949999998,76682.35949999998,76681.28049590098,76683.43850409897,0.0528633399999998,-6.122803917489364,2.158008197991876
76682.39199999996,76682.39199999996,76681.28176720349,76683.50223279644,0.0528633399999998,-6.121085858932929,2.220465592952678
76682.44149999999,76682.44149999999,76681.21463686915,76683.66836313083,0.0528633399999998,-6.118469123612158,2.4537262616795488
76682.48849999998,76682.48849999998,76681.10769867271,76683.86930132724,0.0528633399999998,-6.1159845466318075,2.76160265452927
76682.58199999998,76682.58199999998,76681.06289957507,76684.10110042489,0.0528633399999998,-6.11104182433337,3.0382008498127107
76682.67549999998,76682.67549999998,76681.15530607785,76684.19569392211,0.0528633399999998,-6.106099102049484,3.040387844259385
76682.5845,76682.5845,76681.19138979405,76683.97761020594,0.0528633399999998,-6.110909665992949,2.786220411886461
76682.349,76682.349,76680.82309038682,76683.87490961318,0.0528633399999998,-6.123358982556965,3.051819226355292
76681.93000000001,76681.93000000001,76680.35844007906,76683.50155992096,0.0528633399999998,-6.145508722009254,3.1431198419013526
76681.52550000002,76681.52550000002,76679.94806588684,76683.1029341132,0.0528633399999998,-6.166891943052178,3.1548682263528462
76681.21100000001,76681.21100000001,76679.43340158986,76682.98859841016,0.0528633399999998,-6.183517463476164,3.555196820292622
76680.92850000001,76680.92850000001,76679.14359242601,76682.713407574,0.0528633399999998,-6.198451357020531,3.5698151479882654
76680.64600000001,76680.64600000001,76678.84832701602,76682.443672984,0.0528633399999998,-6.213385250579449,3.595345967973117
76680.401,76680.401,76678.58333258735,76682.21866741264,0.0528633399999998,-6.226336768871988,3.635334825288737
76680.135,76680.135,76678.31460849813,76681.95539150186,0.0528633399999998,-6.240398417314282,3.640783003735123
76679.9015,76679.9015,76678.0629730043,76681.74002699571,0.0528633399999998,-6.2527420072001405,3.677053991414141
76679.66900000001,76679.66900000001,76677.81219210621,76681.5258078938,0.0528633399999998,-6.265032733761473,3.7136157875938807
76679.43650000001,76679.43650000001,76677.57283628736,76681.30016371266,0.0528633399999998,-6.277323460308253,3.7273274252947886
76679.15400000001,76679.15400000001,76677.27907779602,76681.028922204,0.0528633399999998,-6.292257353852619,3.7498444079828914
76679.01200000002,76679.01200000002,76677.13674730311,76680.88725269692,0.0528633399999998,-6.29976394813275,3.7505053938075434
76678.7445,76678.7445,76676.86754332796,76680.62145667204,0.0528633399999998,-6.313904891590937,3.7539133440877777
76678.3745,76678.3745,76676.48445970926,76680.26454029075,0.0528633399999998,-6.333464327384718,3.7800805814913474
76677.99350000001,76677.99350000001,76676.09337539879,76679.89362460123,0.0528633399999998,-6.353605259922915,3.800249202438863
76677.51150000001,76677.51150000001,76675.60886000017,76679.41413999985,0.0528633399999998,-6.379085389809916,3.8052799996803515
76676.9825,76676.9825,76675.07867128267,76678.88632871733,0.0528633399999998,-6.407050096662715,3.8076574346632697
76676.399,76676.399,76674.49385859074,76678.30414140927,0.0528633399999998,-6.437895855560782,3.810282818536507
76676.2685,76676.2685,76674.36294536537,76678.17405463464,0.0528633399999998,-6.444794521419681,3.8111092692706734
76676.4615,76676.4615,76674.55354933713,76678.36945066288,0.0528633399999998,-6.4345918968028855,3.815901325753657
76676.5305,76676.5305,76674.62148568251,76678.43951431748,0.0528633399999998,-6.4309443263482535,3.8180286349670496
76676.704,76676.704,76674.79489014806,76678.61310985194,0.0528633399999998,-6.421772536850767,3.818219703884097
76676.6505,76676.6505,76674.74137746682,76678.55962253318,0.0528633399999998,-6.424600725542405,3.8182450663589407
76676.56550000001,76676.56550000001,76674.65570574117,76678.47529425885,0.0528633399999998,-6.429094109451398,3.8195885176828597
76676.1885,76676.18849999999,76674.27863759965,76678.09836240033,0.0528633399999998,-6.449023588618729,3.8197248006763402
76675.7525,76675.75249999999,76673.84242641425,76677.66257358572,0.0528633399999998,-6.472072004864458,3.820147171471035
76675.32700000002,76675.327,76673.39822542113,76677.25577457888,0.0533069399999998,-6.492095834837528,3.857549157750327
76674.90100000003,76674.90100000001,76672.97303517688,76676.82896482314,0.0533069399999998,-6.514804591279244,3.855929646262666
76674.47400000002,76674.474,76672.54603526281,76676.40196473719,0.0533069399999998,-6.537566654660623,3.8559294743754435
76674.047,76674.04699999999,76672.11199805593,76675.98200194405,0.0533069399999998,-6.560328718027449,3.8700038881215733
76673.67000000001,76673.67,76671.73491282862,76675.60508717138,0.0533069399999998,-6.580425434411154,3.870174342766404
76673.1875,76673.1875,76671.25241281991,76675.12258718009,0.0533069399999998,-6.606146032965626,3.8701743601704948
76672.84550000001,76672.84550000001,76670.91041282415,76674.78058717588,0.0533069399999998,-6.624377006446593,3.870174351730384
76672.55249999999,76672.55249999998,76670.61739259804,76674.48760740191,0.0633069399999998,-6.588270939872018,3.8702148038719315
76672.25249999999,76672.25249999997,76670.33598713504,76674.1690128649,0.0633069399999998,-6.607263021869585,3.833025729865767
76671.956,76671.95599999999,76670.03948713797,76673.87251286201,0.0633069399999998,-6.626033529581036,3.833025724045001
76671.66050000003,76671.66050000001,76669.74398714064,76673.57701285939,0.0633069399999998,-6.64474073034944,3.833025718748104
76671.4195,76671.4195,76669.50298714399,76673.33601285602,0.0633069399999998,-6.659997702896362,3.833025712025119
76670.81000000003,76670.81000000003,76668.89348714668,76672.72651285338,0.0633069399999998,-6.698583282821346,3.833025706699118
76669.95250000001,76669.95250000001,76668.03603935568,76671.86896064435,0.0654715099999998,-6.739984380939859,3.8329212886746973
76669.35550000002,76669.35550000002,76667.44301141833,76671.2679885817,0.06553606999999981,-6.7787251213158015,3.8249771633709315
76668.6395,76668.6395,76666.72712818855,76670.55187181146,0.06578953999999981,-6.824472973385127,3.8247436229139566
76668.0595,76668.0595,76666.14757863467,76669.97142136534,0.06578953999999981,-6.862630906573031,3.8238427306641825
76667.48,76667.48,76665.56817426452,76669.39182573547,0.06950034999999981,-6.887842326206737,3.8236514709424227
76667.19249999999,76667.19249999999,76665.28754884459,76669.0974511554,0.06956490999999981,-6.907617569027934,3.8099023108079564
76666.90449999999,76666.90449999999,76665.00023129118,76668.8087687088,0.06956490999999981,-6.927652263097116,3.808537417615298
76666.61600000001,76666.61600000001,76664.71263796734,76668.51936203268,0.06956490999999981,-6.947721739634289,3.8067240653326735
76666.32800000001,76666.32800000001,76664.42464707093,76668.23135292908,0.06956490999999981,-6.967756433718023,3.8067058581509627
76666.0405,76666.0405,76664.13717675795,76667.94382324205,0.06957281999999981,-6.987740204989677,3.806646484095836
76665.75249999999,76665.75249999999,76663.85015564454,76667.65484435543,0.06957281999999981,-7.007777177146636,3.80468871089397
76665.465,76665.465,76663.56317356147,76667.36682643852,0.06988968999999981,-7.027315148356138,3.803652877046261
76665.1775,76665.1775,76663.27637932733,76667.07862067268,0.0705353199999998,-7.046648204908706,3.8022413453436457
76665.00899999999,76665.00899999999,76663.11692593996,76666.90107406002,0.0708521699999998,-7.058213704673108,3.784148120059399
76664.8395,76664.8395,76662.94902811853,76666.72997188148,0.0708521699999998,-7.070223147486104,3.7809437629475724
76664.6705,76664.6705,76662.78182800923,76666.55917199075,0.0708521699999998,-7.082197164214449,3.7773439815209713
76664.50200000001,76664.50200000001,76662.61739129105,76666.38660870897,0.0708650799999998,-7.094129274046281,3.769217417924665
76664.3335,76664.3335,76662.44965781571,76666.21734218427,0.0709517199999998,-7.106041145583731,3.767684368562186
76664.165,76664.165,76662.28143556141,76666.04856443858,0.0710808499999998,-7.117975203946116,3.7671288771671243
76663.9965,76663.9965,76662.12204469476,76665.87095530523,0.07114269999999981,-7.12995254364796,3.7489106104767416
76663.996,76663.996,76662.12737267665,76665.86462732335,0.07114269999999981,-7.12998811500438,3.737254646694055
76663.996,76663.996,76662.14362264896,76665.84837735104,0.07177644999999981,-7.129990650006221,3.70475470207748
76663.996,76663.996,76662.14708913435,76665.84491086565,0.0719055499999998,-7.1299911663954845,3.6978217313007917
76663.996,76663.996,76662.15180877097,76665.84019122903,0.0719055499999998,-7.1299911663954845,3.688382458058186
76663.99549999999,76663.99549999999,76662.15577618602,76665.83522381396,0.0719055499999998,-7.130027119172155,3.6794476279465016
76663.995,76663.995,76662.25087499245,76665.73912500755,0.0719055499999998,-7.130063071948825,3.4882500150997657
76663.995,76663.995,76662.25106578137,76665.73893421862,0.0719055499999998,-7.130063071948825,3.487868437252473
76663.995,76663.995,76662.29060607095,76665.69939392904,0.0719055499999998,-7.130063071948825,3.4087878580903634
76663.99549999999,76663.99549999999,76662.36430551404,76665.62669448594,0.0719055499999998,-7.130027119172155,3.2623889718961436
76663.995,76663.995,76662.53452384936,76665.45547615063,0.0719055499999998,-7.130063071948825,2.9209523012686986
76663.99549999999,76663.99549999999,76662.54675595062,76665.44424404936,0.0719055499999998,-7.130027119172155,2.8974880987370852
76663.995,76663.995,76662.8492285644,76665.14077143559,0.0719055499999998,-7.130063071948825,2.2915428711858112
76663.9945,76663.9945,76662.88544996516,76665.10355003484,0.0719055499999998,-7.130099024725496,2.2181000696728006
76663.9945,76663.9945,76662.8906048257,76665.0983951743,0.0719055499999998,-7.130099024725496,2.207790348591516
76663.9945,76663.9945,76663.2080779154,76664.7809220846,0.0719055499999998,-7.130099024725496,1.5728441691899206
76663.995,76663.995,76663.13884553473,76664.85115446526,0.0719055499999998,-7.130063071948825,1.7123089305241592
76663.9945,76663.9945,76663.13650522905,76664.85249477095,0.0719055499999998,-7.130099024725496,1.7159895419026725
76663.99399999999,76663.99399999999,76663.13600641803,76664.85199358195,0.0719055499999998,-7.130134977502166,1.7159871639159974
76663.99399999999,76663.99399999999,76663.14233861497,76664.84566138501,0.0719055499999998,-7.130134977502166,1.703322770044906
76663.9935,76663.9935,76663.1411046433,76664.84589535669,0.0719055499999998,-7.130170930278837,1.7047907133819535
76663.9935,76663.9935,76663.14110523753,76664.84589476246,0.0719055499999998,-7.130170930278837,1.7047895249270368
76663.99299999999,76663.99299999999,76662.06546587685,76665.92053412313,0.0719055499999998,-7.130206883055507,3.8550682462810073
76663.99250000001,76663.99250000001,76662.06413322143,76665.92086677859,0.0719055499999998,-7.130242835832178,3.8567335571569856
76663.9925,76663.9925,76662.06413146666,76665.92086853333,0.0719055499999998,-7.130242835832178,3.856737066671485
76663.993,76663.993,76662.06463497873,76665.92136502128,0.0719055499999998,-7.130206883055507,3.856730042549316
76663.993,76663.993,76662.06626695894,76665.91973304107,0.0719055499999998,-7.130206883055507,3.85346608213149
76663.99299999999,76663.99299999999,76662.06626553707,76665.9197344629,0.0719055499999998,-7.130206883055507,3.85346892583766
76663.9935,76663.9935,76662.06677978297,76665.92022021703,0.0719055499999998,-7.130170930278837,3.853440434060758
76663.99299999999,76663.99299999999,76662.06614466084,76665.91985533913,0.0719055499999998,-7.130206883055507,3.8537106782896444
76663.99299999999,76663.99299999999,76662.06615940496,76665.91984059502,0.0719055499999998,-7.130206883055507,3.853681190055795
76663.9925,76663.9925,76662.06635417466,76665.91864582532,0.0719055499999998,-7.130242835832178,3.8522916506626643
76663.99299999999,76663.99299999999,76662.06747485285,76665.91852514712,0.0719055499999998,-7.130206883055507,3.851050294266315
76663.99299999999,76663.99299999999,76662.06720553231,76665.91879446767,0.0719055499999998,-7.130206883055507,3.85158893535845
76663.9925,76663.9925,76662.06678741027,76665.91821258972,0.0719055499999998,-7.130242835832178,3.8514251794549637
76663.9925,76663.9925,76662.06679179994,76665.91820820005,0.0719055499999998,-7.130242835832178,3.8514164001098834
76663.99250000001,76663.99250000001,76662.06798974739,76665.91701025263,0.0719055499999998,-7.130242835832178,3.8490205052366946
76663.9925,76663.9925,76662.06702009698,76665.91797990301,0.0719055499999998,-7.130242835832178,3.850959806033643
76663.9925,76663.9925,76662.06389415849,76665.9211058415,0.0719055499999998,-7.130242835832178,3.8572116830036975
76663.992,76663.992,76662.07291661383,76665.91108338616,0.0719055499999998,-7.130278788594296,3.838166772329714
76663.992,76663.992,76662.0729210763,76665.9110789237,0.0719055499999998,-7.130278788594296,3.838157847407274
76663.992,76663.992,76662.07294054542,76665.91105945458,0.0719055499999998,-7.130278788594296,3.8381189091596752
76663.992,76663.992,76662.07671624121,76665.90728375879,0.0719055499999998,-7.130278788594296,3.830567517579766
76663.992,76663.992,76662.08206852009,76665.90193147991,0.0719055499999998,-7.130278788594296,3.8198629598191474
76663.992,76663.992,76662.08387936055,76665.90012063945,0.0719055499999998,-7.130278788594296,3.816241278895177
76663.99149999999,76663.99149999999,76662.09359525485,76665.88940474513,0.0719055499999998,-7.130314741370967,3.7958094902860466
76663.9725,76663.9725,76662.21892234814,76665.72607765187,0.0719055499999998,-7.131680946826236,3.507155303726904
76663.9535,76663.9535,76662.22734050064,76665.67965949936,0.0719055499999998,-7.133047152281506,3.452318998723058
76663.93400000002,76663.93400000002,76662.20791794763,76665.66008205242,0.0719055499999998,-7.134449310498894,3.452164104790427
76663.91500000001,76663.91500000001,76662.18943044402,76665.640569556,0.0719055499999998,-7.135815515954164,3.4511391119740438
76663.89600000002,76663.89600000002,76662.17119794311,76665.62080205693,0.0719055499999998,-7.137181721394882,3.4496041138190776
76663.87700000002,76663.87700000002,76662.15256865056,76665.60143134948,0.0719055499999998,-7.138547926850151,3.448862698918674
76663.85750000003,76663.85750000003,76662.133073313,76665.58192668705,0.0719055499999998,-7.1399500850675395,3.448853374051396
76663.83850000004,76663.83850000004,76662.11791388875,76665.55908611133,0.0719055499999998,-7.141316290522809,3.441172222577734
76663.81950000003,76663.81950000003,76662.09971307727,76665.53928692278,0.0719055499999998,-7.142682495978079,3.4395738455059472
76663.80100000002,76663.80100000002,76662.08120492887,76665.52079507118,0.0719055499999998,-7.144012748642126,3.439590142312227
76663.78150000003,76663.78150000003,76662.05886358392,76665.50413641613,0.0719055499999998,-7.145414906874066,3.4452728322066832
76663.763,76663.763,76662.04036090017,76665.48563909985,0.0719055499999998,-7.146745159552665,3.445278199680615
76663.7445,76663.7445,76662.02162043983,76665.46737956017,0.0719055499999998,-7.148075412231265,3.445759120339062
76663.72550000003,76663.72550000003,76662.00183312283,76665.44916687722,0.0719055499999998,-7.149441617671982,3.447333754389547
76663.70650000001,76663.70650000001,76662.08798163067,76665.32501836936,0.0719055499999998,-7.150807823127252,3.2370367386902217
76663.68750000001,76663.68750000001,76662.06897893686,76665.30602106317,0.0719055499999998,-7.15217402856797,3.2370421263040043
76663.66850000003,76663.66850000003,76662.10612848832,76665.23087151174,0.0719055499999998,-7.1535402340232395,3.1247430234216154
76663.65000000002,76663.65000000002,76662.08763467333,76665.21236532672,0.0719055499999998,-7.154870486701839,3.1247306533914525
76663.63100000002,76663.63100000002,76662.06533909997,76665.19666090008,0.0719055499999998,-7.156236692157108,3.131321800115984
76663.61200000004,76663.61200000004,76662.39191767843,76664.83208232165,0.0719055499999998,-7.157602897597826,2.4401646432233974
76663.61200000002,76663.61200000002,76662.39188597217,76664.83211402787,0.0719055499999998,-7.157602897597826,2.4402280556969345
76663.61250000002,76663.61250000002,76662.40077292432,76664.82422707572,0.0719055499999998,-7.157566944821156,2.423454151401529
76663.61300000001,76663.61300000001,76662.36207244651,76664.86392755351,0.0719055499999998,-7.157530992044485,2.501855106995208
76663.61350000002,76663.61350000002,76662.35157434575,76664.87542565429,0.0719055499999998,-7.157495039267815,2.523851308535086
76663.61400000003,76663.61400000003,76662.33915381174,76664.88884618832,0.0719055499999998,-7.157459086505696,2.549692376574967
76663.61550000001,76663.61550000001,76662.1232772324,76665.10772276763,0.0719055499999998,-7.157351228175685,2.9844455352285877
76663.61600000001,76663.61600000001,76662.01966076643,76665.21233923359,0.0719055499999998,-7.157315275399014,3.192678467166843
76663.6165,76663.6165,76661.9995529153,76665.23344708471,0.0719055499999998,-7.157279322622344,3.2338941694179084
76663.617,76663.617,76661.90555360855,76665.32844639145,0.0719055499999998,-7.157243369845673,3.42289278289536
76663.617,76663.617,76661.89059356533,76665.34340643467,0.0719055499999998,-7.157243369845673,3.4528128693345934
76663.61750000001,76663.61750000001,76661.8484444668,76665.38655553322,0.0719055499999998,-7.157207417069003,3.5381110664166044
76663.61750000002,76663.61750000002,76661.84826477256,76665.38673522748,0.0719055499999998,-7.157207417069003,3.5384704549214803
76663.62000000002,76663.62000000002,76661.84349281687,76665.39650718318,0.0719055499999998,-7.157027653200203,3.553014366305433
76663.62450000002,76663.62450000002,76661.849701683,76665.39929831705,0.0719055499999998,-7.15670407822472,3.5495966340531595
76663.63,76663.63,76661.85439172061,76665.4056082794,0.0719055499999998,-7.156308597695897,3.551216558786109
76663.63699999999,76663.63699999999,76661.86011599141,76665.41388400857,0.0719055499999998,-7.155805258851615,3.5537680171546526
76663.6465,76663.6465,76661.92586714124,76665.36713285877,0.0719055499999998,-7.15512215612398,3.4412657175271306
76663.65599999999,76663.65599999999,76661.93960818059,76665.37239181939,0.0719055499999998,-7.154439053396345,3.4327836387965363
76663.6565,76663.6565,76662.46249740309,76664.8505025969,0.0719055499999998,-7.154403100619675,2.388005193817662
76663.65650000001,76663.65650000001,76662.46191335181,76664.85108664821,0.0719055499999998,-7.154403100619675,2.3891732963966206
76663.65650000001,76663.65650000001,76662.46191392056,76664.85108607946,0.0719055499999998,-7.154403100619675,2.389172158902511
76663.65600000002,76663.65600000002,76662.49758227421,76664.81441772582,0.0719055499999998,-7.154439053396345,2.316835451609222
76663.65550000002,76663.65550000002,76662.49708286037,76664.81391713968,0.0719055499999998,-7.154475006173016,2.3168342793069314
76663.65500000001,76663.65500000001,76662.49191046129,76664.81808953873,0.0719055499999998,-7.154510958949686,2.3261790774413384
76663.65450000003,76663.65450000003,76662.49141134451,76664.81758865555,0.0719055499999998,-7.1545469117263565,2.3261773110425565
76663.65300000002,76663.65300000002,76662.48990899327,76664.81609100677,0.0719055499999998,-7.154654770056368,2.3261820134939626
76663.65300000002,76663.65300000002,76662.49042640871,76664.81557359133,0.0719055499999998,-7.154654770056368,2.325147182622459
76663.65250000003,76663.65250000003,76662.4870870132,76664.81791298685,0.0719055499999998,-7.154690722818486,2.330825973651372
76663.65250000001,76663.65250000001,76662.48658228884,76664.81841771118,0.0719055499999998,-7.154690722818486,2.3318354223447386
76663.65250000001,76663.65250000001,76662.48145108635,76664.82354891367,0.0719055499999998,-7.154690722818486,2.3420978273206856
76663.65200000002,76663.65200000002,76662.41902481462,76664.88497518541,0.0719055499999998,-7.154726675595157,2.4659503707953263
76663.6515,76663.6515,76662.40402454097,76664.89897545904,0.0719055499999998,-7.154762628371827,2.4949509180733003
76663.64850000002,76663.64850000002,76662.4031076924,76664.89389230765,0.0719055499999998,-7.15497834503185,2.49078461524914
76663.64400000001,76663.64400000001,76662.3996622457,76664.88833775432,0.0719055499999998,-7.15530191999278,2.4886755086190533
76663.63850000002,76663.63850000002,76662.39745671919,76664.87954328084,0.0719055499999998,-7.155697400521603,2.4820865616493393
76663.63150000002,76663.63150000002,76662.41099235503,76664.85200764501,0.0719055499999998,-7.156200739380438,2.441015289979987
76663.56400000003,76663.56400000003,76662.80945970934,76664.31854029071,0.0719055499999998,-7.161054363998119,1.5090805813670158
76663.38600000001,76663.38600000001,76662.73717018578,76664.03482981425,0.0719055499999998,-7.173853551896173,1.2976596284715924
76663.20500000002,76663.20500000002,76662.55639461285,76663.85360538718,0.0719055499999998,-7.186868456454249,1.2972107743262313
76662.79950000001,76662.79950000001,76662.0233015207,76663.57569847931,0.0719055499999998,-7.216026156980661,1.5523969586065505
76662.394,76662.394,76661.61093638052,76663.17706361949,0.0719055499999998,-7.245183857507072,1.5661272389697842
76661.9885,76661.9885,76661.20543662271,76662.7715633773,0.0719055499999998,-7.274341558018932,1.566126754594734
76661.5835,76661.5835,76660.79987197778,76662.3671280222,0.0754934299999998,-7.281672316588811,1.5672560444218107
76661.17799999999,76661.17799999999,76660.44410598234,76661.91189401763,0.0754934299999998,-7.312284902451211,1.4677880352828652
76660.77249999999,76660.77249999999,76660.04084043899,76661.504159561,0.0754934299999998,-7.342897488313611,1.4633191220054869
76660.367,76660.367,76659.6353406835,76661.0986593165,0.0754934299999998,-7.373510074190563,1.4633186330029275
76659.9615,76659.9615,76659.22986158101,76660.693138419,0.08071157999999981,-7.380894065325265,1.4632768379815388
76659.556,76659.556,76658.89320412847,76660.21879587152,0.08071157999999981,-7.413622611013125,1.3255917430506088
76659.15049999999,76659.15049999999,76658.48531856149,76659.81568143849,0.08108271999999982,-7.4450000215438195,1.330362876993604
76658.7445,76658.7445,76658.08397191737,76659.40502808263,0.08108271999999982,-7.477919605851639,1.321056165266782
76658.339,76658.339,76657.67847203935,76658.99952796067,0.08108271999999982,-7.510798648814671,1.3210559213184752
76657.9335,76657.9335,76657.27297325991,76658.59402674009,0.08108271999999982,-7.543677691777702,1.321053480176488
76657.528,76657.528,76656.85935723914,76658.19664276087,0.08108271999999982,-7.576556734740734,1.3372855217312463
76657.1225,76657.1225,76656.45100704739,76657.7939929526,0.08108271999999982,-7.609435777689214,1.3429859052121174
76656.7175,76656.7175,76656.042407032,76657.392592968,0.08135764999999982,-7.641942301328527,1.3501859359967057
76656.312,76656.312,76655.56059617172,76657.06340382829,0.08135764999999982,-7.674932828405872,1.5028076565649826
76655.9645,76655.9645,76655.12944882909,76656.79955117092,0.08135764999999982,-7.703204611781985,1.6701023418281693
76655.727,76655.727,76654.8665477224,76656.5874522776,0.08135764999999982,-7.722527053658268,1.720904555200832
76655.50200000001,76655.50200000001,76654.44342248538,76656.56057751464,0.08135764999999982,-7.740832524897996,2.117155029263813
76655.50200000001,76655.50200000001,76654.38765929901,76656.616340701,0.08135764999999982,-7.740832524897996,2.2286814019898884
76655.50200000001,76655.50200000001,76654.05657790112,76656.94742209889,0.08135764999999982,-7.740832524897996,2.8908441977691837
76655.50200000001,76655.50200000001,76654.05494596683,76656.94905403319,0.08135764999999982,-7.740832524897996,2.8941080663644243
76655.50200000001,76655.50200000001,76653.98250044502,76657.02149955499,0.08135764999999982,-7.740832524897996,3.0389991099655163
76655.50200000001,76655.50200000001,76653.98588449338,76657.01811550664,0.08135764999999982,-7.740832524897996,3.0322310132614803
76655.50200000001,76655.50200000001,76653.97740053509,76657.02659946492,0.08135764999999982,-7.740832524897996,3.0491989298316184
76655.50200000001,76655.50200000001,76653.96884934518,76657.03515065483,0.08135764999999982,-7.740832524897996,3.066301309649134
76655.5015,76655.5015,76653.97614268633,76657.02685731367,0.08135764999999982,-7.740873203729279,3.0507146273448598
76655.50200000001,76655.50200000001,76653.9765459692,76657.02745403082,0.08135764999999982,-7.740832524897996,3.0509080616175197
76655.5015,76655.5015,76654.1560689413,76656.8469310587,0.08135764999999982,-7.740873203729279,2.690862117393408
76655.50200000001,76655.50200000001,76654.15448865533,76656.84951134468,0.08135764999999982,-7.740832524897996,2.695022689353209
76655.50200000001,76655.50200000001,76654.19139369762,76656.8126063024,0.08135764999999982,-7.740832524897996,2.621212604775792
76655.5025,76655.5025,76654.19189294153,76656.81310705848,0.08135764999999982,-7.740791846081265,2.621214116952615
76655.5025,76655.5025,76654.24161842666,76656.76338157334,0.08135764999999982,-7.740791846081265,2.521763146680314
76655.503,76655.503,76654.24211709983,76656.76388290017,0.08135764999999982,-7.740751167249982,2.5217658003384713
76655.503,76655.503,76654.24694290452,76656.75905709548,0.08135764999999982,-7.740751167249982,2.5121141909621656
76655.503,76655.503,76654.37906295816,76656.62693704183,0.08135764999999982,-7.740751167249982,2.2478740836668294
76655.5035,76655.5035,76654.38057892399,76656.62642107603,0.08135764999999982,-7.740710488433251,2.2458421520423144
76655.5035,76655.5035,76654.42685151259,76656.58014848742,0.08135764999999982,-7.740710488433251,2.1532969748368487
76655.5035,76655.5035,76654.42685304307,76656.58014695694,0.08135764999999982,-7.740710488433251,2.153293913870584
76655.5035,76655.5035,76654.42368531869,76656.58331468132,0.08135764999999982,-7.740710488433251,2.1596293626353145
76655.5035,76655.5035,76654.42292050597,76656.58407949404,0.08135764999999982,-7.740710488433251,2.161158988077659
76655.5035,76655.5035,76654.42292020217,76656.58407979785,0.08135764999999982,-7.740710488433251,2.1611595956783276
76655.503,76655.503,76654.42341388349,76656.5825861165,0.08135764999999982,-7.740751167249982,2.15917223301949
76655.503,76655.503,76654.42391818021,76656.58208181978,0.08135764999999982,-7.740751167249982,2.158163639571285
76655.503,76655.503,76654.42550368892,76656.58049631107,0.08135764999999982,-7.740751167249982,2.1549926221487112
76655.5035,76655.5035,76654.43615138759,76656.57084861242,0.08135764999999982,-7.740710488433251,2.1346972248284146
76655.5035,76655.5035,76654.7868215228,76656.22017847722,0.08135764999999982,-7.740710488433251,1.4333569544251077
76655.503,76655.503,76654.4772566146,76656.5287433854,0.08135764999999982,-7.740751167249982,2.051486770797055
76655.5035,76655.5035,76654.47689158608,76656.53010841394,0.08135764999999982,-7.740710488433251,2.053216827858705
76655.503,76655.503,76653.58351410476,76657.42248589524,0.08135764999999982,-7.740751167249982,3.8389717904792633
76655.5035,76655.5035,76653.58399357545,76657.42300642456,0.08135764999999982,-7.740710488433251,3.8390128491155338
76655.5035,76655.5035,76653.58362009705,76657.42337990296,0.08135764999999982,-7.740710488433251,3.839759805909125
76655.5035,76655.5035,76653.58307669386,76657.42392330615,0.08135764999999982,-7.740710488433251,3.8408466122928075
76655.5035,76655.5035,76653.58647429752,76657.42052570249,0.08135764999999982,-7.740710488433251,3.8340514049632475
76655.4995,76655.4995,76653.5793671142,76657.41963288581,0.08135764999999982,-7.7410359190253075,3.840265771606937
76655.4995,76655.4995,76653.72837693228,76657.27062306773,0.08135764999999982,-7.7410359190253075,3.542246135446476
76655.499,76655.499,76653.73049481233,76657.26750518766,0.08135764999999982,-7.7410765978565905,3.537010375323007
76655.499,76655.499,76653.79007796421,76657.20792203578,0.08135764999999982,-7.7410765978565905,3.4178440715768375
76655.49250000001,76655.49250000001,76653.78673346742,76657.19826653259,0.08135764999999982,-7.741605422575958,3.411533065169351
76655.486,76655.486,76653.78588252592,76657.18611747409,0.08135764999999982,-7.742134247295326,3.4002349481743295
76655.47950000002,76655.47950000002,76653.77938872385,76657.17961127618,0.08135764999999982,-7.742663072029245,3.400222552329069
76655.47300000003,76655.47300000003,76653.77289956268,76657.17310043737,0.08135764999999982,-7.743191896748613,3.4002008746901993
76655.46650000002,76655.46650000002,76653.76419412681,76657.16880587324,0.08135764999999982,-7.74372072146798,3.4046117464313284
76655.46000000004,76655.46000000004,76653.75204153992,76657.16795846015,0.08135764999999982,-7.7442495462019,3.415916920232121
76655.45350000003,76655.45350000003,76653.74553842423,76657.16146157583,0.08135764999999982,-7.744778370921267,3.4159231515950523
76655.44650000003,76655.44650000003,76653.74277318612,76657.15022681394,0.08135764999999982,-7.745347874471918,3.4074536278203595
76655.44000000003,76655.44000000003,76653.73627318612,76657.14372681394,0.08135764999999982,-7.745876699205837,3.4074536278203595
76655.43350000001,76655.43350000001,76653.72192425416,76657.14507574587,0.08135764999999982,-7.746405523925205,3.4231514917046297
76655.42650000003,76655.42650000003,76653.71491946944,76657.13808053063,0.08135764999999982,-7.746975027475855,3.423161061189603
76655.42000000001,76655.42000000001,76653.73170890658,76657.10829109345,0.08135764999999982,-7.747503852195223,3.376582186872838
76655.41300000003,76655.41300000003,76653.72470578043,76657.10129421962,0.08135764999999982,-7.748073355745873,3.3765884391905274
76655.40600000003,76655.40600000003,76653.71769326767,76657.0943067324,0.08135764999999982,-7.748642859296524,3.376613464730326
76655.39950000003,76655.39950000003,76653.71120109106,76657.087798909,0.08135764999999982,-7.749171684030443,3.376597817928996
76655.39300000001,76655.39300000001,76653.70637312061,76657.07962687941,0.08135764999999982,-7.749700508749811,3.3732537587929983
76655.39000000001,76655.39000000001,76653.69805098667,76657.08194901336,0.08135764999999982,-7.749944581693853,3.3838980266882572
76655.38350000003,76655.38350000003,76653.69931602934,76657.06768397072,0.08135764999999982,-7.750473406427773,3.3683679413807113
76655.37700000002,76655.37700000002,76653.69281142994,76657.06118857011,0.08135764999999982,-7.75100223114714,3.368377140170196
76655.3705,76655.3705,76653.68406168425,76657.05693831576,0.08135764999999982,-7.75153105588106,3.372876631503459
76655.37100000001,76655.37100000001,76653.70855263907,76657.03344736095,0.08135764999999982,-7.751490377049777,3.3248947218817193
76655.37150000001,76655.37150000001,76653.66759907822,76657.07540092179,0.08135764999999982,-7.751449698233046,3.40780184356845
76655.37150000001,76655.37150000001,76653.66313410393,76657.07986589608,0.08135764999999982,-7.751449698233046,3.4167317921528593
76655.37150000001,76655.37150000001,76653.6631411746,76657.07985882541,0.08135764999999982,-7.751449698233046,3.416717650805367
76655.372,76655.372,76653.68277757573,76657.06122242428,0.08135764999999982,-7.751409019401763,3.3784448485530447
76655.37249999998,76655.37249999998,76653.67347764455,76657.07152235541,0.08135764999999982,-7.75136834057048,3.3980447108624503
76655.37250000001,76655.37250000001,76653.66252960131,76657.08247039872,0.08135764999999982,-7.75136834057048,3.4199407974083442
76655.37299999999,76655.37299999999,76653.7293169292,76657.01668307079,0.08135764999999982,-7.7513276617537485,3.287366141594248
76655.37299999999,76655.37299999999,76653.72220449218,76657.0237955078,0.08135764999999982,-7.7513276617537485,3.301591015624581
76655.37299999999,76655.37299999999,76654.496297033,76656.24970296699,0.08135764999999982,-7.7513276617537485,1.753405933995964
76655.37300000002,76655.37300000002,76654.49630401746,76656.24969598258,0.08135764999999982,-7.7513276617537485,1.7533919651177712
76655.37350000002,76655.37350000002,76654.49680750912,76656.25019249092,0.08135764999999982,-7.7512869829224655,1.7533849817991722
76655.374,76655.374,76654.48970672749,76656.2582932725,0.08135764999999982,-7.7512463041057345,1.7685865450184792
76655.374,76655.374,76654.48372815172,76656.26427184827,0.08135764999999982,-7.7512463041057345,1.7805436965427361
76655.374,76655.374,76654.48372554468,76656.26427445532,0.08135764999999982,-7.7512463041057345,1.7805489106394816
76655.37350000002,76655.37350000002,76654.48322380584,76656.26377619419,0.08135764999999982,-7.7512869829224655,1.7805523883434944
76655.374,76655.374,76654.48373424038,76656.26426575962,0.08135764999999982,-7.7512463041057345,1.7805315192381386
76655.3745,76655.3745,76654.41577401606,76656.33322598395,0.08135764999999982,-7.7512056252744514,1.9174519678927027
76655.3745,76655.3745,76654.26404252538,76656.48495747463,0.08135764999999982,-7.7512056252744514,2.22091494925553
76655.375,76655.375,76654.26453860292,76656.48546139708,0.08135764999999982,-7.75116494645772,2.2209227941639256
76655.37449999999,76655.37449999999,76653.95852751296,76656.79047248702,0.08135764999999982,-7.7512056252744514,2.8319449740520213
76655.37449999999,76655.37449999999,76653.95873389198,76656.790266108,0.08135764999999982,-7.7512056252744514,2.8315322160196956
76655.3745,76655.3745,76653.84063441667,76656.90836558334,0.08135764999999982,-7.7512056252744514,3.067731166665908
76655.375,76655.375,76653.84495961602,76656.90504038398,0.08135764999999982,-7.75116494645772,3.060080767958425
76655.3745,76655.3745,76653.69169393403,76657.05730606598,0.08135764999999982,-7.7512056252744514,3.365612131950911
76655.37449999999,76655.37449999999,76653.69169457369,76657.0573054263,0.08135764999999982,-7.7512056252744514,3.365610852604732
76655.3745,76655.3745,76653.60432248248,76657.14467751753,0.08135764999999982,-7.7512056252744514,3.54035503504565
76655.37449999999,76655.37449999999,76653.57803259666,76657.17096740332,0.08135764999999982,-7.7512056252744514,3.592934806656558
76655.375,76655.375,76653.57787332259,76657.17212667741,0.08135764999999982,-7.75116494645772,3.5942533548222855
76655.37,76655.37,76653.5504457518,76657.1895542482,0.08135764999999982,-7.751571734697791,3.6391084963979665
76655.37,76655.37,76653.60372047093,76657.13627952906,0.08135764999999982,-7.751571734697791,3.5325590581342112
76655.3695,76655.3695,76653.60622547269,76657.13277452732,0.08135764999999982,-7.751612413529074,3.526549054629868
76655.36900000002,76655.36900000002,76653.64298462644,76657.0950153736,0.08135764999999982,-7.751653092345805,3.4520307471684646
76655.36400000002,76655.36400000002,76653.63921117004,76657.08878882999,0.08135764999999982,-7.752059880600427,3.4495776599505916
76655.3595,76655.3595,76653.6347108253,76657.08428917472,0.08135764999999982,-7.752425990023767,3.449578349420335
76655.35500000001,76655.35500000001,76653.6289740897,76657.08102591032,0.08135764999999982,-7.752792099447106,3.452051820611814
76655.34950000001,76655.34950000001,76653.61756550214,76657.08143449789,0.08135764999999982,-7.7532395665184595,3.46386899575009
76655.34450000002,76655.34450000002,76653.61256516952,76657.07643483052,0.08135764999999982,-7.753646354773082,3.4638696610054467
76655.34000000001,76655.34000000001,76653.58933422183,76657.09066577819,0.08135764999999982,-7.754012464196421,3.5013315563555807
76655.33450000001,76655.33450000001,76653.58010390251,76657.08889609751,0.08135764999999982,-7.754459931282327,3.5087921950034797
76655.3295,76655.3295,76653.57510375333,76657.08389624668,0.08135764999999982,-7.754866719522397,3.5087924933468457
76655.32450000002,76655.32450000002,76653.56787373131,76657.08112626872,0.08135764999999982,-7.755273507777019,3.5132525374065153
76655.32,76655.32,76653.56050301135,76657.07949698866,0.08135764999999982,-7.755639617200359,3.5189939773117658
76655.31500000002,76655.31500000002,76653.55515022129,76657.07484977874,0.08135764999999982,-7.756046405454981,3.5196995574515313
76655.31000000001,76655.31000000001,76653.55013512605,76657.06986487398,0.08135764999999982,-7.756453193695052,3.519729747931706
76655.30450000001,76655.30450000001,76653.54463363953,76657.0643663605,0.08135764999999982,-7.756900660780957,3.5197327209752984
76655.30000000002,76655.30000000002,76653.5404863724,76657.05951362764,0.08135764999999982,-7.757266770204296,3.5190272552426904
76655.29450000002,76655.29450000002,76653.53417650063,76657.0548234994,0.08135764999999982,-7.75771423727565,3.5206469987751916
76655.28950000001,76655.28950000001,76653.52917665408,76657.04982334595,0.08135764999999982,-7.758121025530272,3.5206466918752994
76655.29000000001,76655.29000000001,76653.52690998977,76657.05309001025,0.08135764999999982,-7.758080346698989,3.5261800204752944
76655.28500000002,76655.28500000002,76653.52097885756,76657.04902114248,0.08135764999999982,-7.7584871349536115,3.528042284917319
76655.28050000002,76655.28050000002,76653.51909995002,76657.04190005003,0.08135764999999982,-7.758853244376951,3.5228001000068616
76655.27550000002,76655.27550000002,76653.51443294193,76657.03656705811,0.08135764999999982,-7.759260032631573,3.5221341161814053
76655.27600000001,76655.27600000001,76653.51493190374,76657.03706809628,0.08135764999999982,-7.75921935380029,3.5221361925359815
76655.27550000002,76655.27550000002,76653.51376838412,76657.03723161592,0.08135764999999982,-7.759260032631573,3.5234632318024524
76655.27550000002,76655.27550000002,76653.51445059718,76657.03654940285,0.08135764999999982,-7.759260032631573,3.5220988056680653
76655.27600000001,76655.27600000001,76653.51579650967,76657.03620349035,0.08135764999999982,-7.75921935380029,3.520406980678672
76655.27600000001,76655.27600000001,76653.492384047,76657.05961595303,0.08135764999999982,-7.75921935380029,3.567231906024972
76655.27600000001,76655.27600000001,76653.40513997922,76657.1468600208,0.08135764999999982,-7.75921935380029,3.7417200415802654
76655.27600000001,76655.27600000001,76653.3718620266,76657.18013797342,0.08135764999999982,-7.75921935380029,3.8082759468234144
76655.27600000001,76655.27600000001,76653.37186138012,76657.18013861991,0.08135764999999982,-7.75921935380029,3.8082772397901863
76655.27600000001,76655.27600000001,76653.371860732,76657.18013926802,0.08135764999999982,-7.75921935380029,3.808278536016587
76655.27600000001,76655.27600000001,76653.3661728465,76657.18582715353,0.08135764999999982,-7.75921935380029,3.8196543070371263
76655.27600000001,76655.27600000001,76653.36345207432,76657.1885479257,0.08135764999999982,-7.75921935380029,3.825095851381775
76655.2875,76655.2875,76653.37313905336,76657.20186094665,0.08135764999999982,-7.7582837408263,3.8287218932819087
76655.29900000001,76655.29900000001,76653.38463009728,76657.21336990275,0.08135764999999982,-7.75734812785231,3.828739805467194
76655.36400000002,76655.36400000002,76653.4476498142,76657.28035018583,0.08135764999999982,-7.752059880600427,3.832700371625833
76655.44150000002,76655.44150000002,76653.52514122744,76657.3578587726,0.08135764999999982,-7.74575466272654,3.8327175451559015
76655.80300000001,76655.80300000001,76653.88655879641,76657.71944120362,0.08135764999999982,-7.716343872249126,3.832882407208672
76656.16400000002,76656.16400000002,76654.2475413605,76658.08045863954,0.08135745999999983,-7.686972556766705,3.8329172790399753
76656.41100000001,76656.41100000001,76654.49490834866,76658.32709165136,0.08135738999999982,-7.666876998220687,3.8321833027002867
76656.57700000002,76656.57700000002,76654.66089752447,76658.49310247556,0.08033802999999982,-7.651309506196412,3.832204951089807
76656.82400000001,76656.82400000001,76654.91201294174,76658.73598705827,0.07951206999999982,-7.628669312223792,3.823974116530735
76657.05050000001,76657.05050000001,76655.14160108945,76658.95939891058,0.07942851999999982,-7.610429272142937,3.817797821131535
76657.34150000001,76657.34150000001,76655.43408026347,76659.24891973655,0.07942844999999982,-7.587315310433041,3.81483947308152
76657.63350000003,76657.63350000003,76655.72608006757,76659.54091993248,0.07942831999999982,-7.564121749790502,3.8148398649063893
76657.92550000001,76657.92550000001,76656.02000758843,76659.83099241159,0.07942827999999981,-7.540928552567493,3.8109848231542856
76658.22050000002,76658.22050000002,76656.3150075899,76660.12599241015,0.0794281799999998,-7.517496914006188,3.8109848202439025
76658.535,76658.535,76656.62951437627,76660.44048562374,0.07942792999999981,-7.4925159926497145,3.810971247468842
76658.85,76658.85,76656.94558063248,76660.75441936753,0.07937476999999982,-7.467351599494577,3.808838735043537
76659.18600000002,76659.18600000002,76657.2691885473,76661.10281145273,0.07937474999999981,-7.440681620690157,3.8336229054257274
76659.5215,76659.5215,76657.60396061085,76661.43903938915,0.07931774999999981,-7.4139106875809375,3.835078778298339
76659.85649999998,76659.85649999998,76657.93000593707,76661.78299406289,0.07931761999999981,-7.387338965272647,3.8529881258145906
76660.19200000001,76660.19200000001,76658.26519708308,76662.11880291694,0.07931761999999981,-7.360727903753286,3.8536058338650037
76660.516,76660.516,76658.5891903895,76662.44280961051,0.0792671399999998,-7.334955092155724,3.8536192210158333
76660.8405,76660.8405,76658.91392368416,76662.76707631585,0.0792671399999998,-7.309232905216049,3.853152631694684
76661.1105,76661.1105,76659.18395663692,76663.03704336307,0.0792670599999998,-7.287830707864487,3.853086726157926
76661.36850000001,76661.36850000001,76659.44195681438,76663.29504318564,0.0792670099999998,-7.26737977580342,3.8530863712658174
76661.342,76661.342,76659.41568796175,76663.26831203826,0.0792669599999998,-7.269480319664581,3.85262407650589
76661.316,76661.316,76659.3897414569,76663.24225854312,0.0792669399999998,-7.271541247348068,3.852517086226726
76661.40449999999,76661.40449999999,76659.4782413231,76663.33075867688,0.0792668299999998,-7.2645260598364985,3.8525173537782393
76661.57349999998,76661.57349999998,76659.6472414589,76663.49975854107,0.07926673999999981,-7.251129928976297,3.8525170821812935
76661.66199999998,76661.66199999998,76659.73578530853,76663.58821469144,0.07926670999999981,-7.244114812943735,3.8524293829104863
76661.7705,76661.7705,76659.8442901481,76663.6967098519,0.0791882799999998,-7.235497943824157,3.8524197037913837
76661.81499999999,76661.81499999999,76659.88914734004,76663.74085265993,0.07918821999999981,-7.231974055466708,3.851705319888424
76661.858,76661.858,76659.93214747867,76663.78385252132,0.07918812999999982,-7.228568951017223,3.851705042645335
76661.90099999998,76661.90099999998,76659.97514770742,76663.82685229255,0.07918798999999982,-7.225163850380341,3.8517045851331204
76661.94149999999,76661.94149999999,76660.01564923247,76663.8673507675,0.07918798999999982,-7.221956736786524,3.8517015350225847
76661.9625,76661.9625,76660.03664878661,76663.88835121338,0.07918798999999982,-7.2202937889960594,3.85170242676395
76661.9835,76661.9835,76660.05769349348,76663.90930650652,0.07918798999999982,-7.218630841205595,3.851613013044698
76661.983,76661.983,76660.05720591334,76663.90879408664,0.07918789999999983,-7.218670435453532,3.851588173303753
76661.983,76661.983,76660.05720573297,76663.90879426702,0.07918789999999983,-7.218670435453532,3.8515885340457316
76661.9835,76661.9835,76660.05771772136,76663.90928227865,0.07918789999999983,-7.218630841511185,3.8515645572915673
76661.9835,76661.9835,76660.05771406788,76663.90928593212,0.07918789999999983,-7.218630841511185,3.851571864244761
76661.984,76661.984,76660.05818344228,76663.90981655772,0.07918789999999983,-7.218591247554286,3.8516331154387444
76661.9835,76661.9835,76660.05765616751,76663.90934383249,0.07918786999999983,-7.218630841613049,3.851687664981
76661.984,76661.984,76660.05815848218,76663.90984151782,0.07918786999999983,-7.218591247670702,3.851683035638416
76661.984,76661.984,76660.05860726148,76663.90939273851,0.07918780999999983,-7.218591247918084,3.850785477028694
76661.928,76661.928,76660.0115746076,76663.8444253924,0.07918780999999983,-7.223025765269995,3.832850784790935
76661.87150000001,76661.87150000001,76659.95508313284,76663.78791686718,0.07918773999999983,-7.22749994804326,3.8328337343409657
76661.81500000002,76661.81500000002,76659.89858357723,76663.7314164228,0.07918767999999983,-7.231974113252363,3.8328328455681913
76661.75850000003,76661.75850000003,76659.84208392989,76663.67491607016,0.07918753999999983,-7.236448344352539,3.832832140265964
76661.70200000002,76661.70200000002,76659.7949815593,76663.60901844074,0.07918748999999983,-7.240922482960741,3.814036881434731
76661.64550000003,76661.64550000003,76659.75179890812,76663.53920109193,0.07918739999999984,-7.245396647733287,3.7874021838069893
76661.58900000002,76661.58900000002,76659.72037564323,76663.45762435682,0.07918733999999984,-7.249870780171477,3.737248713587178
76661.53250000003,76661.53250000003,76659.66408210313,76663.40091789693,0.07918714999999985,-7.254344994551502,3.7368357937957626
76661.47600000002,76661.47600000002,76659.84800545912,76663.10399454093,0.07918714999999985,-7.258819068534649,3.255989081808366
76661.41900000002,76661.41900000002,76659.81963578136,76663.01836421869,0.07918714999999985,-7.263332736081793,3.198728437331738
76661.36200000002,76661.36200000002,76659.97922290985,76662.74477709019,0.07918714999999985,-7.267846403628937,2.7655541803396773
76661.28250000002,76661.28250000002,76659.93569796524,76662.6293020348,0.07918714999999985,-7.2741417820507195,2.693604069558205
76661.2035,76661.2035,76659.85670634119,76662.55029365882,0.07918714999999985,-7.280397566908505,2.693587317626225
76661.1245,76661.1245,76659.77770215533,76662.47129784468,0.07918714999999985,-7.28665335176629,2.6935956893430557
76661.04499999998,76661.04499999998,76659.45707036307,76662.6329296369,0.07918714999999985,-7.292948730188073,3.175859273818787
76660.96549999998,76660.96549999998,76659.85014038092,76662.08085961903,0.07918714999999985,-7.299244108609855,2.230719238112215
76660.88599999997,76660.88599999997,76659.2564700769,76662.51552992304,0.07918714999999985,-7.305539487031638,3.25905984613928
76660.72999999997,76660.72999999997,76659.10021702149,76662.35978297844,0.07918714999999985,-7.317892682433012,3.2595659569487907
76660.54549999998,76660.54549999998,76658.88674403919,76662.20425596077,0.07918714999999985,-7.332502711607958,3.317511921573896
76660.23199999999,76660.23199999999,76658.57064587293,76661.89335412705,0.07918714999999985,-7.357327883131802,3.3227082541270647
76659.97449999998,76659.97449999998,76658.31314610971,76661.63585389026,0.07918714999999985,-7.3777185742656,3.3227077805495355
76659.7175,76659.7175,76658.05614575723,76661.37885424276,0.07918714999999985,-7.398069671806297,3.3227084855316207
76659.4605,76659.4605,76657.79915515012,76661.12184484988,0.07918714999999985,-7.418420769361546,3.3226896997657605
76659.2035,76659.2035,76657.54215507404,76660.86484492596,0.07918714999999985,-7.438771866902243,3.322689851920586
76658.94649999999,76658.94649999999,76657.28537978863,76660.60762021135,0.07918714999999985,-7.459122964457492,3.322240422712639
76658.68950000001,76658.68950000001,76657.0283793972,76660.35062060281,0.07918714999999985,-7.479474062012741,3.3222412056056783
76658.4325,76658.4325,76656.7584445498,76660.10655545018,0.07918714999999985,-7.499825159553438,3.3481109003769234
76658.17549999998,76658.17549999998,76656.50163561384,76659.84936438613,0.07918714999999985,-7.520176257108687,3.347728772292612
76657.9185,76657.9185,76656.17875579937,76659.65824420063,0.07918714999999985,-7.540527354663936,3.4794884012662806
76657.66199999998,76657.66199999998,76655.92225908105,76659.40174091891,0.07958308999999984,-7.560069943167036,3.4794818378577475
76657.40549999998,76657.40549999998,76655.67967390167,76659.13132609829,0.07970899999999985,-7.580270784441382,3.4516521966143046
76657.17099999999,76657.17099999999,76655.44956465573,76658.89243534424,0.07970899999999985,-7.598962544943788,3.4428706885082647
76656.93649999998,76656.93649999998,76655.2150644375,76658.65793556246,0.07970899999999985,-7.6176543054461945,3.4428711249493062
76656.70199999998,76656.70199999998,76654.98060142141,76658.42339857854,0.08387052999999985,-7.632259443489602,3.442797157127643
76656.46749999998,76656.46749999998,76654.88259275694,76658.05240724303,0.08387052999999985,-7.651927082770271,3.16981448608567
76656.23299999998,76656.23299999998,76654.64809275884,76657.81790724111,0.08387052999999985,-7.6715947220654925,3.1698144822730683
76655.99849999999,76655.99849999999,76654.41397345919,76657.58302654079,0.08387052999999985,-7.691262361346162,3.169053081597667
76655.84099999999,76655.84099999999,76654.2564735079,76657.42552649206,0.08387052999999985,-7.70447196981695,3.169052984158043
76655.71149999999,76655.71149999999,76654.1269737046,76657.29602629539,0.08387052999999985,-7.715333203450427,3.1690525907906704
76655.71149999999,76655.71149999999,76654.12433572793,76657.29866427205,0.08387052999999985,-7.715333203450427,3.1743285441189073
76655.67549999998,76655.67549999998,76654.08778964485,76657.26321035512,0.08387052999999985,-7.7183525425352855,3.1754207102640066
76655.67549999998,76655.67549999998,76654.07958406939,76657.27141593058,0.08387052999999985,-7.7183525425352855,3.191831861186074
76655.65349999999,76655.65349999999,76654.05150972356,76657.25549027641,0.08387052999999985,-7.720197694201488,3.203980552847497
76655.65349999999,76655.65349999999,76654.05094451153,76657.25605548844,0.08387052999999985,-7.720197694201488,3.2051109769090544
76655.65349999999,76655.65349999999,76653.9839250266,76657.32307497338,0.08387052999999985,-7.720197694201488,3.3391499467834365
76655.65349999999,76655.65349999999,76653.97898253362,76657.32801746635,0.08387052999999985,-7.720197694201488,3.3490349327330478
76655.65349999999,76655.65349999999,76653.91673184022,76657.39026815975,0.08387052999999985,-7.720197694201488,3.473536319535924
76655.61749999998,76655.61749999998,76653.83577855202,76657.39922144794,0.08387052999999985,-7.723217033271794,3.5634428959165234
76655.58149999999,76655.58149999999,76653.79977851696,76657.36322148301,0.08387052999999985,-7.726236372356652,3.563442966056755
76655.54499999998,76655.54499999998,76653.75272253655,76657.33727746342,0.08387052999999985,-7.729297646699706,3.5845549268706236
76655.5085,76655.5085,76653.71622260218,76657.30077739782,0.08387052999999985,-7.73235892104276,3.584554795641452
76655.4725,76655.4725,76653.67670754189,76657.26829245812,0.08387052999999985,-7.735378260127618,3.591584916226566
76655.4365,76655.4365,76653.64062701425,76657.23237298575,0.08387052999999985,-7.738397599197924,3.5917459714983124
76655.4005,76655.4005,76653.60460183976,76657.19639816025,0.08387052999999985,-7.741416938282782,3.5917963204847183
76655.3645,76655.3645,76653.58984703939,76657.1391529606,0.08387052999999985,-7.74443627736764,3.549305921216728
76655.32849999999,76655.32849999999,76653.55384703938,76657.1031529606,0.08387052999999985,-7.7474556164379464,3.549305921216728
76655.2925,76655.2925,76653.51784711247,76657.06715288752,0.08387052999999985,-7.7504749555228045,3.5493057750572916
76655.25649999999,76655.25649999999,76653.48184673172,76657.03115326825,0.08387052999999985,-7.753494294607663,3.5493065365299117
76655.2205,76655.2205,76653.44584664235,76656.99515335764,0.08387052999999985,-7.756513633677969,3.5493067152856383
76655.1845,76655.1845,76653.40984647987,76656.95915352013,0.08387052999999985,-7.759532972762827,3.5493070402590092
76655.1845,76655.1845,76653.40984657405,76656.95915342595,0.08387052999999985,-7.759532972762827,3.5493068518990185
76655.1485,76655.1485,76653.37384666767,76656.92315333232,0.08387052999999985,-7.762552311847685,3.5493066646449734
76655.1345,76655.1345,76653.35984696248,76656.90915303752,0.08387052999999985,-7.76372649926634,3.549306075030472
76655.099,76655.099,76653.32434667012,76656.87365332988,0.08387052999999985,-7.766703903078451,3.54930665975553
76655.063,76655.063,76653.2988071174,76656.82719288259,0.08387052999999985,-7.769723242163309,3.528385765181156
76655.027,76655.027,76653.29932375635,76656.75467624365,0.08387052999999985,-7.772742581233615,3.4553524873044807
76654.991,76654.991,76653.50377910385,76656.47822089614,0.08387052999999985,-7.775761920318473,2.9744417922920547
76654.99100000001,76654.99100000001,76653.49611881716,76656.48588118286,0.08387052999999985,-7.775761920318473,2.9897623657016084
76654.99100000001,76654.99100000001,76653.59908561104,76656.38291438897,0.08387052999999985,-7.775761920318473,2.7838287779304665
76654.991,76654.991,76653.6120889049,76656.36991109508,0.08387052999999985,-7.775761920318473,2.7578221901785582
76654.99100000001,76654.99100000001,76653.61208665908,76656.36991334094,0.08387052999999985,-7.775761920318473,2.757826681860024
76654.991,76654.991,76653.61209217375,76656.36990782624,0.08387052999999985,-7.775761920318473,2.7578156524978112
76654.991,76654.991,76653.61313047679,76656.3688695232,0.08387052999999985,-7.775761920318473,2.7557390464062337
76654.9905,76654.9905,76653.61262801915,76656.36837198085,0.08387052999999985,-7.775803855576669,2.755743961693952
76654.99100000001,76654.99100000001,76653.61312617634,76656.36887382368,0.08387052999999985,-7.775761920318473,2.7557476473448332
76654.99100000001,76654.99100000001,76653.61685644486,76656.36514355516,0.08387052999999985,-7.775761920318473,2.7482871102984063
76654.99149999999,76654.99149999999,76653.61735376941,76656.36564623057,0.08387052999999985,-7.775719985060277,2.748292461154051
76654.9915,76654.9915,76653.65775469324,76656.32524530677,0.08387052999999985,-7.7757199850457255,2.66749061353039
76654.9915,76654.9915,76653.6647142635,76656.3182857365,0.08387052999999985,-7.7757199850457255,2.65357147299801
76654.992,76654.992,76653.66521338132,76656.31878661868,0.08387052999999985,-7.77567804978753,2.6535732373595238
76654.992,76654.992,76653.63733098339,76656.34666901661,0.08387052999999985,-7.77567804978753,2.7093380332225934
76654.992,76654.992,76653.62800197117,76656.35599802883,0.08387052999999985,-7.77567804978753,2.727996057656128
76654.992,76654.992,76653.62800218444,76656.35599781555,0.08387052999999985,-7.77567804978753,2.727995631110389
76654.9915,76654.9915,76653.62750282124,76656.35549717877,0.08387052999999985,-7.7757199850457255,2.727994357526768
76654.9915,76654.9915,76653.2475592909,76656.7354407091,0.08387052999999985,-7.7757199850457255,3.487881418201141
76654.9915,76654.9915,76653.24561178706,76656.73738821295,0.08387052999999985,-7.7757199850457255,3.4917764258862007
76654.9915,76654.9915,76653.2370536874,76656.74594631261,0.08387052999999985,-7.7757199850457255,3.5088926252210513
76654.99149999999,76654.99149999999,76653.23260206603,76656.75039793395,0.08387052999999985,-7.775719985060277,3.517795867926907
76654.9915,76654.9915,76653.22209712806,76656.76090287195,0.08387052999999985,-7.7757199850457255,3.538805743883131
76654.99149999999,76654.99149999999,76653.22526969392,76656.75773030605,0.08387052999999985,-7.775719985060277,3.5324606121284887
76654.9915,76654.9915,76653.22526932691,76656.7577306731,0.08387052999999985,-7.7757199850457255,3.5324613461853005
76654.9915,76654.9915,76653.21630353069,76656.76669646932,0.08387052999999985,-7.7757199850457255,3.5503929386322852
76654.99149999999,76654.99149999999,76653.21312001339,76656.76987998659,0.08387052999999985,-7.775719985060277,3.5567599732021336
76654.99149999999,76654.99149999999,76653.15383869177,76656.82916130821,0.08387052999999985,-7.775719985060277,3.6753226164437365
76654.991,76654.991,76653.20156079638,76656.7804392036,0.08387052999999985,-7.775761920318473,3.5788784072210547
76654.991,76654.991,76653.20126686215,76656.78073313784,0.08387052999999985,-7.775761920318473,3.579466275696177
76654.95300000001,76654.95300000001,76653.16367329468,76656.74232670534,0.08387052999999985,-7.778949000465218,3.5786534106591716
76654.953,76654.953,76653.14938969909,76656.7566103009,0.08387052999999985,-7.778949000465218,3.6072206018143333
76654.833,76654.833,76652.91697682052,76656.74902317948,0.08387052999999985,-7.789013464062009,3.8320463589625433
76654.71250000001,76654.71250000001,76652.79532234688,76656.62967765314,0.08387052999999985,-7.799119862916996,3.834355306258658
76654.50050000001,76654.50050000001,76652.58170010977,76656.41929989024,0.08387052999999985,-7.816900415287819,3.837599780468736
76654.28850000001,76654.28850000001,76652.36970010857,76656.20729989145,0.08387052999999985,-7.83468096764409,3.8375997828843538
76654.07650000001,76654.07650000001,76652.15770316788,76655.99529683214,0.08387052999999985,-7.852461520000361,3.8375936642696615
76653.86450000001,76653.86450000001,76651.94570412993,76655.78329587009,0.08387052999999985,-7.870242072356632,3.8375917401572224
76653.653,76653.653,76651.72720468648,76655.57879531353,0.09387052999999984,-7.859050689454307,3.851590627047699
76653.441,76653.441,76651.60609348601,76655.275906514,0.09387052999999984,-7.87895124181523,3.669813027983764
76653.22899999999,76653.22899999999,76651.39408837745,76655.06391162254,0.09387052999999984,-7.898851794176153,3.669823245087173
76653.017,76653.017,76651.1820769677,76654.85192303231,0.09387052999999984,-7.918752346537076,3.6698460646148305
76652.805,76652.805,76650.97006409816,76654.63993590183,0.09387052999999984,-7.938652898897999,3.6698718036641367
76652.55750000001,76652.55750000001,76650.72233586689,76654.39266413313,0.09387052999999984,-7.961885855067521,3.670328266249271
76652.26849999999,76652.26849999999,76650.4213047319,76654.11569526808,0.09387052999999984,-7.989014438237064,3.6943905361695215
76651.91649999999,76651.91649999999,76650.06800408504,76653.76499591494,0.09387052999999984,-8.022056864807382,3.696991829900071
76651.56450000001,76651.56450000001,76649.71600408244,76653.41299591758,0.09387052999999984,-8.055099291363149,3.6969918351387605
76651.11499999999,76651.11499999999,76649.2665041344,76652.96349586558,0.09387052999999984,-8.097294094593963,3.696991731179878
76650.6655,76650.6655,76648.81374370764,76652.51725629237,0.09387052999999984,-8.139488897824776,3.7035125847323798
76650.21599999999,76650.21599999999,76648.36424372281,76652.06775627716,0.09387052999999984,-8.181683701070142,3.7035125543479808
76649.804,76649.804,76647.95224373549,76651.65575626452,0.09387052999999984,-8.220358359423699,3.7035125290276483
76649.35449999999,76649.35449999999,76647.50290603803,76651.20609396194,0.09387052999999984,-8.262553162669064,3.703187923907535
76649.025,76649.025,76647.17340602775,76650.87659397224,0.09387052999999984,-8.293483502289746,3.7031879444839433
76648.696,76648.696,76646.84441969596,76650.54758030403,0.09510791999999985,-8.32104327713023,3.7031606080709025
76648.4585,76648.4585,76646.6162309063,76650.3007690937,0.09510791999999985,-8.34363140813366,3.6845381874009036
76648.2215,76648.2215,76646.37923373152,76650.06376626847,0.09536145999999984,-8.365611281449674,3.684532536950428
76647.984,76647.984,76646.1436330181,76649.82436698189,0.09536145999999984,-8.38825962820556,3.6807339637889527
76647.7465,76647.7465,76645.90612896539,76649.5868710346,0.09536145999999984,-8.410907974946895,3.680742069205735
76647.50899999999,76647.50899999999,76645.66862159042,76649.34937840956,0.09561975999999985,-8.43316913000308,3.6807568191434257
76647.2715,76647.2715,76645.43267793773,76649.11032206228,0.09561975999999985,-8.45587882300606,3.6776441245456226
76647.03400000001,76647.03400000001,76645.19517798639,76648.87282201364,0.09561975999999985,-8.47858851600904,3.6776440272515174
76646.7965,76646.7965,76644.9535095867,76648.63949041329,0.09561975999999985,-8.50129820901202,3.6859808265871834
76646.559,76646.559,76644.71600963389,76648.4019903661,0.09561975999999985,-8.524007902000449,3.6859807322034612
76646.35699999999,76646.35699999999,76644.51400965548,76648.1999903445,0.09561975999999985,-8.54332309353049,3.685980689013377
76646.19649999999,76646.19649999999,76644.35341661594,76648.03958338404,0.09561975999999985,-8.558670065001934,3.686166768107796
76646.099,76646.099,76644.25584259108,76647.94215740892,0.09561975999999985,-8.567992991607753,3.686314817838138
76646.0015,76646.0015,76644.15834257958,76647.84465742041,0.09561975999999985,-8.57731591819902,3.686314840830164
76646.00200000001,76646.00200000001,76644.15884397157,76647.84515602844,0.09574349999999984,-8.577269098241231,3.686312056874158
76646.0025,76646.0025,76644.16073801514,76647.84426198486,0.09586942999999984,-8.577222170963068,3.6835239697247744
76646.0025,76646.0025,76644.16175736744,76647.84324263256,0.09586942999999984,-8.577222170963068,3.681485265115043
76646.003,76646.003,76644.16260097173,76647.84339902826,0.09650335999999984,-8.5771786737605,3.680798056535423
76646.0035,76646.0035,76644.16807989668,76647.83892010333,0.09682031999999985,-8.577132482314482,3.6708402066433337
76646.004,76646.004,76644.17149802315,76647.83650197685,0.09745424999999985,-8.577087875746656,3.665003953705309
76646.0035,76646.0035,76644.1757857605,76647.83121423952,0.09745424999999985,-8.577136602863902,3.6554284790181555
76646.004,76646.004,76644.17630778726,76647.83169221274,0.09939167999999986,-8.577099500311306,3.6553844254813157
76646.004,76646.004,76644.19193099126,76647.81606900874,0.09964999999999986,-8.577101050235797,3.6241380174760707
76646.00450000001,76646.00450000001,76644.1946334987,76647.81436650132,0.09971134999999987,-8.577051562664565,3.6197330026188865
76646.00450000001,76646.00450000001,76644.20251499454,76647.80648500548,0.09971134999999987,-8.577051562664565,3.60397001093952
76646.00450000001,76646.00450000001,76644.2028123375,76647.80618766251,0.10100296999999986,-8.577058666589437,3.6033753250085283
76646.005,76646.005,76644.21356417051,76647.7964358295,0.10106754999999985,-8.577008488005958,3.582871658989461
76646.005,76646.005,76644.21408066222,76647.79591933779,0.10106754999999985,-8.577008488005958,3.581838675570907
76646.005,76646.005,76644.21645511739,76647.79354488262,0.10106754999999985,-8.577008488005958,3.577089765225537
76646.0055,76646.0055,76644.51062638486,76647.50037361514,0.10106754999999985,-8.576957954224781,2.989747230283683
76646.0055,76646.0055,76644.59489069534,76647.41610930466,0.10106754999999985,-8.576957954224781,2.8212186093151104
76646.0055,76646.0055,76644.79795218044,76647.21304781956,0.10106754999999985,-8.576957954224781,2.415095639124047
76646.0055,76646.0055,76644.79795299358,76647.21304700641,0.10106754999999985,-8.576957954224781,2.415094012831105
76646.0055,76646.0055,76644.79795427047,76647.21304572953,0.10106754999999985,-8.576957954224781,2.415091459057294
76646.005,76646.005,76644.79745380668,76647.21254619333,0.10106754999999985,-8.577008488005958,2.415092386654578
76646.00450000001,76646.00450000001,76644.79695427048,76647.21204572954,0.10106754999999985,-8.577059021772584,2.415091459057294
76646.0045,76646.0045,76644.44000420686,76647.56899579313,0.10106754999999985,-8.577059021772584,3.1289915862726048
76646.00450000001,76646.00450000001,76644.44007167117,76647.56892832885,0.10106754999999985,-8.577059021772584,3.128856657684082
76646.004,76646.004,76644.44190543481,76647.56609456519,0.10106754999999985,-8.577109555553761,3.1241891303798184
76646.0035,76646.0035,76644.44166734557,76647.56533265444,0.10106754999999985,-8.577160089320387,3.123665308870841
76646.0035,76646.0035,76644.44635801509,76647.56064198492,0.10106754999999985,-8.577160089320387,3.1142839698295575
76646.003,76646.003,76645.11467301298,76646.89132698701,0.10106754999999985,-8.577210623101564,1.776653974025976
76646.0025,76646.0025,76644.1721511857,76647.8328488143,0.10106754999999985,-8.57726115686819,3.6606976285984274
76646.00200000001,76646.00200000001,76644.17527408266,76647.82872591735,0.10106754999999985,-8.577311690649367,3.6534518346888945
76646.00200000001,76646.00200000001,76644.18973703276,76647.81426296725,0.10106754999999985,-8.577311690649367,3.6245259344868828
76646.0015,76646.0015,76644.19578363132,76647.80721636867,0.10106754999999985,-8.577362224430544,3.6114327373506967
76646.001,76646.001,76644.19527752299,76647.80672247702,0.10106754999999985,-8.57741275819717,3.611444954032777
76646.0015,76646.0015,76644.19577752502,76647.80722247498,0.10106754999999985,-8.577362224430544,3.6114449499582406
76646.0015,76646.0015,76644.13923365313,76647.86376634687,0.10106754999999985,-8.577362224430544,3.724532693740912
76646.001,76646.001,76644.13874071541,76647.8632592846,0.10106754999999985,-8.57741275819717,3.72451856918633
76646.001,76646.001,76644.13873189212,76647.86326810789,0.10106754999999985,-8.57741275819717,3.7245362157700583
76646.0015,76646.0015,76644.1462332895,76647.8567667105,0.10106754999999985,-8.577362224430544,3.710533420991851
76646.0015,76646.0015,76644.13764071884,76647.86535928116,0.10106754999999985,-8.577362224430544,3.7277185623242985
76646.00200000001,76646.00200000001,76644.13945590907,76647.86454409095,0.10106754999999985,-8.577311690649367,3.7250881818763446
76646.00200000001,76646.00200000001,76644.1362745431,76647.86772545692,0.10106754999999985,-8.577311690649367,3.7314509138232097
76646.00200000001,76646.00200000001,76644.1300144298,76647.87398557022,0.10106754999999985,-8.577311690649367,3.743971140414942
76646.00200000001,76646.00200000001,76644.13119616169,76647.87280383833,0.10106754999999985,-8.577311690649367,3.741607676638523
76646.00200000001,76646.00200000001,76644.13122649366,76647.87277350636,0.10106754999999985,-8.577311690649367,3.7415470127016306
76646.0025,76646.0025,76644.12926323093,76647.87573676907,0.10106754999999985,-8.57726115686819,3.7464735381363425
76646.0025,76646.0025,76644.12697768553,76647.87802231447,0.10106754999999985,-8.57726115686819,3.7510446289379615
76646.0025,76646.0025,76644.12699425666,76647.87800574335,0.10106754999999985,-8.57726115686819,3.7510114866890945
76646.0025,76646.0025,76644.12698763417,76647.87801236584,0.10106754999999985,-8.57726115686819,3.7510247316677123
76646.0025,76646.0025,76644.08220010073,76647.92279989927,0.10106754999999985,-8.57726115686819,3.8405997985391878
76646.0025,76646.0025,76644.08220010386,76647.92279989614,0.10106754999999985,-8.57726115686819,3.840599792281864
76646.0025,76646.0025,76644.09646807339,76647.90853192662,0.10106754999999985,-8.57726115686819,3.8120638532273006
76645.9255,76645.9255,76644.0288720255,76647.82212797449,0.10106754999999985,-8.58504335822363,3.793255948985461
76645.791,76645.791,76644.6709196612,76646.91108033879,0.10106754999999985,-8.598636943701422,2.2401606775820255
76645.60500000001,76645.60500000001,76644.7582947388,76646.45170526122,0.10106754999999985,-8.617435508000199,1.6934105224208906
76645.4145,76645.4145,76644.28698206403,76646.54201793596,0.10106754999999985,-8.636688876271364,2.255035871930886
76645.177,76645.177,76643.65952607656,76646.69447392343,0.10106754999999985,-8.660692419405677,3.0349478468706366
76644.93000000001,76644.93000000001,76643.39607233224,76646.46392766778,0.10106754999999985,-8.685656104251393,3.067855335539207
76644.664,76644.664,76643.05262191838,76646.27537808163,0.10106754999999985,-8.712540072549018,3.222756163246231
76644.664,76644.664,76643.00755940462,76646.32044059539,0.10106754999999985,-8.712540072549018,3.3128811907663476
76644.476,76644.476,76642.73814318496,76646.21385681503,0.10108045999999986,-8.731512034297339,3.475713630061364
76644.288,76644.288,76642.54932650554,76646.02667349446,0.10108045999999986,-8.750515160776558,3.4773469889187254
76644.00700000001,76644.00700000001,76642.26832671663,76645.7456732834,0.10108045999999986,-8.778918770025484,3.4773465667676646
76643.72550000002,76643.72550000002,76641.96439642405,76645.48660357598,0.10108045999999986,-8.807372919516638,3.5222071519237943
76643.44399999999,76643.44399999999,76641.68060496768,76645.2073950323,0.10172628999999986,-8.833848245893023,3.5267900646140333
76643.16200000001,76643.16200000001,76641.40956246552,76644.9144375345,0.10172628999999986,-8.862535059670336,3.5048750689893495
76642.88050000001,76642.88050000001,76641.12806227403,76644.632937726,0.10172628999999986,-8.891171010312974,3.5048754519666545
76642.59950000001,76642.59950000001,76640.840813933,76644.35818606702,0.10495248999999986,-8.91259554689168,3.5173721340252087
76642.31850000001,76642.31850000001,76640.61339387398,76644.02360612604,0.10736938999999986,-8.937402035939158,3.410212252056226
76642.03700000001,76642.03700000001,76640.3704741472,76643.70352585282,0.10736938999999986,-8.967626519224723,3.3330517056165263
76641.75600000001,76641.75600000001,76640.08947424048,76643.42252575954,0.10736938999999986,-8.997797317802906,3.333051519060973
76641.47449999998,76641.47449999998,76639.80991557776,76643.1390844222,0.10736938999999986,-9.028021801103023,3.3291688444442116
76641.26999999999,76641.26999999999,76639.60541552451,76642.93458447547,0.10736938999999986,-9.049978841358097,3.329168950964231
76641.12300000002,76641.12300000002,76639.45841554293,76642.78758445711,0.10736938999999986,-9.065762141675805,3.3291689141769893
76641.02750000001,76641.02750000001,76639.36292449676,76642.69207550326,0.10736938999999986,-9.076015918428311,3.329151006502798
76640.93650000003,76640.93650000003,76639.29038841001,76642.58261159004,0.10736938999999986,-9.085786532916245,3.2922231800330337
76640.89300000001,76640.89300000001,76639.24688817824,76642.53911182178,0.10736938999999986,-9.090457101381617,3.2922236435406376
76640.85900000001,76640.85900000001,76639.23025085447,76642.48774914556,0.10736938999999986,-9.094107660639565,3.257498291088268
76640.84349999999,76640.84349999999,76639.21714168413,76642.46985831585,0.10736938999999986,-9.09577188619005,3.2527166317158844
76640.56249999997,76640.56249999997,76638.95709670294,76642.167903297,0.10736938999999986,-9.125942684782785,3.2108065940556116
76640.46899999997,76640.46899999997,76638.88287539437,76642.05512460557,0.10736938999999986,-9.13598172274942,3.1722492112021428
76640.3755,76640.3755,76638.79042744041,76641.96057255958,0.10736938999999986,-9.146020760701504,3.1701451191620436
76640.375,76640.375,76638.74894079703,76642.00105920297,0.10736938999999986,-9.146074445394333,3.252118405944202
76640.375,76640.375,76638.7268684003,76642.0231315997,0.10736938999999986,-9.146074445394333,3.2962631993868854
76640.3745,76640.3745,76638.67641984082,76642.07258015919,0.10736938999999986,-9.146128130087163,3.3961603183706757
76640.37450000003,76640.37450000003,76638.61018477901,76642.13881522106,0.10736938999999986,-9.146128130087163,3.528630442044232
76640.37450000003,76640.37450000003,76638.59650526344,76642.15249473663,0.10736938999999986,-9.146128130087163,3.5559894731850363
76640.37400000003,76640.37400000003,76638.5959499247,76642.15205007535,0.10736938999999986,-9.146181814779993,3.556100150657585
76640.37400000003,76640.37400000003,76638.57331265736,76642.17468734269,0.10736938999999986,-9.146181814779993,3.6013746853277553
76640.37400000003,76640.37400000003,76638.55979345889,76642.18820654116,0.10736938999999986,-9.146181814779993,3.628413082275074
76640.37350000002,76640.37350000002,76638.55929354909,76642.18770645095,0.10736938999999986,-9.146235499487375,3.628412901860429
76640.374,76640.374,76638.55858237283,76642.18941762716,0.10736938999999986,-9.146181814794545,3.630835254327394
76640.37449999999,76640.37449999999,76638.55991382152,76642.18908617846,0.10736938999999986,-9.146128130101715,3.629172356944764
76640.3755,76640.3755,76638.57439748109,76642.1766025189,0.10736938999999986,-9.146020760701504,3.6022050378087442
76640.37599999997,76640.37599999997,76639.15126833171,76641.60073166824,0.10736938999999986,-9.145967076008674,2.4494633365247864
76640.37699999996,76640.37699999996,76639.01505888492,76641.738941115,0.10736938999999986,-9.145859706623014,2.7238822300860193
76640.37749999997,76640.37749999997,76638.98041288492,76641.77458711503,0.10736938999999986,-9.145806021930184,2.794174230104545
76640.37799999997,76640.37799999997,76638.94453851218,76641.81146148776,0.10736938999999986,-9.145752337237354,2.866922975576017
76640.37849999996,76640.37849999996,76638.89483300247,76641.86216699745,0.10736938999999986,-9.145698652544525,2.967333994980436
76640.37899999997,76640.37899999997,76638.8854709297,76641.87252907024,0.10736938999999986,-9.145644967837143,2.987058140541194
76640.37949999997,76640.37949999997,76638.87662246429,76641.88237753564,0.10736938999999986,-9.145591283144313,3.005755071353633
76640.38049999997,76640.38049999997,76638.86689082823,76641.89410917171,0.10736938999999986,-9.145483913758653,3.027218343486311
76640.38149999997,76640.38149999997,76638.81005128015,76641.9529487198,0.10736938999999986,-9.145376544372994,3.1428974396549165
76640.38249999998,76640.38249999998,76638.79853734243,76641.96646265752,0.10736938999999986,-9.145269174972782,3.1679253150941804
76640.38349999997,76640.38349999997,76638.78319959294,76641.98380040699,0.10736938999999986,-9.145161805587122,3.200600814045174
76640.38449999997,76640.38449999997,76638.75418839636,76642.01481160359,0.10736938999999986,-9.145054436201463,3.260623207228491
76640.38549999997,76640.38549999997,76638.70049524117,76642.07050475878,0.10736938999999986,-9.144947066815803,3.370009517617291
76640.38649999998,76640.38649999998,76638.69083398147,76642.08216601849,0.10736938999999986,-9.144839697415591,3.3913320370193105
76640.38699999997,76640.38699999997,76638.65574942544,76642.11825057451,0.10736938999999986,-9.144786012722761,3.4625011490716133
76640.68949999998,76640.68949999998,76638.95739774832,76642.42160225163,0.10736938999999986,-9.112306772251031,3.4642045033106115
76641.07149999999,76641.07149999999,76639.296041753,76642.84695824698,0.10736938999999986,-9.07129166527011,3.5509164939867333
76641.58949999999,76641.58949999999,76639.81386821254,76643.36513178743,0.10736935999999986,-9.015674046735512,3.5512635748891626
76642.10799999998,76642.10799999998,76640.3323682238,76643.88363177616,0.10736935999999986,-8.960003033571411,3.551263552362798
76642.856,76642.856,76641.07996428218,76644.63203571782,0.10736935999999986,-8.879690752291935,3.5520714356389362
76643.499,76643.499,76641.72183392497,76645.27616607503,0.10736932999999986,-8.810651961277472,3.5543321500590537
76644.142,76644.142,76642.36488154813,76645.91911845189,0.10736920999999985,-8.74161238913075,3.5542369037575554
76644.785,76644.785,76643.00788135515,76646.56211864486,0.10736886999999985,-8.672571108996635,3.554237289703451
76645.42800000001,76645.42800000001,76643.65088169418,76647.20511830585,0.10736879999999985,-8.603532378052478,3.554236611671513
76646.07100000001,76646.07100000001,76644.29411992093,76647.84788007909,0.10736822999999984,-8.53449014762009,3.553760158160003
76646.7145,76646.7145,76644.9377994512,76648.4912005488,0.10736822999999984,-8.465398691623705,3.5534010975970887
76647.35800000001,76647.35800000001,76645.58124104385,76649.13475895616,0.10736822999999984,-8.396307235612767,3.553517912310781
76648.001,76648.001,76646.22424650674,76649.77775349327,0.10736821999999985,-8.327269411238376,3.5535069865291007
76648.681,76648.681,76646.90424646152,76650.45775353847,0.10736821999999985,-8.254259021647158,3.553507076954702
76649.3245,76649.3245,76647.54770458901,76651.10129541099,0.10736821999999985,-8.185167572068167,3.5535908219753765
76650.005,76650.005,76648.22812763228,76651.78187236773,0.10736821999999985,-8.112103498366196,3.5537447354581673
76650.68549999999,76650.68549999999,76648.90865457115,76652.46234542884,0.10736821999999985,-8.039039424649673,3.553690857690526
76651.36600000001,76651.36600000001,76649.58880805879,76653.14319194123,0.10736821999999985,-7.9659753509331495,3.5543838824378327
76652.02350000001,76652.02350000001,76650.24608829516,76653.80091170486,0.10736807999999985,-7.89538053398428,3.554823409707751
76652.68100000001,76652.68100000001,76650.90360002292,76654.4583999771,0.10736800999999985,-7.824785961260204,3.5547999541740865
76653.037,76653.037,76651.25970263347,76654.81429736652,0.10736791999999985,-7.7865629044245,3.5545947330538183
76653.314,76653.314,76651.53679875287,76655.09120124712,0.10736791999999985,-7.756821990595199,3.5544024942500982
76653.45400000001,76653.45400000001,76651.67677122944,76655.23122877059,0.10736779999999985,-7.741790471467539,3.5544575411477126
76653.59350000002,76653.59350000002,76651.79325755606,76655.39374244398,0.10736760999999985,-7.7268126735289115,3.6004848879238125
76653.50300000001,76653.50300000001,76651.6874204786,76655.31857952142,0.10732029999999985,-7.736527691769879,3.6311590428231284
76653.51750000002,76653.51750000002,76651.65559920167,76655.37940079837,0.10732012999999986,-7.734971543599386,3.723801596701378
76653.53250000002,76653.53250000002,76651.67056484729,76655.39443515275,0.10732012999999986,-7.73336174164433,3.7238703054608777
76653.54750000002,76653.54750000002,76651.6623577063,76655.43264229373,0.10732012999999986,-7.731751939689275,3.7702845874300692
76653.58500000002,76653.58500000002,76651.69974681613,76655.47025318391,0.10732012999999986,-7.727727434816188,3.770506367785856
76653.69750000002,76653.69750000002,76651.76211942037,76655.63288057968,0.10732012999999986,-7.715653920196928,3.8707611593126785
76653.83400000002,76653.83400000002,76651.8986194207,76655.76938057934,0.10732012999999986,-7.701004722446669,3.8707611586432904
76653.94800000002,76653.94800000002,76652.01261921745,76655.88338078259,0.10732002999999986,-7.68877006843104,3.8707615651364904
76654.06250000001,76654.06250000001,76652.12711922928,76655.99788077075,0.10731995999999985,-7.676481821559719,3.8707615414750762
76654.16200000001,76654.16200000001,76652.22661932143,76656.09738067859,0.10731995999999985,-7.665803485549986,3.870761357160518
76654.27750000001,76654.27750000001,76652.34211919247,76656.21288080755,0.10731981999999986,-7.653407849225914,3.8707616150786635
76654.35600000001,76654.35600000001,76652.42065041915,76656.29134958088,0.10726815999999986,-7.644920528109651,3.870699161721859
76654.43450000002,76654.43450000002,76652.49928573494,76656.36971426509,0.10702982999999987,-7.636229353840463,3.870428530150093
76654.513,76654.513,76652.57839316751,76656.4476068325,0.10702975999999986,-7.627827438205713,3.8692136649915483
76654.61450000001,76654.61450000001,76652.67997430645,76656.54902569357,0.10702967999999986,-7.616963841108372,3.869051387126092
76654.71600000003,76654.71600000003,76652.78164802695,76656.6503519731,0.10702962999999986,-7.6061002858914435,3.868703946151072
76654.81750000002,76654.81750000002,76652.88319531437,76656.75180468567,0.10696114999999987,-7.595185247249901,3.8686093713040464
76654.91850000003,76654.91850000003,76652.98448803114,76656.85251196891,0.10696106999999987,-7.5843821189773735,3.8680239377717953
76655.02000000003,76655.02000000003,76653.0860702601,76656.95392973996,0.10696101999999987,-7.573525542858988,3.8678594798548147
76655.12200000003,76655.12200000003,76653.18895748603,76657.05504251404,0.10696101999999987,-7.5626155188219855,3.866085028013913
76655.22400000003,76655.22400000003,76653.29109762193,76657.15690237813,0.10696101999999987,-7.551705494784983,3.865804756205762
76655.32600000003,76655.32600000003,76653.39356788117,76657.25843211889,0.10696101999999987,-7.54079547074798,3.8648642377229407
76655.42700000004,76655.42700000004,76653.4949686861,76657.35903131399,0.10696088999999986,-7.529992389128893,3.8640626278938726
76655.52800000003,76655.52800000003,76653.59676488853,76657.45923511154,0.10696083999999986,-7.5191893371375045,3.862470223015407
76655.60650000004,76655.60650000004,76653.67756292573,76657.53543707434,0.10696077999999987,-7.51079291338101,3.857874148612609
76655.61050000004,76655.61050000004,76653.70730058168,76657.5136994184,0.10696077999999987,-7.510365070265834,3.8063988367212005
76655.61050000004,76655.61050000004,76653.70619089894,76657.51480910114,0.10696077999999987,-7.510365070265834,3.8086182021943387
76655.61250000003,76655.61250000003,76653.70844459093,76657.51655540914,0.10696077999999987,-7.51015114870097,3.808110818208661
76655.61450000001,76655.61450000001,76653.71208423284,76657.51691576718,0.10696077999999987,-7.509937227150658,3.8048315343330614
76655.59400000001,76655.59400000001,76653.69061717975,76657.49738282028,0.10696064999999987,-7.512129926253692,3.8067656405328307
76655.59400000001,76655.59400000001,76653.69064189363,76657.4973581064,0.10696060999999986,-7.512129927214119,3.8067162127699703
76655.59400000001,76655.59400000001,76653.69112059937,76657.49687940066,0.10696055999999986,-7.512129928421928,3.8057588012889028
76655.59400000003,76655.59400000003,76653.69112217131,76657.49687782874,0.10696043999999985,-7.512129931303207,3.805755657434929
76655.59400000001,76655.59400000001,76653.69112218494,76657.49687781508,0.10696033999999985,-7.512129933689721,3.805755630135536
76655.59400000003,76655.59400000003,76653.6911026612,76657.49689733885,0.10691037999999985,-7.512131132738432,3.8057946776389144
76655.59400000001,76655.59400000001,76653.69502171833,76657.49297828169,0.10691024999999985,-7.512131135852542,3.7979565633577295
76655.59400000001,76655.59400000001,76653.69498720474,76657.49301279528,0.10691004999999984,-7.512131140640122,3.798025590542238
76655.59400000001,76655.59400000001,76653.69591042644,76657.49208957358,0.10690993999999984,-7.5121311432740185,3.7961791471461765
76655.59400000003,76655.59400000003,76653.69596186359,76657.49203813646,0.10561538999999984,-7.512162212471594,3.7960762728762347
76655.59350000003,76655.59350000003,76653.79555074638,76657.39144925369,0.10561535999999984,-7.512215020862641,3.5958985073084477
76655.59300000004,76655.59300000004,76653.79745317035,76657.38854682972,0.10561527999999984,-7.512267830388737,3.591093659371836
76655.59250000004,76655.59250000004,76653.80159967327,76657.38340032681,0.10561515999999983,-7.51232064072974,3.581800653540995
76655.59250000004,76655.59250000004,76653.80575941771,76657.37924058238,0.10561508999999983,-7.512320642301347,3.5734811646689195
76655.61350000004,76655.61350000004,76653.85389844175,76657.37310155832,0.10561508999999983,-7.510102725413162,3.519203116564313
76655.63500000004,76655.63500000004,76653.90834452967,76657.3616554704,0.10561508999999983,-7.507832000977942,3.4533109407348093
76655.63500000004,76655.63500000004,76653.84147237847,76657.42852762161,0.10561508999999983,-7.507832000977942,3.5870552431442775
76655.61450000004,76655.61450000004,76653.82053472774,76657.40846527234,0.10561508999999983,-7.509997110319091,3.587930544599658
76655.63500000004,76655.63500000004,76653.84072030535,76657.42927969473,0.10561508999999983,-7.507832000977942,3.5885593893763144
76655.65550000002,76655.65550000002,76653.85877911956,76657.45222088048,0.10561508999999983,-7.505666891636793,3.593441760924179
76655.61600000002,76655.61600000002,76653.81880944097,76657.41319055908,0.10561504999999982,-7.509838721132837,3.5943811181059573
76655.63650000002,76655.63650000002,76653.83929824116,76657.43370175888,0.10561504999999982,-7.507673612606595,3.594403517723549
76655.62300000002,76655.62300000002,76653.82217663972,76657.42382336032,0.10301675999999982,-7.509938663453795,3.601646720606368
76655.63500000001,76655.63500000001,76654.0143355683,76657.25566443172,0.10301675999999982,-7.50870246233535,3.241328863427043
76655.655,76655.655,76654.0441109547,76657.2658890453,0.10301675999999982,-7.506642127133091,3.2217780906066764
76655.676,76655.676,76654.06396505416,76657.28803494586,0.10301675999999982,-7.504478775168536,3.2240698917012196
76655.697,76655.697,76654.08364640376,76657.31035359624,0.10301675999999982,-7.502315423218533,3.2267071924870834
76655.852,76655.852,76654.23848333111,76657.46551666889,0.10301666999999982,-7.486347571801161,3.2270333377819043
76656.073,76656.073,76654.512048134,76657.63395186601,0.10301651999999982,-7.463580300172907,3.1219037320115604
76656.294,76656.294,76654.73305185366,76657.85494814633,0.10301647999999981,-7.4408135014091386,3.121896292665042
76656.52799999999,76656.52799999999,76654.96704962525,76658.08895037473,0.10301647999999981,-7.416707645097631,3.121900749480119
76656.8495,76656.8495,76655.38702633476,76658.31197366523,0.10301647999999981,-7.383587846779847,2.924947330466239
76657.1225,76657.1225,76655.57464084266,76658.67035915733,0.10301638999999982,-7.355463996063918,3.095718314667465
76657.32599999999,76657.32599999999,76655.77418616322,76658.87781383675,0.10301632999999982,-7.334500021854183,3.1036276735248975
76657.5085,76657.5085,76655.93822753025,76659.07877246974,0.10301630999999982,-7.315699498998583,3.1405449394951575
76657.681,76657.681,76656.11072362422,76659.25127637577,0.10301630999999982,-7.297929185529938,3.1405527515453286
76657.87449999998,76657.87449999998,76656.2474604473,76659.50153955266,0.10301630999999982,-7.277995529540931,3.2540791053615976
76658.06749999998,76658.06749999998,76656.43999998132,76659.69500001863,0.10301630999999982,-7.258113381714793,3.2550000373157673
76658.24049999999,76658.24049999999,76656.60836711105,76659.87263288892,0.10301630999999982,-7.2402915600832785,3.2642657778633293
76658.41349999998,76658.41349999998,76656.77913280312,76660.04786719684,0.10301630999999982,-7.222469738451764,3.268734393728664
76658.64949999998,76658.64949999998,76656.97653475452,76660.32246524545,0.10301630999999982,-7.198157889288268,3.3459304909338243
76658.7175,76658.7175,76657.05160355607,76660.38339644393,0.10301630999999982,-7.191152780200355,3.3317928878532257
76658.81950000001,76658.81950000001,76657.16245748514,76660.47654251488,0.10301630999999982,-7.180645116590313,3.314085029734997
76659.01800000001,76659.01800000001,76657.37277388225,76660.66322611777,0.10301630999999982,-7.160196379045374,3.290452235523844
76659.20850000001,76659.20850000001,76657.56327127006,76660.85372872996,0.10301630999999982,-7.140571771989926,3.2904574598942418
76659.4015,76659.4015,76657.75626996395,76661.04673003606,0.10301630999999982,-7.120689624163788,3.2904600721085444
76659.59650000001,76659.59650000001,76657.95126998393,76661.2417300161,0.10301630999999982,-7.100601443715277,3.290460032178089
76659.635,76659.635,76658.0057660862,76661.2642339138,0.10301630999999982,-7.096635315785534,3.2584678276034538
76659.63499999998,76659.63499999998,76658.00775957285,76661.26224042711,0.10301630999999982,-7.096635315785534,3.2544808542588726
76659.60799999998,76659.60799999998,76657.90108788168,76661.31491211828,0.10301630999999982,-7.099416756158462,3.4138242366025224
76659.57949999998,76659.57949999998,76657.87754566921,76661.28145433075,0.10301630999999982,-7.102352720990893,3.403908661537571
76659.46299999997,76659.46299999997,76657.73642477891,76661.18957522104,0.10301630999999982,-7.114354121105862,3.453150442132028
76659.31649999999,76659.31649999999,76657.58992765319,76661.04307234679,0.10301630999999982,-7.1294460105127655,3.4531446936016437
76659.268,76659.268,76657.54142956938,76660.99457043062,0.10301630999999982,-7.1344423015543725,3.453140861238353
76659.19099999999,76659.19099999999,76657.99593971117,76660.38606028882,0.10301630999999982,-7.142374557428411,2.3901205776492134
76659.0465,76659.0465,76657.85392230094,76660.23907769905,0.10301630999999982,-7.157260414212942,2.3851553981075995
76658.874,76658.874,76657.85046148345,76659.89753851654,0.10301630999999982,-7.175030727696139,2.04707703308668
76658.7015,76658.7015,76657.5554939444,76659.8475060556,0.10301630999999982,-7.192801041164785,2.2920121111965273
76658.727,76658.727,76657.5803897631,76659.8736102369,0.10301627999999982,-7.190174088274944,2.2932204738026485
76658.75249999999,76658.75249999999,76657.60589018394,76659.89910981603,0.10301585999999982,-7.187546665983973,2.293219632090768
76658.77549999999,76658.77549999999,76657.63580918724,76659.91519081274,0.10301581999999981,-7.185177253821166,2.279381625499809
76658.9065,76658.9065,76657.7668091333,76660.04619086669,0.10301581999999981,-7.1716821813897695,2.2793817333877087
76659.03749999999,76659.03749999999,76657.897808923,76660.17719107699,0.10301581999999981,-7.158187108972925,2.2793821539962664
76658.9125,76658.9125,76657.77259457977,76660.05240542024,0.11001581999999982,-7.159636586467968,2.2798108404676896
76658.78699999998,76658.78699999998,76657.72791648505,76659.84608351492,0.11001581999999982,-7.173443571882672,2.1181670298683457
76658.6125,76658.6125,76657.55271344604,76659.67228655396,0.11026932999999982,-7.192070301200147,2.119573107920587
76658.43549999999,76658.43549999999,76657.25836476954,76659.61263523044,0.11026932999999982,-7.21158797260432,2.354270460898988
76658.28150000001,76658.28150000001,76657.1004061218,76659.46259387823,0.11274393999999982,-7.223814486307674,2.3621877564291935
76658.09950000001,76658.09950000001,76656.94819804549,76659.25080195453,0.11274393999999982,-7.244333883383661,2.3026039090473205
76657.87850000002,76657.87850000002,76656.71490199829,76659.04209800175,0.11274393999999982,-7.269250294120866,2.3271960034617223
76657.64600000002,76657.64600000002,76656.4810589635,76658.81094103654,0.11274393999999982,-7.295463260175893,2.3298820730415173
76657.41400000002,76657.41400000002,76656.24905907015,76658.57894092989,0.11274393999999982,-7.321619854250457,2.329881859739544
76657.26100000001,76657.26100000001,76656.09590015111,76658.42609984892,0.11287307999999982,-7.338582857133588,2.330199697811622
76657.07900000001,76657.07900000001,76655.92944043741,76658.22855956262,0.11287307999999982,-7.3591257576918,2.2991191252076533
76656.926,76656.926,76655.7764553858,76658.07554461421,0.11472918999999981,-7.372894715474104,2.299089228414232
76656.85,76656.85,76655.7178656902,76657.98213430982,0.11505204999999981,-7.38102975730726,2.2642686196195427
76656.80150000002,76656.80150000002,76655.67088724958,76657.93211275045,0.11505204999999981,-7.3866097817372065,2.26122550087166
76656.75400000002,76656.75400000002,76655.6230168103,76657.88498318972,0.1182211999999998,-7.386642830999335,2.261966379417572
76656.508,76656.508,76655.41492351357,76657.60107648643,0.1185440599999998,-7.415251287719002,2.1861529728630558
76656.26200000002,76656.26200000002,76655.1727057985,76657.35129420154,0.1198354799999998,-7.442835011228453,2.178588403039612
76656.01550000001,76656.01550000001,76654.94112683537,76657.08987316464,0.1198354799999998,-7.472374457051046,2.1487463292723987
76655.76900000001,76655.76900000001,76654.69445483132,76656.84354516871,0.1198354799999998,-7.501913902873639,2.1490903373924084
76655.52300000002,76655.52300000002,76654.38709978467,76656.65890021536,0.1198354799999998,-7.531393430952448,2.2718004306952935
76655.41100000002,76655.41100000002,76654.27754019402,76656.54445980603,0.1198354799999998,-7.544815004715929,2.2669196120114066
76655.29950000002,76655.29950000002,76654.20241148952,76656.39658851053,0.1198354799999998,-7.558176660735626,2.194177021010546
76655.23300000002,76655.23300000002,76654.13954097951,76656.32645902054,0.1198354799999998,-7.566145720149507,2.186918041028548
76655.16750000001,76655.16750000001,76654.01070990614,76656.32429009388,0.1198354799999998,-7.573994944090373,2.313580187736079
76655.10100000002,76655.10100000002,76653.95939981945,76656.2426001806,0.1198354799999998,-7.581964003518806,2.2832003611547407
76655.03500000002,76655.03500000002,76653.89339916018,76656.17660083986,0.1198354799999998,-7.589873145188903,2.2832016796746757
76655.03550000003,76655.03550000003,76653.89082095627,76656.18017904379,0.1198354799999998,-7.58981322744512,2.289358087524306
76655.03550000003,76655.03550000003,76653.83122993042,76656.23977006963,0.1198354799999998,-7.58981322744512,2.4085401392076164
76655.03550000001,76655.03550000001,76653.83122924954,76656.23977075049,0.1198354799999998,-7.589813227459672,2.4085415009467397
76655.03500000002,76655.03500000002,76653.83072914634,76656.2392708537,0.1198354799999998,-7.589873145188903,2.4085417073511053
76655.035,76655.035,76653.83072820504,76656.23927179497,0.1198354799999998,-7.589873145188903,2.4085435899323784
76655.03500000002,76655.03500000002,76653.83072846693,76656.23927153311,0.1198354799999998,-7.589873145188903,2.4085430661798455
76655.03450000002,76655.03450000002,76653.83193819466,76656.23706180538,0.1198354799999998,-7.589933062932687,2.4051236107188743
76655.03500000002,76655.03500000002,76653.83243772396,76656.23756227607,0.1198354799999998,-7.589873145188903,2.405124552111374
76655.03450000002,76655.03450000002,76653.84041822198,76656.22858177806,0.1198354799999998,-7.589933062932687,2.3881635560828727
76655.03450000002,76655.03450000002,76653.84041737646,76656.22858262359,0.1198354799999998,-7.589933062932687,2.3881652471318375
76655.03400000001,76655.03400000001,76653.6659596665,76656.40204033353,0.1198354799999998,-7.58999298067647,2.736080667033093
76655.03450000001,76655.03450000001,76653.66645944667,76656.40254055335,0.1198354799999998,-7.589933062932687,2.736081106675556
76655.03450000002,76655.03450000002,76653.58184533304,76656.487154667,0.1198354799999998,-7.589933062932687,2.9053093339607585
76655.03400000001,76655.03400000001,76653.58134521528,76656.48665478475,0.1198354799999998,-7.58999298067647,2.9053095694689546
76655.03350000002,76655.03350000002,76653.58084537592,76656.48615462412,0.1198354799999998,-7.590052898420254,2.90530924819177
76655.03350000002,76655.03350000002,76653.6443537779,76656.42264622214,0.1198354799999998,-7.590052898420254,2.7782924442435615
76655.03350000002,76655.03350000002,76653.73773619969,76656.32926380035,0.1198354799999998,-7.590052898420254,2.5915276006562635
76655.03300000002,76655.03300000002,76653.77612548236,76656.2898745177,0.1198354799999998,-7.590112816149485,2.5137490353372414
76655.03300000002,76655.03300000002,76653.18628760097,76656.87971239908,0.1198354799999998,-7.590112816149485,3.693424798111664
76655.03300000002,76655.03300000002,76653.17651387867,76656.88948612138,0.1198354799999998,-7.590112816149485,3.712972242705291
76655.03250000002,76655.03250000002,76653.1760181788,76656.88898182123,0.1198354799999998,-7.590172733893269,3.7129636424360797
76655.03250000002,76655.03250000002,76653.17599323782,76656.88900676221,0.1198354799999998,-7.590172733893269,3.713013524393318
76655.03250000002,76655.03250000002,76653.17600097817,76656.88899902186,0.1198354799999998,-7.590172733893269,3.7129980436875485
76655.03300000002,76655.03300000002,76653.17649925812,76656.88950074193,0.1198354799999998,-7.590112816149485,3.713001483818516
76655.03300000002,76655.03300000002,76653.16597696382,76656.90002303623,0.1198354799999998,-7.590112816149485,3.7340460724080913
76655.03250000002,76655.03250000002,76653.18483393037,76656.88016606966,0.1198354799999998,-7.590172733893269,3.695332139293896
76655.03250000002,76655.03250000002,76653.18483393037,76656.88016606966,0.1198354799999998,-7.590172733893269,3.695332139293896
76655.03250000002,76655.03250000002,76653.18575303804,76656.879246962,0.1198354799999998,-7.590172733893269,3.693493923958158
76655.03300000002,76655.03300000002,76653.10230330215,76656.9636966979,0.1198354799999998,-7.590112816149485,3.8613933957531117
76655.03300000002,76655.03300000002,76653.10235125483,76656.96364874522,0.1198354799999998,-7.590112816149485,3.8612974903953727
76655.03350000002,76655.03350000002,76653.10284714092,76656.96415285912,0.1198354799999998,-7.590052898420254,3.861305718193762
76655.03350000002,76655.03350000002,76653.10249569165,76656.96450430839,0.1198354799999998,-7.590052898420254,3.862008616735693
76655.03400000001,76655.03400000001,76653.10255464114,76656.96544535889,0.1198354799999998,-7.58999298067647,3.862890717748087
76655.03450000002,76655.03450000002,76653.10256457557,76656.96643542447,0.1198354799999998,-7.589933062932687,3.86387084890157
76655.03500000002,76655.03500000002,76653.10289416,76656.96710584004,0.1198354799999998,-7.589873145188903,3.864211680047447
76655.03450000002,76655.03450000002,76653.10215414915,76656.9668458509,0.1198354799999998,-7.589933062932687,3.8646917017467786
76655.03450000002,76655.03450000002,76653.10217680341,76656.96682319664,0.1198354799999998,-7.589933062932687,3.8646463932236657
76655.03450000002,76655.03450000002,76653.10218143361,76656.96681856643,0.1198354799999998,-7.589933062932687,3.864637132821372
76655.03450000002,76655.03450000002,76653.10218162296,76656.96681837708,0.1198354799999998,-7.589933062932687,3.86463675412233
76655.03450000002,76655.03450000002,76653.1022172442,76656.96678275584,0.1198354799999998,-7.589933062932687,3.8645655116415583
76655.03450000002,76655.03450000002,76653.10222207903,76656.96677792101,0.1198354799999998,-7.589933062932687,3.8645558419812005
76655.03450000002,76655.03450000002,76653.10223748772,76656.96676251233,0.1198354799999998,-7.589933062932687,3.864525024604518
76655.03450000002,76655.03450000002,76653.10763691351,76656.96136308654,0.1198354799999998,-7.589933062932687,3.8537261730234604
76655.03400000001,76655.03400000001,76653.10750159007,76656.96049840996,0.1198354799999998,-7.58999298067647,3.8529968198854476
76654.95700000001,76654.95700000001,76653.03211384264,76656.88188615738,0.1198354799999998,-7.599220312637044,3.8497723147447687
76654.75850000001,76654.75850000001,76652.89525501888,76656.62174498114,0.1198354799999998,-7.623007655420224,3.726489962253254
76654.307,76654.307,76652.76014056918,76655.85385943082,0.1198354799999998,-7.677113374636974,3.0937188616371714
76653.85500000001,76653.85500000001,76652.30824601637,76655.40175398365,0.1198354799999998,-7.731279011597508,3.0935079672781285
76653.166,76653.166,76651.62119708573,76654.71080291427,0.1200255799999998,-7.811582326714415,3.0896058285434265
76652.47700000001,76652.47700000001,76650.93195681031,76654.02204318972,0.1201139399999998,-7.893288817213033,3.0900863794086035
76651.78800000002,76651.78800000002,76650.2428447876,76653.33315521243,0.1201650599999998,-7.975509130512364,3.0903104248282034
76651.09850000001,76651.09850000001,76649.55368770186,76652.64331229815,0.1201650599999998,-8.05836293939501,3.0896245962940156
76650.54400000001,76650.54400000001,76648.99918885496,76652.08881114506,0.1203596699999998,-8.12371120681928,3.0896222901064903
76649.85500000001,76649.85500000001,76648.30994355334,76651.40005644668,0.12041857999999979,-8.206132687992067,3.0901128933473956
76649.25,76649.24999999999,76647.70499002973,76650.79500997024,0.13041857999999978,-8.215885928890202,3.090019940515049
76648.64499999999,76648.64499999997,76647.08739301919,76650.20260698076,0.13041857999999978,-8.294789169798605,3.1152139615733176
76648.08899999999,76648.08899999998,76646.53161158234,76649.64638841762,0.13543917999999977,-8.346320812881459,3.1147768352821004
76647.53299999998,76647.53299999997,76645.96983813684,76649.0961618631,0.14045977999999976,-8.40343536317232,3.1263237262610346
76646.97749999998,76646.97749999996,76645.40950789477,76648.54549210516,0.15045977999999977,-8.450885770958848,3.135984210384777
76646.38249999998,76646.38249999996,76644.80281694414,76647.96218305579,0.15045977999999977,-8.540409340057522,3.159366111649433
76645.78749999998,76645.78749999996,76644.20808353576,76647.36691646416,0.15045977999999977,-8.629932909156196,3.158832928398624
76645.19299999998,76645.19299999997,76643.61373826598,76646.77226173396,0.16045977999999977,-8.698851248365827,3.158523467980558
76644.73299999998,76644.73299999996,76643.13321004437,76646.33278995556,0.16045977999999977,-8.772662747171125,3.199579911190085
76644.27349999998,76644.27349999997,76642.673663196,76645.87333680394,0.16045977999999977,-8.846394016072736,3.199673607945442
76643.89050000001,76643.8905,76642.28612813415,76645.49487186584,0.16045960999999978,-8.907849782102858,3.2087437316949945
76643.62950000001,76643.6295,76642.02512788797,76645.23387211202,0.16045960999999978,-8.94972974031407,3.2087442240444943
76643.62150000001,76643.6215,76642.01246147988,76645.2305385201,0.16045960999999978,-8.951013417186914,3.218077040219214
76643.61350000002,76643.61350000002,76642.00435252476,76645.22264747528,0.16045960999999978,-8.95229709407431,3.2182949505222496
76643.84250000003,76643.84250000003,76642.23068970884,76645.45431029121,0.16045960999999978,-8.915551843383582,3.22362058237195
76644.07150000003,76644.07150000003,76642.45912927324,76645.68387072683,0.16045960999999978,-8.878806592692854,3.224741453595925
76644.30950000002,76644.30950000002,76642.69711368585,76645.92188631419,0.16045960999999978,-8.84061720551108,3.224772628338542
76644.64650000002,76644.64650000002,76643.0339375824,76646.25906241764,0.16045960999999978,-8.78654231694236,3.225124835240422
76644.84800000001,76644.84800000001,76643.23533270835,76646.46066729167,0.16045955999999978,-8.75420954891888,3.2253345833159983
76645.1845,76645.1845,76643.57183240703,76646.79716759297,0.16045955999999978,-8.700214906988549,3.2253351859399118
76645.43699999999,76645.43699999999,76643.82652693315,76647.04747306684,0.16045955999999978,-8.659698868083069,3.220946133689722
76645.708,76645.708,76644.0974876204,76647.3185123796,0.16045955999999978,-8.616214327324997,3.2210247592011
76645.9295,76645.9295,76644.31871167562,76647.54028832438,0.16045949999999978,-8.580672390162363,3.2215766487643123
76646.151,76646.151,76644.54021143107,76647.76178856893,0.16045944999999978,-8.545130501457606,3.221577137854183
76646.37200000002,76646.37200000002,76644.98602882068,76647.75797117935,0.16045939999999978,-8.509668864600826,2.7719423586677294
76646.63250000002,76646.63250000002,76645.24817128322,76648.01682871682,0.16040982999999978,-8.46778455011372,2.7686574335966725
76647.25050000001,76647.2505,76645.86696813177,76648.63403186822,0.1604097599999998,-8.368650698423153,2.767063736449927
76647.868,76647.86799999999,76646.52319970966,76649.21280029032,0.1604096499999998,-8.269596833197284,2.6896005806629546
76648.3515,76648.35149999999,76647.07709131888,76649.6259086811,0.1604096499999998,-8.192038767418126,2.548817362228874
76648.9595,76648.95949999998,76647.8197869691,76650.09921303086,0.1604096499999998,-8.094509700225899,2.2794260617520195
76649.533,76649.53299999998,76648.45366805537,76650.61233194459,0.1604096399999998,-8.002514688283554,2.1586638892185874
76650.253,76650.25299999998,76649.32200350885,76651.18399649112,0.1604096199999998,-7.88701954773569,1.861992982274387
76650.973,76650.97299999998,76650.04199994958,76651.90400005039,0.16040954999999982,-7.7715239726385335,1.8620001008093823
76651.693,76651.69299999998,76650.76199929751,76652.62400070246,0.16040912999999982,-7.65602550690528,1.862001404952025
76652.5005,76652.50049999998,76651.56950404354,76653.43149595642,0.16040912999999982,-7.526495134428842,1.8619919128832407
76653.38949999998,76653.38949999996,76652.45801735282,76654.3209826471,0.16040912999999982,-7.383891417863197,1.8629652942763641
76654.101,76654.10099999998,76653.16753650899,76655.03446349097,0.16040912999999982,-7.2697603218693985,1.866926981980214
76654.76449999999,76654.76449999998,76653.83090995613,76655.69809004382,0.16040906999999982,-7.1633284743875265,1.8671800876909401
76655.4285,76655.42849999998,76654.4874816507,76656.36951834925,0.16040891999999982,-7.0568159771792125,1.882036698545562
76656.092,76656.09199999999,76655.15047599965,76657.03352400033,0.1604088799999998,-6.950384452036815,1.8830480006872676
76656.7555,76656.75549999998,76655.81174732339,76657.69925267658,0.16040885999999982,-6.843953070070711,1.8875053531955928
76657.401,76657.40099999998,76656.3655478076,76658.43645219237,0.16040880999999982,-6.740408957994077,2.0709043847746216
76658.048,76658.04799999998,76656.11751476805,76659.97848523191,0.16040880999999982,-6.636624457925791,3.8609704638656694
76658.73,76658.72999999998,76656.79886995567,76660.66113004429,0.16040867999999983,-6.527225226993323,3.862260088615585
76659.412,76659.41199999998,76657.47917290314,76661.34482709682,0.16040864999999982,-6.417826430188143,3.865654193679802
76660.09449999999,76660.09449999999,76658.1616783113,76662.02732168869,0.16040864999999982,-6.308347526559373,3.865643377386732
76660.419,76660.419,76658.48617988013,76662.35182011986,0.16040859999999982,-6.256294841587078,3.8656402397318743
76660.74399999999,76660.74399999999,76658.81118277054,76662.67681722944,0.16040859999999982,-6.20416204657522,3.8656344588962384
76661.0685,76661.0685,76659.13567845353,76663.00132154646,0.16040859999999982,-6.1521094558847835,3.865643092925893
76661.34400000001,76661.34400000001,76659.41118069868,76663.27681930135,0.16040859999999982,-6.107916886583553,3.865638602670515
76661.602,76661.602,76659.66917715981,76663.53482284019,0.1604084599999998,-6.06653134766384,3.865645680372836
76661.714,76661.714,76659.78145886796,76663.64654113205,0.1604084099999998,-6.048565561839496,3.8650822640920524
76661.826,76661.826,76659.89345847332,76663.75854152668,0.1604083499999998,-6.030599780671764,3.8650830533588305
76661.9385,76661.9385,76660.00612984499,76663.87087015502,0.1604083499999998,-6.012553841297631,3.864740310033085
76661.963,76661.963,76660.03082732751,76663.89517267249,0.1604082999999998,-6.008623810863355,3.864345344976755
76661.90599999999,76661.90599999999,76659.97441262646,76663.83758737352,0.16040816999999982,-6.017767009354429,3.863174747064477
76662.01749999999,76662.01749999999,76660.08590686243,76663.94909313755,0.16040815999999983,-5.999881493771682,3.8631862751208246
76662.07849999999,76662.07849999999,76660.14690455758,76664.0100954424,0.16040812999999982,-5.990096583976992,3.863190884818323
76662.13949999999,76662.13949999999,76660.21051997729,76664.06848002269,0.1604080899999998,-5.980311674429686,3.8579600453958847
76662.20249999998,76662.20249999998,76660.27353598468,76664.13146401529,0.16040801999999982,-5.97020594253263,3.8579280306003056
76662.2775,76662.2775,76660.35002224076,76664.20497775923,0.1604079899999998,-5.958175326552009,3.854955518472707
76662.3525,76662.3525,76660.42500309563,76664.27999690436,0.16040796999999982,-5.946144719157019,3.8549938087235205
76662.427,76662.427,76660.50833363175,76664.34566636824,0.16040796999999982,-5.934194325396675,3.8373327364970464
76662.466,76662.466,76660.54692909417,76664.38507090583,0.1604079299999998,-5.927938402805012,3.8381418116623536
76662.5055,76662.5055,76660.58826568481,76664.42273431519,0.16040790999999982,-5.921602284273831,3.8344686303753406
76662.545,76662.545,76660.62936347198,76664.46063652802,0.16040790999999982,-5.915266171825351,3.8312730560428463
76662.5845,76662.5845,76660.66808325141,76664.50091674858,0.16040778999999983,-5.908930037112441,3.8328334971738514
76662.6235,76662.6235,76660.70764130243,76664.53935869757,0.16040774999999982,-5.902674127442879,3.8317173951363657
76662.663,76662.663,76660.74747673376,76664.57852326625,0.1604076699999998,-5.8963380119676,3.8310465324902907
76662.636,76662.636,76660.72048767199,76664.551512328,0.1604075899999998,-5.900668992326246,3.8310246560140513
76662.678,76662.678,76660.7628746597,76664.5931253403,0.1604075899999998,-5.893931873550173,3.830250680592144
76662.729,76662.729,76660.80843280349,76664.64956719652,0.1604074699999998,-5.8857509939261945,3.8411343930347357
76662.78,76662.78,76660.85994189612,76664.70005810387,0.1604074099999998,-5.877570169759565,3.8401162077498157
76662.83050000001,76662.83050000001,76660.91044189497,76664.75055810505,0.1604073499999998,-5.8694695553858764,3.840116210078122
76662.8815,76662.8815,76660.9614446637,76664.80155533631,0.16040721999999982,-5.861288700136356,3.8401106726087164
76662.93250000001,76662.93250000001,76661.01246685673,76664.85253314329,0.1604070799999998,-5.853107852453832,3.8400662865606137
76662.9835,76662.9835,76661.04969520989,76664.91730479011,0.1604069899999998,-5.844927044905489,3.8676095802220516
76663.03450000001,76663.03450000001,76661.10070081375,76664.96829918626,0.16040691999999981,-5.8367462558235275,3.8675983725115657
76663.0855,76663.0855,76661.15168960976,76665.01931039024,0.16040679999999982,-5.828565453164629,3.867620780481957
76663.1345,76663.1345,76661.20072356041,76665.06827643959,0.16035736999999983,-5.820687453291612,3.8675528791791294
76663.17150000001,76663.17150000001,76661.25674748131,76665.08625251871,0.16035729999999984,-5.814754207618535,3.82950503739994
76663.2085,76663.2085,76661.29377005917,76665.12322994081,0.16035723999999985,-5.80882097002177,3.8294598816428334
76663.245,76663.245,76661.33028510862,76665.15971489137,0.16035706999999985,-5.802967887415434,3.8294297827524133
76663.282,76663.282,76661.36732273595,76665.19667726406,0.16035705999999986,-5.797034673640155,3.8293545281048864
76663.3185,76663.3185,76661.40366846458,76665.2333315354,0.16035703999999987,-5.7911816373234615,3.8296630708209705
76663.35500000001,76663.35500000001,76661.44034547328,76665.26965452674,0.16035703999999987,-5.78532860535779,3.8293090534571093
76663.46650000001,76663.46650000001,76661.55238736494,76665.38061263508,0.16035703999999987,-5.767448795406381,3.828225270146504
76663.628,76663.628,76661.7138873676,76665.54211263239,0.16035703999999987,-5.741551133440225,3.8282252647913992
76663.763,76663.763,76661.84566361827,76665.68033638175,0.16035699999999986,-5.719902864366304,3.834672763478011
76663.913,76663.913,76661.99562741573,76665.83037258427,0.16035699999999986,-5.695849314361112,3.834745168540394
76664.0475,76664.0475,76662.12716194955,76665.96783805045,0.16035697999999987,-5.674281259009149,3.8406761008955073
76664.1725,76664.1725,76662.25216194955,76666.09283805045,0.16035697999999987,-5.654236636517453,3.8406761008955073
76664.2975,76664.2975,76662.37696026398,76666.21803973602,0.16035697999999987,-5.634192014011205,3.841079472040292
76664.42199999999,76664.42199999999,76662.50634271924,76666.33765728075,0.15857842999999988,-5.611438803607598,3.8313145615102258
76664.5465,76664.5465,76663.14642133673,76665.94657866326,0.15857839999999987,-5.5916957457666285,2.8001573265355546
76664.6715,76664.6715,76663.27142133673,76666.07157866326,0.15857839999999987,-5.571873445776873,2.8001573265355546
76664.796,76664.796,76663.36059189947,76666.23140810053,0.15857839999999987,-5.552130434967694,2.870816201058915
76664.921,76664.921,76663.48559409914,76666.35640590086,0.15857839999999987,-5.532308134963387,2.870811801723903
76665.046,76665.046,76663.61127807786,76666.48072192214,0.15857839999999987,-5.512485834973631,2.8694438442762475
76665.1705,76665.1705,76663.74000181949,76666.6009981805,0.15857839999999987,-5.492742824164452,2.8609963610069826
76665.2955,76665.2955,76663.87668955523,76666.71431044476,0.15857839999999987,-5.472920524174697,2.8376208895351738
76665.4835,76665.4835,76664.05505731166,76666.91194268834,0.15857839999999987,-5.443107784973108,2.8568853766773827
76665.6715,76665.6715,76664.24161867418,76667.10138132582,0.15857839999999987,-5.41329504577152,2.859762651642086
76665.85949999999,76665.85949999999,76664.41978729852,76667.29921270146,0.15857839999999987,-5.383482306569931,2.87942540293443
76666.0475,76666.0475,76664.60385098358,76667.49114901642,0.15857839999999987,-5.3536695673683425,2.8872980328451376
76666.23449999999,76666.23449999999,76664.7891974764,76667.67980252358,0.15857839999999987,-5.3240154065715615,2.8906050471705385
76666.3475,76666.3475,76664.90217147992,76667.79282852009,0.15857839999999987,-5.3060960473667365,2.890657040174119
76666.4105,76666.4105,76664.93500805413,76667.88599194586,0.15857839999999987,-5.296105608169455,2.9509838917292655
76666.4995,76666.4995,76664.97361073662,76668.02538926339,0.15857839999999987,-5.281992130563594,3.051778526772978
76666.5635,76666.5635,76665.0163404408,76668.11065955921,0.15857839999999987,-5.2718431129760575,3.094319118419662
76666.6265,76666.6265,76665.07933144616,76668.17366855383,0.15857839999999987,-5.261852673764224,3.0943371076718904
76666.68950000001,76666.68950000001,76665.14233324547,76668.23666675454,0.15857839999999987,-5.251862234566943,3.094333509070566
76666.7525,76666.7525,76665.16000034157,76668.34499965844,0.15857839999999987,-5.241871795369661,3.184999316872563
76666.8155,76666.8155,76665.23079953543,76668.40020046456,0.15857839999999987,-5.23188135617238,3.1694009291240945
76666.8785,76666.8785,76665.29379788261,76668.4632021174,0.15857839999999987,-5.221890916975099,3.1694042347953655
76666.941,76666.941,76665.35630284308,76668.52569715693,0.15857839999999987,-5.211979766972945,3.1693943138525356
76667.00450000001,76667.00450000001,76665.42831180259,76668.58068819743,0.15857839999999987,-5.201910038565984,3.1523763948353007
76667.19200000001,76667.19200000001,76665.61422352468,76668.76977647534,0.15857839999999987,-5.172176588574075,3.1555529506586026
76667.4915,76667.4915,76665.91331260942,76669.06968739058,0.15857839999999987,-5.124682357767597,3.156374781159684
76667.7905,76667.7905,76666.1417877324,76669.4392122676,0.15857836999999986,-5.077267290776945,3.2974245352088474
76668.08899999999,76668.08899999999,76666.4402807875,76669.73771921248,0.15857826999999985,-5.0299312592396745,3.297438424982829
76668.3245,76668.3245,76666.73224379151,76669.91675620849,0.15857812999999985,-4.992585566287744,3.184512416977668
76668.56049999999,76668.56049999999,76666.9682470387,76670.15275296128,0.15857812999999985,-4.955161127611063,3.184505922574317
76668.7965,76668.7965,76667.20304131825,76670.38995868174,0.15857812999999985,-4.917736688919831,3.186917363491375
76669.03199999999,76669.03199999999,76667.43850769154,76670.62549230845,0.15857804999999983,-4.880391304264776,3.1869846169138327
76669.268,76669.268,76667.67449959932,76670.86150040067,0.15857786999999984,-4.842966398107819,3.187000801350223
76669.50349999999,76669.50349999999,76667.91000607064,76671.09699392934,0.15857785999999985,-4.80562128504971,3.186987858702196
76669.73899999999,76669.73899999999,76668.1454931273,76671.33250687267,0.15857783999999986,-4.768276154398336,3.18701374536613
76669.97449999998,76669.97449999998,76668.38098503767,76671.5680149623,0.15857782999999986,-4.730931053112727,3.1870299246220384
76670.21099999998,76670.21099999998,76668.61746724065,76671.80453275931,0.15857782999999986,-4.693427396327024,3.1870655186648946
76670.44699999999,76670.44699999999,76668.84058076073,76672.05341923924,0.15857782999999986,-4.6560030284454115,3.2128384785028175
76670.68249999998,76670.68249999998,76669.07607432375,76672.28892567621,0.15857782999999986,-4.61865794948244,3.2128513524658047
76670.91799999998,76670.91799999998,76669.31157755834,76672.52442244161,0.15857782999999986,-4.581312870519469,3.2128448832663707
76671.15399999998,76671.15399999998,76669.54756146799,76672.76043853197,0.15857782999999986,-4.543888502637856,3.212877063982887
76671.38999999998,76671.38999999998,76669.78358399952,76672.99641600045,0.15857782999999986,-4.506464134756243,3.2128320009214804
76671.62599999997,76671.62599999997,76670.01959044184,76673.23240955811,0.15857782999999986,-4.46903976687463,3.2128191162773874
76671.86149999998,76671.86149999998,76670.35994705866,76673.3630529413,0.15857782999999986,-4.4316946879116585,3.003105882642558
76671.97249999999,76671.97249999999,76670.47139821,76673.47360178998,0.15857782999999986,-4.414092548773624,3.002203579992056
76671.97149999999,76671.97149999999,76670.74168446744,76673.20131553253,0.15857782999999986,-4.414251126610907,2.4596310650813393
76671.97149999999,76671.97149999999,76670.7469135048,76673.19608649517,0.15857782999999986,-4.414251126610907,2.449172990367515
76671.97199999998,76671.97199999998,76670.85289856524,76673.09110143472,0.15857782999999986,-4.414171837692265,2.2382028694846667
76671.97199999998,76671.97199999998,76670.45768305368,76673.48631694628,0.15857782999999986,-4.414171837692265,3.028633892594371
76671.97149999999,76671.97149999999,76670.45920467094,76673.48379532903,0.15857782999999986,-4.414251126610907,3.024590658082161
76671.97099999999,76671.97099999999,76670.46204950109,76673.47995049889,0.15857782999999986,-4.414330415514996,3.0179009978019167
76671.73499999999,76671.73499999999,76670.07838801772,76673.39161198225,0.15857782999999986,-4.451754783396609,3.3132239645347
76671.49949999999,76671.49949999999,76669.84306460293,76673.15593539705,0.16857782999999987,-4.4467048623773735,3.312870794121409
76671.264,76671.264,76669.44103837339,76673.0869616266,0.16926066999999986,-4.483670849978807,3.645923253207002
76671.02849999999,76671.02849999999,76669.20439482898,76672.85260517099,0.17369676999999986,-4.506814294916694,3.6482103420130443
76670.7925,76670.7925,76668.96122928144,76672.62377071855,0.17369676999999986,-4.547806732633035,3.6625414371083025
76670.49799999999,76670.49799999999,76668.6667638312,76672.32923616878,0.17369676999999986,-4.5989604313945165,3.6624723375716712
76670.21149999999,76670.21149999999,76668.80470885868,76671.6182911413,0.17369676999999986,-4.648724555998342,2.8135822826297954
76669.92749999999,76669.92749999999,76669.19678257797,76670.65821742201,0.17369676999999986,-4.698054438689724,1.461434844037285
76669.69149999999,76669.69149999999,76668.97289942611,76670.41010057386,0.17369676999999986,-4.739046876406064,1.4372011477535125
76669.4555,76669.4555,76668.73897846873,76670.17202153127,0.17369676999999986,-4.780039314122405,1.433043062541401
76669.1765,76669.1765,76668.46147317225,76669.89152682775,0.17369676999999986,-4.828500712945242,1.430053655494703
76668.9405,76668.9405,76668.0304650697,76669.85053493029,0.17369676999999986,-4.869493150676135,1.8200698605796788
76668.51699999999,76668.51699999999,76667.60642657542,76669.42757342456,0.17369676999999986,-4.943053732771659,1.8211468491354026
76668.09349999999,76668.09349999999,76667.176692517,76669.01030748298,0.17369676999999986,-5.016614314867184,1.8336149659880903
76667.67,76667.67,76666.74057521898,76668.59942478102,0.17369676999999986,-5.090174896962708,1.858849562035175
76667.2465,76667.2465,76666.31068873568,76668.1823112643,0.17369676999999986,-5.163735479058232,1.8716225286189
76666.8225,76666.8225,76665.88668822446,76667.75831177553,0.17369676999999986,-5.2373829095304245,1.8716235510655679
76666.399,76666.399,76665.46318694642,76667.33481305359,0.17369676999999986,-5.310943491625949,1.8716261071676854
76665.9755,76665.9755,76665.02287504225,76666.92812495775,0.17369676999999986,-5.384504073721473,1.9052499154931866
76665.552,76665.552,76664.59901622414,76666.50498377586,0.17369676999999986,-5.458064655816997,1.9059675517200958
76665.365,76665.365,76664.41202323037,76666.31797676964,0.17443908999999985,-5.48916894820286,1.9059535392734688
76665.177,76665.177,76664.23165593678,76666.12234406322,0.17443908999999985,-5.521963497129036,1.8906881264410913
76664.989,76664.989,76664.0436558095,76665.93434419051,0.17443908999999985,-5.554758046055213,1.8906883810122963
76664.9945,76664.9945,76664.04856272157,76665.94043727843,0.17443891999999986,-5.553798227221705,1.8918745568662416
76664.98250000001,76664.98250000001,76664.03640801915,76665.92859198088,0.17443878999999987,-5.555891230687848,1.8921839617250953
76665.02849999999,76665.02849999999,76664.04823804017,76666.0087619598,0.17439859999999988,-5.547787409872399,1.9605239196389448
76665.03150000001,76665.03150000001,76664.05098613576,76666.01201386427,0.17439854999999987,-5.547264150649426,1.9610277285100892
76665.0325,76665.0325,76664.0519864493,76666.0130135507,0.17439854999999987,-5.547089752100874,1.9610271014098544
76664.98500000002,76664.98500000002,76664.01817050057,76665.95182949946,0.17439847999999988,-5.555373591181706,1.933658998896135
76664.93750000001,76664.93750000001,76663.97016212378,76665.90483787625,0.17439828999999987,-5.563657260092441,1.9346757524763234
76664.96900000001,76664.96900000001,76664.00165072772,76665.9363492723,0.17439828999999987,-5.558163713969407,1.9346985445881728
76664.95700000001,76664.95700000001,76664.00101565298,76665.91298434704,0.17439811999999988,-5.560256144424784,1.9119686940684915
76665.1325,76665.1325,76664.17651571656,76666.08848428345,0.17439801999999988,-5.5296490866167005,1.9119685668847524
76665.308,76665.308,76664.35198194352,76666.26401805649,0.17121186999999988,-5.493619406799553,1.9120361129753292
76665.4835,76665.4835,76664.50770500355,76666.45929499646,0.17121177999999987,-5.463571586238686,1.951589992910158
76665.65950000001,76665.65950000001,76664.68370451701,76666.635295483,0.17121177999999987,-5.433438312960789,1.9515909659967292
76665.83550000002,76665.83550000002,76664.85893269222,76666.81206730781,0.17121177999999987,-5.403305039668339,1.9531346155854408
76666.01150000001,76666.01150000001,76665.03493555047,76666.98806444954,0.17121177999999987,-5.373171766390442,1.9531288990692701
76666.187,76666.187,76665.27622954907,76667.09777045094,0.17121177999999987,-5.343124099003035,1.8215409018739592
76666.26700000002,76666.26700000002,76665.35622936208,76667.17777063797,0.17121177999999987,-5.329427156597376,1.8215412758872844
76666.34650000001,76666.34650000001,76665.43573004777,76667.25726995226,0.17121177999999987,-5.315815820096759,1.8215399044856895
76666.42700000003,76666.42700000003,76665.51623273011,76667.33776726994,0.17146525999999987,-5.301699438641663,1.821534539834829
76666.43800000001,76666.43800000001,76665.53383835862,76667.3421616414,0.17146525999999987,-5.299813320787507,1.8083232827775646
76666.32450000002,76666.32450000002,76665.38706504615,76667.26193495389,0.17146525999999987,-5.319274627792765,1.8748699077405035
76666.27350000002,76666.27350000002,76665.34122242226,76667.2057775778,0.17146525999999987,-5.328019356049481,1.8645551555382553
76666.15400000002,76666.15400000002,76665.22390555163,76667.08409444842,0.17146525999999987,-5.348509454619489,1.860188896796899
76666.08100000002,76666.08100000002,76665.15182745305,76667.01017254699,0.17146525999999987,-5.361026418599067,1.858345093933167
76666.00800000002,76666.00800000002,76664.94944261169,76667.06655738835,0.17400035999999988,-5.370607736782404,2.117114776658127
76665.9575,76665.9575,76664.92625024098,76666.98874975902,0.17400035999999988,-5.379394754971145,2.0624995180405676
76665.94150000002,76665.94150000002,76664.91040965673,76666.9725903433,0.17400035999999988,-5.38217876071576,2.0621806865674444
76665.88950000002,76665.88950000002,76664.85895367015,76666.92004632989,0.17400035999999988,-5.391226779436693,2.0610926597437356
76665.838,76665.838,76664.80745408587,76666.86854591414,0.17400035999999988,-5.400187797989929,2.0610918282764032
76665.787,76665.787,76664.23804129634,76667.33595870365,0.17400035999999988,-5.409061816346366,3.097917407314526
76665.7355,76665.7355,76664.17496045453,76667.29603954546,0.17400035999999988,-5.4180228348850505,3.121079090924468
76665.68449999999,76665.68449999999,76664.03933105487,76667.32966894511,0.17400035999999988,-5.426896853241487,3.2903378902410623
76665.63249999999,76665.63249999999,76664.01820640123,76667.24679359875,0.17400035999999988,-5.43594487196242,3.228587197518209
76665.5805,76665.5805,76664.00857294562,76667.15242705437,0.17400035999999988,-5.444992890683352,3.1438541087554768
76665.52849999999,76665.52849999999,76664.17692194734,76666.88007805264,0.17400035999999988,-5.454040909404284,2.7031561053008772
76665.4775,76665.4775,76664.13542657704,76666.81957342295,0.17400035999999988,-5.462914927760721,2.6841468459169846
76665.7225,76665.7225,76664.38865947346,76667.05634052654,0.17400031999999988,-5.420284668463864,2.6676810530771036
76666.01249999998,76666.01249999998,76664.67883572044,76667.34616427953,0.17400031999999988,-5.369824575667735,2.66732855909504
76666.25149999998,76666.25149999998,76665.27220814348,76667.23079185649,0.17400015999999988,-5.328237917026854,1.9585837130143773
76666.57699999999,76666.57699999999,76665.59246285414,76667.56153714584,0.17267133999999987,-5.2667466854909435,1.969074291700963
76666.86649999997,76666.86649999997,76665.96155051336,76667.7714494866,0.17267126999999988,-5.216758050912176,1.8098989732388873
76667.13649999998,76667.13649999998,76666.23155279236,76668.0414472076,0.17267126999999988,-5.170136808010284,1.8098944152297918
76667.41699999997,76667.41699999997,76666.49364955988,76668.34035044006,0.17267115999999988,-5.121702207339695,1.8467008801817428
76667.73399999997,76667.73399999997,76666.81065012609,76668.65734987384,0.17267115999999988,-5.066965449615964,1.8466997477516998
76668.06899999999,76668.06899999999,76667.14015056998,76668.99784943,0.17255156999999988,-5.008704318228411,1.8576988600252662
76668.3945,76668.3945,76667.46961283713,76669.31938716286,0.17255112999999989,-4.952537283767015,1.8497743257321417
76668.68549999999,76668.68549999999,76667.7606330786,76669.61036692139,0.17255107999999988,-4.902324749200488,1.8497338427987415
76668.9765,76668.9765,76668.05162745528,76669.90137254473,0.1725510199999999,-4.852112215507077,1.8497450894501526
76669.22050000002,76669.22050000002,76668.32320667866,76670.11779332139,0.1725509999999999,-4.810009733831976,1.794586642732611
76669.464,76669.464,76668.56670440696,76670.36129559306,0.1725508199999999,-4.767993314060732,1.7945911861024797
76669.66550000002,76669.66550000002,76668.76820839189,76670.56279160814,0.1725508199999999,-4.733224323819741,1.7945832162513398
76669.80950000002,76669.80950000002,76668.62444958302,76670.99455041702,0.1725508199999999,-4.708377005736111,2.3701008339994587
76670.10550000002,76670.10550000002,76668.92045153056,76671.29054846948,0.1725508199999999,-4.657301963015925,2.3700969389174134
76670.34200000002,76670.34200000002,76669.08932234264,76671.5946776574,0.1725508199999999,-4.616493694091332,2.505355314759072
76670.59550000002,76670.59550000002,76669.34508247439,76671.84591752566,0.1725508199999999,-4.57275206122722,2.5008350512653124
76670.894,76670.894,76669.66569489664,76672.12230510336,0.1725508199999999,-4.521245641459245,2.4566102067183238
76670.8695,76670.8695,76669.64121037012,76672.09778962989,0.1725508199999999,-4.525473136542132,2.456579259771388
76670.77900000001,76670.77900000001,76669.55070802568,76672.00729197434,0.1725508199999999,-4.541088985759416,2.456583948660409
76670.73900000002,76670.73900000002,76669.53049254496,76671.94750745507,0.1725508199999999,-4.547991018553148,2.4170149101119023
76670.68200000002,76670.68200000002,76669.47348920642,76671.89051079362,0.1725508199999999,-4.557826415286399,2.417021587199997
76670.59200000002,76670.59200000002,76669.3834863448,76671.80051365524,0.1725508199999999,-4.573355989094125,2.4170273104391526
76670.47750000002,76670.47750000002,76669.10347470375,76671.8515252963,0.1732296299999999,-4.592177997197723,2.7480505925486796
76670.42100000002,76670.42100000002,76669.03650698057,76671.80549301946,0.1732296299999999,-4.60196547130181,2.7689860388927627
76670.31650000003,76670.31650000003,76668.79465734841,76671.83834265165,0.1732296299999999,-4.6200679676258005,3.043685303244274
76670.19350000002,76670.19350000002,76668.67166313872,76671.71533686132,0.1732296299999999,-4.641375212115236,3.0436737225973047
76670.05850000001,76670.05850000001,76668.60243558788,76671.51456441215,0.1732296299999999,-4.664761212174199,2.912128824274987
76669.92300000002,76669.92300000002,76668.30765660173,76671.53834339832,0.1732296299999999,-4.688233827037038,3.230686796596274
76669.78750000002,76669.78750000002,76668.28402857133,76671.29097142871,0.1732296299999999,-4.711706441899878,3.0069428573769983
76669.69900000002,76669.69900000002,76668.1955298748,76671.20247012524,0.1732296299999999,-4.727037264150567,3.006940250430489
76669.61100000002,76669.61100000002,76668.10919354115,76671.11280645888,0.1732296299999999,-4.74228147159738,3.003612917731516
76669.56500000002,76669.56500000002,76667.80712449116,76671.32287550888,0.1732296299999999,-4.750250034572673,3.5157510177232325
76669.57600000002,76669.57600000002,76667.79473100982,76671.3572689902,0.1732296299999999,-4.7483445086400025,3.5625379803823307
76669.43600000002,76669.43600000002,76667.655127964,76671.21687203604,0.1732296299999999,-4.772596656839596,3.561744072037982
76669.35550000002,76669.35550000002,76667.54290803707,76671.16809196297,0.1732296299999999,-4.786541642068187,3.6251839259057306
76669.25750000002,76669.25750000002,76667.44113456973,76671.07386543031,0.1732296299999999,-4.803518145796261,3.6327308605832513
76669.11400000002,76669.11400000002,76667.30057799275,76670.92742200728,0.1732296299999999,-4.828376597710303,3.626844014535891
76669.09300000002,76669.09300000002,76667.2795753325,76670.90642466754,0.1732296299999999,-4.832014419938787,3.6268493350362405
76669.09300000002,76669.09300000002,76667.27957436514,76670.90642563491,0.1732296299999999,-4.832014419938787,3.626851269771578
76669.09300000002,76669.09300000002,76667.27957436514,76670.90642563491,0.1732296299999999,-4.832014419938787,3.626851269771578
76669.09350000002,76669.09350000002,76667.28007605803,76670.906923942,0.1732296299999999,-4.831927805120358,3.6268478839774616
76669.09400000001,76669.09400000001,76667.26002434934,76670.92797565069,0.1732296299999999,-4.83184119030193,3.6679513013514224
76669.09350000002,76669.09350000002,76667.2543638275,76670.93263617254,0.1732296299999999,-4.831927805120358,3.678272345045116
76669.09350000002,76669.09350000002,76667.25554380291,76670.93145619713,0.1732296299999999,-4.831927805120358,3.6759123942174483
76669.09400000001,76669.09400000001,76667.25600403649,76670.93199596353,0.1732296299999999,-4.83184119030193,3.675991927040741
76669.09400000001,76669.09400000001,76667.25593097089,76670.93206902914,0.1732296299999999,-4.83184119030193,3.676138058246579
76669.09400000001,76669.09400000001,76667.25592883158,76670.93207116844,0.1732296299999999,-4.83184119030193,3.676142336858902
76669.09400000001,76669.09400000001,76667.24255090437,76670.94544909566,0.1732296299999999,-4.83184119030193,3.7028981912881136
76669.00450000001,76669.00450000001,76667.15305393469,76670.85594606533,0.1732296299999999,-4.847345242189476,3.7028921306482516
76668.91500000001,76668.91500000001,76667.06442853551,76670.76557146451,0.1732296299999999,-4.862849294077023,3.701142928999616
76668.8255,76668.8255,76666.97513537736,76670.67586462265,0.18322962999999992,-4.86319834596361,3.7007292452908587
76668.73650000001,76668.73650000001,76666.85802210284,76670.61497789719,0.18979961999999992,-4.870133692296804,3.7569557943497784
76668.64700000001,76668.64700000001,76666.76632922959,76670.52767077043,0.18979961999999992,-4.887120758285164,3.7613415408413857
76668.557,76668.557,76666.67745134933,76670.43654865067,0.18979961999999992,-4.904202724079369,3.7590973013429902
76668.467,76668.467,76666.58745165376,76670.34654834625,0.18979961999999992,-4.921284689888125,3.759096692490857
76668.3775,76668.3775,76666.49800247222,76670.25699752779,0.18979961999999992,-4.938271755876485,3.758995055570267
76668.28850000001,76668.28850000001,76666.40741293336,76670.16958706666,0.19979961999999993,-4.945378922056989,3.7621741332986858
76668.19900000001,76668.19900000001,76666.31201651151,76670.0859834885,0.19979961999999993,-4.963260988035472,3.7739669769944157
76668.10950000002,76668.10950000002,76666.2225166473,76669.99648335273,0.19979961999999993,-4.981143054028507,3.7739667054265738
76668.02050000001,76668.02050000001,76666.13352287386,76669.90747712617,0.20008420999999993,-4.9987230190163245,3.773954252304975
76667.93050000003,76667.93050000003,76666.04345138627,76669.81754861379,0.20008420999999993,-5.016730597912101,3.774097227520542
76667.84050000002,76667.84050000002,76665.95345030159,76669.72754969845,0.20008420999999993,-5.0347381768224295,3.774099396861857
76667.75100000002,76667.75100000002,76665.87654563905,76669.62545436098,0.20008420999999993,-5.0526457136147656,3.7489087219291832
76667.57750000004,76667.57750000004,76665.70304435802,76669.45195564207,0.20008420999999993,-5.08736032404704,3.7489112840557937
76667.48750000003,76667.48750000003,76665.64959521918,76669.32540478089,0.20008420999999993,-5.105367902942817,3.675809561711503
76667.39800000002,76667.39800000002,76665.5614467012,76669.23455329883,0.20008420999999993,-5.123275439749705,3.6731065976200625
76667.23100000001,76667.23100000001,76665.40360985455,76669.05839014548,0.20008420999999993,-5.156689502808149,3.6547802909335587
76667.01900000003,76667.01900000003,76665.27965823998,76668.75834176008,0.20008420999999993,-5.1991073553217575,3.4786835201084614
76666.89700000003,76666.89700000003,76665.15768496772,76668.63631503233,0.20135173999999992,-5.220935670338804,3.4786300646082964
76666.77450000003,76666.77450000003,76665.03384738792,76668.51515261213,0.20135173999999992,-5.245601258488023,3.481305224209791
76666.65150000002,76666.65150000002,76664.91084676345,76668.3921532366,0.20135173999999992,-5.270367522520246,3.4813064731424674
76666.52850000003,76666.52850000003,76664.78784844799,76668.26915155207,0.20135173999999992,-5.295133786537917,3.4813031040830538
76666.40600000005,76666.40600000005,76664.66534702682,76668.14665297327,0.20135173999999992,-5.319799374672584,3.4813059464504477
76666.28400000004,76666.28400000004,76664.54428694653,76668.02371305355,0.21135173999999993,-5.330124286963837,3.4794261070201173
76666.16200000004,76666.16200000004,76664.42163323713,76667.90236676295,0.21918754999999993,-5.34570697460731,3.4807335258228704
76666.03950000004,76666.03950000004,76664.29127460727,76667.78772539282,0.21918754999999993,-5.37255744948925,3.496450785547495
76665.91650000002,76665.91650000002,76664.16827373634,76667.6647262637,0.21918754999999993,-5.399517518148059,3.49645252735354
76665.79450000003,76665.79450000003,76664.06879546378,76667.52020453628,0.21929057999999993,-5.426162117699278,3.451409072498791
76665.67250000002,76665.67250000002,76663.90096053029,76667.44403946974,0.22929057999999994,-5.4447905684646685,3.5430789394595195
76665.55000000002,76665.55000000002,76663.74816385838,76667.35183614165,0.23929057999999995,-5.46597866450611,3.603672283265041
76665.42800000003,76665.42800000003,76663.56390697145,76667.2920930286,0.24929057999999996,-5.489492115273606,3.728186057152925
76665.30600000003,76665.30600000003,76663.44080397738,76667.17119602267,0.25929057999999994,-5.515445566023118,3.7303920452832244
76665.31850000002,76665.31850000002,76663.44966523524,76667.1873347648,0.2632037099999999,-5.5209365833725315,3.7376695295679383
76665.40500000001,76665.40500000001,76663.53562184174,76667.27437815828,0.2640277099999999,-5.49978038246627,3.738756316539366
76665.49500000002,76665.49500000002,76663.6286475097,76667.36135249035,0.2640277099999999,-5.476017888562637,3.7327049806481227
76665.68850000002,76665.68850000002,76663.82263524512,76667.55436475492,0.2640277099999999,-5.4249285266851075,3.7317295098036993
76665.986,76665.986,76664.11935840844,76667.85264159157,0.2640277099999999,-5.346380282950122,3.73328318312997
76666.3425,76666.3425,76664.47565452791,76668.20934547209,0.2640277099999999,-5.2522544043458765,3.7336909441801254
76666.6985,76666.6985,76664.83164378081,76668.56535621919,0.2640277099999999,-5.1582605395815335,3.7337124383775517
76667.0575,76667.0575,76665.18542378345,76668.92957621654,0.2640277099999999,-5.063474591690465,3.7441524330934044
76667.514,76667.514,76665.63866913722,76669.38933086277,0.2639786699999999,-4.942628849443281,3.7506617255567107
76667.9965,76667.9965,76666.12400975861,76669.86899024138,0.2639786699999999,-4.815259141163551,3.7449804827629123
76668.5875,76668.5875,76666.71587916517,76670.45912083481,0.2639786699999999,-4.659247747185873,3.7432416696392465
76669.215,76669.215,76667.3428621292,76671.0871378708,0.2639786699999999,-4.493601131776813,3.7442757415992673
76669.9345,76669.9345,76668.06219837976,76671.80680162025,0.2639786699999999,-4.30366847870755,3.744603240484139
76670.70649999999,76670.70649999999,76668.83420880887,76672.5787911911,0.2639786699999999,-4.099876945459982,3.744582382234512
76671.49749999998,76671.49749999998,76669.62457774907,76673.3704222509,0.2639786699999999,-3.8910698175022844,3.745844501827378
76672.30599999998,76672.30599999998,76670.43532708961,76674.17667291035,0.2639786699999999,-3.6776430628087837,3.7413458207447547
76672.89649999999,76672.89649999997,76671.02573634233,76674.76726365762,0.2639786699999999,-3.5217636581655825,3.741527315287385
76673.6845,76673.68449999999,76671.81320610586,76675.55579389412,0.2639786699999999,-3.3137484662001953,3.742587788263336
76674.275,76674.27499999998,76672.40361790062,76676.14638209934,0.2639786699999999,-3.157869061571546,3.7427641987160314
76675.04649999998,76675.04649999997,76673.17709936743,76676.9159006325,0.2639786699999999,-2.9542095176584553,3.7388012650772
76675.768,76675.76799999998,76673.89884078268,76677.63715921728,0.2639786699999999,-2.7637489072512835,3.7383184345962945
76676.6,76676.59999999999,76674.73043760855,76678.46956239143,0.2639786699999999,-2.5441186538082547,3.739124782878207
76677.37,76677.36999999998,76675.50043470705,76679.23956529291,0.2639786699999999,-2.3408550779276993,3.739130585861858
76677.8265,76677.82649999997,76675.95584148772,76679.69715851221,0.2639786699999999,-2.220348815055331,3.7413170244835783
76678.566,76678.56599999998,76676.69467127133,76680.43732872863,0.26397851999999994,-2.0251353984931484,3.7426574573037215
76679.292,76679.29199999997,76677.42362500634,76681.1603749936,0.26366296999999994,-1.8312125085794833,3.7367499872634653
76680.01800000001,76680.01799999998,76678.15117739057,76681.8848226094,0.25366296999999993,-1.5749731923569925,3.7336452188319527
76680.6645,76680.66449999997,76678.85745896144,76682.4715410385,0.24714278999999995,-1.3829726490657777,3.614082077052444
76681.156,76681.15599999997,76679.38495644748,76682.92704355247,0.24323075999999993,-1.2511194401595276,3.5420871049864218
76681.62150000001,76681.62149999998,76679.87146264972,76683.37153735023,0.23931872999999992,-1.1293340437114239,3.500074700510595
76681.97850000001,76681.97849999998,76680.24548406094,76683.71151593902,0.2354066999999999,-1.0367323741520522,3.4660318780806847
76682.2985,76682.29849999998,76680.58583806126,76684.01116193869,0.2314946699999999,-0.9554891968145967,3.4253238774253987
76682.5265,76682.52649999998,76680.8212133766,76684.23178662335,0.2275826399999999,-0.8976873215433443,3.410573246743297
76682.34200000002,76682.34199999998,76680.65595878336,76684.02804121659,0.22758255999999988,-0.93967677798355,3.372082433226751
76682.03450000002,76682.03449999998,76680.3451500187,76683.72384998127,0.22758252999999987,-1.0096586406289134,3.3786999625735916
76681.70850000002,76681.70849999998,76679.98553294539,76683.43146705457,0.22758252999999987,-1.0838505454012193,3.445934109186055
76681.60050000002,76681.60049999999,76679.87750327782,76683.32349672215,0.22758252999999987,-1.1084294586471515,3.4459934443293605
76681.29500000001,76681.29499999998,76679.57253362802,76683.01746637195,0.22758252999999987,-1.1779559215647168,3.4449327439360786
76681.18700000002,76681.18699999999,76679.46452734886,76682.90947265112,0.22758252999999987,-1.2025348347960971,3.4449453022680245
76680.89750000002,76680.89749999999,76679.17493020541,76682.62006979458,0.22758245999999988,-1.2684204250690527,3.4451395891665015
76680.52350000001,76680.52349999998,76678.80093020441,76682.24606979555,0.22758241999999987,-1.3535365060379263,3.445139591145562
76680.04900000001,76680.04899999998,76678.32643030917,76681.7715696908,0.22758241999999987,-1.461524364334764,3.4451393816270865
76679.549,76679.54899999997,76677.8326726581,76681.26532734184,0.22758239999999988,-1.575315675319871,3.432654683740111
76679.2595,76679.25949999999,76677.54711150151,76680.97188849846,0.22758239999999988,-1.6412007801118307,3.4247769969515502
76678.66,76678.65999999999,76676.94745548215,76680.37254451783,0.22758239999999988,-1.777636428916594,3.4250890356779564
76678.06,76678.05999999998,76676.34729240791,76679.77270759206,0.22756752999999988,-1.9142388061300153,3.425415184145095
76677.45999999999,76677.45999999998,76675.7474248163,76679.17257518365,0.2275106699999999,-2.050947629730217,3.425150367344031
76676.9345,76676.93449999999,76675.24431836774,76678.62468163224,0.2261350399999999,-2.1739222395408433,3.380363264499465
76676.4385,76676.43849999999,76674.99102242025,76677.88597757973,0.2261350399999999,-2.286085219384404,2.8949551594851073
76675.94249999999,76675.94249999998,76674.57638311334,76677.30861688661,0.2261350399999999,-2.3982481992279645,2.7322337732766755
76675.45599999999,76675.45599999998,76674.18125094507,76676.73074905488,0.2261350399999999,-2.508262896182714,2.5494981098163407
76674.9055,76674.90549999998,76673.64879259565,76676.16220740431,0.2261350399999999,-2.6327502357016783,2.5134148086654022
76674.3315,76674.3315,76673.07917121741,76675.58382878259,0.2261350399999999,-2.7625517486594617,2.5046575651795138
76674.1695,76674.1695,76672.95046776134,76675.38853223866,0.2261350399999999,-2.7991856251319405,2.4380644773191307
76674.11150000001,76674.11150000001,76672.91690568588,76675.30609431415,0.2261350399999999,-2.812301457452122,2.3891886282654013
76674.08500000002,76674.08500000002,76672.8972008541,76675.27279914594,0.2261350399999999,-2.818294036012958,2.3755982918373775
76674.02800000002,76674.02800000002,76672.71950571775,76675.3364942823,0.2261350399999999,-2.8311837333021685,2.616988564550411
76674.00100000002,76674.00100000002,76672.7865638094,76675.21543619064,0.2261350399999999,-2.8372893793712137,2.4288723812496755
76673.9745,76673.9745,76672.91528794324,76675.03371205676,0.2261350399999999,-2.8432819579320494,2.1184241135197226
76673.948,76673.948,76672.88791673078,76675.00808326923,0.2261350399999999,-2.849274536492885,2.120166538457852
76673.9215,76673.9215,76672.8615271551,76674.9814728449,0.2261350399999999,-2.8552671150537208,2.1199456898029894
76673.89499999999,76673.89499999999,76672.86427026975,76674.92572973022,0.2261350399999999,-2.8612596936291084,2.0614594604703598
76673.86899999998,76673.86899999998,76672.8445549766,76674.89344502335,0.2261350399999999,-2.8671392046671826,2.048890046746237
76673.8425,76673.8425,76672.80351883126,76674.88148116873,0.2261350399999999,-2.8731317832134664,2.0779623374692164
76673.81599999999,76673.81599999999,76672.813053991,76674.81894600898,0.2261350399999999,-2.879124361788854,2.0058920179726556
76673.79,76673.79,76672.80925886432,76674.77074113567,0.2261350399999999,-2.8850038728269283,1.961482271348359
76673.764,76673.764,76672.78878991745,76674.73921008254,0.2261350399999999,-2.8908833838650025,1.9504201650852337
76673.74049999999,76673.74049999999,76672.80017645976,76674.68082354021,0.2261350399999999,-2.8961975573038217,1.8806470804556739
76673.745,76673.745,76672.79895619814,76674.69104380185,0.2261350399999999,-2.895179949613521,1.8920876037154812
76673.74899999998,76673.74899999998,76672.80218000802,76674.69581999195,0.2261350399999999,-2.8942754094605334,1.8936399839294609
76673.74399999998,76673.74399999998,76672.84447142232,76674.64352857764,0.2261350399999999,-2.8954060846590437,1.7990571553236805
76673.80249999999,76673.80249999999,76672.90368951124,76674.70131048874,0.2261350399999999,-2.8821771848161006,1.7976209775079042
76673.74749999998,76673.74749999998,76672.84884294703,76674.64615705294,0.2261350399999999,-2.8946146120142657,1.7973141059046611
76673.77799999999,76673.77799999999,76673.12207507114,76674.43392492885,0.2261350399999999,-2.8877174933004426,1.3118498577096034
76673.75849999998,76673.75849999998,76673.0284568895,76674.48854311046,0.22645192999999988,-2.8918772588076536,1.460086220962694
76673.66149999999,76673.66149999999,76672.9356499106,76674.38735008937,0.2265164999999999,-2.913738395771361,1.4517001787608024
76673.59449999999,76673.59449999999,76672.87317731688,76674.3158226831,0.2265164999999999,-2.928915001277346,1.4426453662163112
76673.49799999999,76673.49799999999,76672.79487485425,76674.20112514573,0.2265708699999999,-2.9506945720640942,1.406250291474862
76673.417,76673.417,76672.61196402066,76674.22203597934,0.2365708699999999,-2.95847681252053,1.6100719586829655
76673.41750000001,76673.41750000001,76672.388122055,76674.44687794503,0.2365708699999999,-2.9583585270884214,2.0587558900297154
76673.418,76673.418,76671.96354815515,76674.87245184486,0.2365708699999999,-2.9582402416563127,2.9089036897057667
76673.41799999999,76673.41799999999,76671.90587728091,76674.93012271907,0.2365708699999999,-2.9582402416563127,3.0242454381659627
76673.4175,76673.4175,76671.85155153484,76674.98344846515,0.2365708699999999,-2.9583585271029733,3.1318969303101767
76673.4175,76673.4175,76671.79775707774,76675.03724292225,0.2365708699999999,-2.9583585271029733,3.239485844504088
76673.4175,76673.4175,76671.77778575994,76675.05721424005,0.2365708699999999,-2.9583585271029733,3.2794284801057074
76673.41699999999,76673.41699999999,76671.77719774815,76675.05680225183,0.2365708699999999,-2.958476812535082,3.2796045036811847
76673.41649999999,76673.41649999999,76671.77681188304,76675.05618811694,0.2365708699999999,-2.9585950979671907,3.2793762338988017
76673.41649999999,76673.41649999999,76671.77704085561,76675.05595914437,0.2365708699999999,-2.9585950979671907,3.278918288764544
76673.416,76673.416,76671.7761097245,76675.0558902755,0.2365708699999999,-2.9587133833992993,3.2797805510053877
76673.416,76673.416,76671.77648106695,76675.05551893305,0.2365708699999999,-2.9587133833992993,3.2790378661011346
76673.41549999999,76673.41549999999,76671.77598039393,76675.05501960605,0.2365708699999999,-2.958831668831408,3.2790392121241894
76673.41549999999,76673.41549999999,76671.7759802566,76675.05501974338,0.2365708699999999,-2.958831668831408,3.2790394867770374
76673.55249999999,76673.55249999999,76671.91300384229,76675.1919961577,0.2365708699999999,-2.926421459647827,3.2789923154050484
76673.55249999999,76673.55249999999,76671.9130045456,76675.19199545438,0.2365708699999999,-2.926421459647827,3.2789909087878186
76673.60249999998,76673.60249999998,76671.96446188736,76675.2405381126,0.2365708699999999,-2.9145929161459208,3.2760762252437416
76673.699,76673.699,76672.06153601191,76675.33646398807,0.2365708699999999,-2.891763827181421,3.2749279761628713
76673.79599999999,76673.79599999999,76672.15832905927,76675.4336709407,0.2365708699999999,-2.868816452799365,3.2753418814390898
76673.89249999999,76673.89249999999,76672.25403298027,76675.5309670197,0.2365708699999999,-2.8459873638494173,3.2769340394297615
76673.9735,76673.9735,76672.31557872849,76675.6314212715,0.2365708699999999,-2.8268251233675983,3.315842543001054
76673.97299999998,76673.97299999998,76672.3146469664,76675.63135303356,0.2365708699999999,-2.826943408814259,3.3167060671548825
76673.97249999999,76673.97249999999,76672.3141473937,76675.63085260628,0.2365708699999999,-2.8270616942463676,3.3167052125791088
76673.97199999998,76673.97199999998,76672.31318567872,76675.63081432124,0.2365708699999999,-2.8271799796784762,3.3176286425150465
76673.97199999998,76673.97199999998,76672.31258977714,76675.63141022282,0.2365708699999999,-2.8271799796784762,3.318820445681922
76673.97199999998,76673.97199999998,76672.27588525256,76675.6681147474,0.2365708699999999,-2.8271799796784762,3.392229494842468
76674.04899999998,76674.04899999998,76672.35253534875,76675.74546465122,0.2365708699999999,-2.8089640226971824,3.392929302470293
76674.14949999998,76674.14949999998,76672.45283095876,76675.84616904121,0.2365707499999999,-2.785188430600101,3.3933380824455526
76674.2505,76674.2505,76672.60290358389,76675.8980964161,0.2365707499999999,-2.761294784839265,3.295192832214525
76674.351,76674.351,76672.72608368807,76675.97591631192,0.2365707499999999,-2.737519424466882,3.2498326238419395
76674.4515,76674.4515,76672.82033094915,76676.08266905084,0.2365707499999999,-2.7137440640944988,3.262338101689238
76674.55249999999,76674.55249999999,76672.92139250705,76676.18360749293,0.2365707499999999,-2.6898504183482146,3.2622149858798366
76674.65349999999,76674.65349999999,76672.99996018178,76676.30703981819,0.2365707499999999,-2.6659567726019304,3.3070796364045236
76674.75399999999,76674.75399999999,76673.08329771226,76676.42470228771,0.2365707499999999,-2.6421814122149954,3.3414045754470862
76674.85449999999,76674.85449999999,76673.1847050766,76676.52429492338,0.2365707499999999,-2.618406051842612,3.3395898467861116
76674.95499999999,76674.95499999999,76673.28874875716,76676.62125124282,0.2365707499999999,-2.594630691470229,3.3325024856603704
76675.056,76675.056,76673.3903597072,76676.72164029279,0.2365707499999999,-2.570737045723945,3.3312805855821352
76675.1565,76675.1565,76673.49085999154,76676.82214000846,0.2365707499999999,-2.54696168533701,3.331280016922392
76675.257,76675.257,76673.59138561272,76676.92261438728,0.2365707499999999,-2.5231863249646267,3.3312287745648064
76675.3575,76675.3575,76673.6919473179,76677.0230526821,0.2365707499999999,-2.4994109645922435,3.331105364195537
76675.45749999999,76675.45749999999,76673.79518142207,76677.1198185779,0.2365707499999999,-2.4757538895937614,3.3246371558343526
76675.5585,76675.5585,76673.89636959546,76677.22063040454,0.2365707499999999,-2.4518602438329253,3.3242608090804424
76675.659,76675.659,76673.99449095334,76677.32350904666,0.2365707499999999,-2.428084883460542,3.3290180933254305
76675.7595,76675.7595,76674.09535490251,76677.42364509749,0.2365707499999999,-2.404309523088159,3.328290194971487
76675.86049999998,76675.86049999998,76674.1963547383,76677.52464526166,0.2365707499999999,-2.380415877341875,3.328290523350006
76675.96049999999,76675.96049999999,76674.054797423,76677.86620257697,0.2365707499999999,-2.3567588023433927,3.811405153974192
76675.9835,76675.9835,76674.05692190408,76677.91007809593,0.2365707499999999,-2.3513176750857383,3.8531561918498483
76675.9835,76675.9835,76674.05694023908,76677.91005976092,0.2365707499999999,-2.3513176750857383,3.85311952183838
76675.983,76675.983,76674.05644544556,76677.90955455443,0.2365707499999999,-2.3514359604741912,3.8531091088661924
76675.9825,76675.9825,76674.05594912043,76677.90905087956,0.2365707499999999,-2.3515542458335403,3.853101759130368
76675.9825,76675.9825,76674.05595263783,76677.90904736216,0.2365707499999999,-2.3515542458335403,3.853094724327093
76675.975,76675.975,76674.05086668293,76677.89913331709,0.2365707499999999,-2.3533285264566075,3.84826663415879
76675.89749999999,76675.89749999999,76674.02644849622,76677.76855150376,0.2365707499999999,-2.37166275960044,3.7421030075347517
76675.806,76675.806,76673.93828902168,76677.67371097831,0.2365707499999999,-2.393308983213501,3.7354219566332176
76675.7055,76675.7055,76674.60263115172,76676.80836884827,0.2365707499999999,-2.417084343585884,2.205737696553115
76675.3615,76675.3615,76674.25433199226,76676.46866800774,0.2365707499999999,-2.4984646815864835,2.2143360154877882
76675.0175,76675.0175,76674.08901635525,76675.94598364475,0.23658365999999992,-2.5797687537560705,1.8569672894955147
76674.674,76674.674,76673.7462665914,76675.60173340859,0.23658391999999992,-2.6610337943275226,1.8554668171855155
76674.33,76674.33,76673.40225986234,76675.25774013766,0.23658391999999992,-2.742418662804994,1.8554802753205877
76673.98650000001,76673.98650000001,76673.05875938825,76674.91424061178,0.23659682999999992,-2.823622283700388,1.855481223523384
76673.64300000003,76673.64300000003,76672.72030266635,76674.5656973337,0.23659708999999993,-2.9048921162175247,1.8453946673544124
76673.29850000002,76673.29850000002,76672.37579457287,76674.22120542717,0.23659708999999993,-2.986399813729804,1.845410854293732
76672.95500000003,76672.95500000003,76672.03234344798,76673.87765655208,0.23986708999999992,-3.055097764125094,1.845313104102388
76672.61100000002,76672.61100000002,76671.62384486847,76673.59815513156,0.23986708999999992,-3.137612043094123,1.9743102630891372
76672.26650000003,76672.26650000003,76671.27934646144,76673.25365353862,0.23986708999999992,-3.2202462556015234,1.9743070771801285
76671.92250000002,76671.92250000002,76670.93535155889,76672.90964844114,0.23986708999999992,-3.3027605345560005,1.9742968822538387
76671.57850000003,76671.57850000003,76670.5892780935,76672.56772190657,0.23986708999999992,-3.3852748135104775,1.9784438130736817
76671.18900000001,76671.18900000001,76670.20374846413,76672.1742515359,0.23986708999999992,-3.4787030450679595,1.9705030717595946
76670.79950000001,76670.79950000001,76669.8544396511,76671.74456034892,0.23986708999999992,-3.5721312766254414,1.8901206978189293
76670.41,76670.41,76669.46494993137,76671.35505006864,0.23986708999999992,-3.6655595081829233,1.890100137272384
76670.0205,76670.0205,76669.07545477118,76670.96554522881,0.23986708999999992,-3.7589877397404052,1.8900904576294124
76669.63849999999,76669.63849999999,76668.69839233706,76670.57860766292,0.24986708999999993,-3.836231968132779,1.880215325858444
76669.32599999997,76669.32599999997,76668.06201245896,76670.58998754098,0.24986708999999993,-3.914315433750744,2.527975082019111
76669.02799999998,76669.02799999998,76667.76401196903,76670.29198803092,0.24986708999999993,-3.988775826568599,2.527976061886875
76668.73899999997,76668.73899999997,76667.47501614607,76670.00298385388,0.24986708999999993,-4.0609874155779835,2.5279677078069653
76668.69349999996,76668.69349999996,76667.42951909456,76669.95748090537,0.24986708999999993,-4.072356368182227,2.527961810817942
76668.64749999998,76668.64749999998,76667.38554289518,76669.90945710478,0.24986708999999993,-4.083850254319259,2.5239142095961142
76668.60199999997,76668.60199999997,76667.34123412249,76669.86276587745,0.24986708999999993,-4.095219206908951,2.521531754959142
76668.55649999998,76668.55649999998,76667.29530756579,76669.81769243417,0.24986708999999993,-4.106588159513194,2.522384868381778
76668.51049999996,76668.51049999996,76667.29150882005,76669.72949117987,0.24986708999999993,-4.118082045650226,2.437982359813759
76668.46449999997,76668.46449999997,76667.27125847027,76669.65774152968,0.24986708999999993,-4.129575931787258,2.3864830594102386
76668.41899999997,76668.41899999997,76667.22575716209,76669.61224283784,0.24986708999999993,-4.1409448843915015,2.386485675757285
76668.37299999996,76668.37299999996,76667.30282960899,76669.44317039094,0.24986708999999993,-4.1524387705285335,2.1403407819452696
76668.32749999997,76668.32749999997,76667.40546999662,76669.24953000332,0.24986708999999993,-4.163807723118225,1.8440600066969637
76668.28199999998,76668.28199999998,76667.36042896312,76669.20357103684,0.24986708999999993,-4.175176675707917,1.8431420737178996
76668.23649999997,76668.23649999997,76667.31619628619,76669.15680371375,0.24986708999999993,-4.18654562831216,1.8406074275553692
76668.11399999997,76668.11399999997,76667.20709210176,76669.02090789819,0.24986708999999993,-4.217154346828465,1.8138157964276616
76667.71699999998,76667.71699999996,76667.0092501152,76668.42474988473,0.24986708999999993,-4.316351581568597,1.4154997695295606
76667.31999999998,76667.31999999996,76666.61225058914,76668.02774941079,0.24986708999999993,-4.4155488162941765,1.4154988216469064
76666.92299999998,76666.92299999997,76666.21525200907,76667.63074799086,0.24986708999999993,-4.514746051019756,1.415495981782442
76666.52599999998,76666.52599999997,76665.81709522608,76667.23490477385,0.24986708999999993,-4.613943285745336,1.4178095477691386
76666.12849999998,76666.12849999996,76665.41994481317,76666.83705518676,0.24986708999999993,-4.713265454018256,1.4171103735861834
76665.73149999998,76665.73149999997,76665.0505785132,76666.41242148673,0.24986708999999993,-4.812462688758387,1.3618429735361133
76665.33499999999,76665.33499999998,76664.58334834469,76666.08665165526,0.2502544299999999,-4.90956923943304,1.503303310571937
76664.938,76664.93799999998,76664.19491276769,76665.68108723227,0.2502544299999999,-5.008920248146751,1.486174464575015
76664.541,76664.54099999998,76663.79656087967,76665.2854391203,0.2502544299999999,-5.108271256860462,1.4888782406342216
76664.14450000001,76664.1445,76663.40012981236,76664.88887018763,0.2564395399999999,-5.183471078562434,1.488740375265479
76663.747,76663.74699999999,76663.07928668884,76664.41471331114,0.2564395399999999,-5.285405795715633,1.3354266223032027
76663.35,76663.34999999999,76662.68228915658,76664.0177108434,0.2564395399999999,-5.387212293091579,1.3354216868174262
76662.95300000001,76662.953,76662.28528650543,76663.62071349456,0.2564395399999999,-5.489018790467526,1.3354269891278818
76662.556,76662.55599999998,76661.88828915855,76663.22371084141,0.2564395399999999,-5.590825287858024,1.3354216828593053
76662.159,76662.15899999999,76661.48995823869,76662.82804176128,0.2564395399999999,-5.692631785233971,1.3380835225980263
76661.7625,76661.76249999998,76661.08083602466,76662.4441639753,0.25770705999999993,-5.792405614047311,1.3633279506466351
76661.3655,76661.36549999999,76660.66112754562,76662.06987245435,0.25770705999999993,-5.8947153168555815,1.4087449087237474
76660.96849999999,76660.96849999997,76659.79904957683,76662.13795042312,0.25770705999999993,-5.997025019678404,2.33890084628365
76660.57149999999,76660.57149999998,76659.40060280624,76661.74239719371,0.25770705999999993,-6.099334722501226,2.341794387466507
76660.25200000001,76660.25200000001,76659.0810930064,76661.42290699361,0.25770705999999993,-6.1816721281647915,2.3418139872082975
76660.25200000001,76660.25200000001,76659.08110049459,76661.42289950543,0.25770705999999993,-6.1816721281647915,2.3417990108428057
76660.25200000001,76660.25200000001,76659.0811081627,76661.42289183731,0.25770705999999993,-6.1816721281647915,2.3417836746084504
76660.25200000001,76660.25200000001,76659.08110711408,76661.42289288594,0.25770705999999993,-6.1816721281647915,2.341785771859577
76660.25200000001,76660.25200000001,76659.08129772339,76661.42270227663,0.25770705999999993,-6.1816721281647915,2.3414045532408636
76660.2525,76660.2525,76659.08180364365,76661.42319635635,0.25770705999999993,-6.181543274637079,2.3413927126966882
76660.2525,76660.2525,76659.05711924794,76661.44788075206,0.25770705999999993,-6.181543274637079,2.3907615041243844
76660.25200000001,76660.25200000001,76659.10450646882,76661.3994935312,0.25770705999999993,-6.1816721281647915,2.2949870623706374
76660.25200000001,76660.25200000001,76659.10450611472,76661.3994938853,0.25770705999999993,-6.1816721281647915,2.2949877705832478
76660.25200000001,76660.25200000001,76659.10450041856,76661.39949958146,0.25770705999999993,-6.1816721281647915,2.2949991628993303
76660.2515,76660.2515,76659.10400042176,76661.39899957823,0.25770705999999993,-6.181800981692504,2.2949991564673837
76660.25200000001,76660.25200000001,76659.10005226599,76661.40394773403,0.25770705999999993,-6.1816721281647915,2.3038954680378083
76660.2525,76660.2525,76659.01616206522,76661.48883793478,0.25770705999999993,-6.181543274637079,2.472675869561499
76660.253,76660.253,76658.4555254104,76662.05047458959,0.25770705999999993,-6.181414421109366,3.594949179183459
76660.6505,76660.65049999999,76658.80848942445,76662.49251057552,0.25770705999999993,-6.0789758647588314,3.684021151071647
76661.048,76661.04799999998,76659.20593535056,76662.8900646494,0.25770705999999993,-5.976537308408297,3.6841292988392524
76661.5465,76661.54649999998,76659.71056377004,76663.38243622992,0.25770700999999996,-5.848069904823205,3.6718724598758854
76662.0455,76662.04549999998,76660.20956376944,76663.88143623051,0.25770698999999997,-5.7194739431433845,3.6718724610691424
76662.54449999999,76662.54449999997,76660.70856243944,76664.38043756051,0.25770695,-5.590877847716911,3.6718751210719347
76663.0435,76663.04349999999,76661.20756130552,76664.87943869445,0.25770688999999997,-5.462281648477074,3.6718773889297154
76663.5425,76663.54249999998,76661.70656037559,76665.37843962437,0.25770688999999997,-5.333685910372878,3.671879248780897
76664.11899999999,76664.11899999998,76662.28295530786,76665.95504469209,0.25770688999999997,-5.185117888293462,3.6720893842284568
76664.6185,76664.61849999998,76662.78206122294,76666.45493877702,0.25770688999999997,-5.0563932967343135,3.672877554083243
76665.2425,76665.24249999998,76663.40585861512,76667.07914138483,0.25770686,-4.895583972742315,3.6732827697123867
76665.86649999999,76665.86649999997,76664.02985860797,76667.70314139198,0.25770662,-4.734773244854296,3.6732827840023674
76666.48999999999,76666.48999999998,76664.65335993205,76668.3266400679,0.25770659,-4.574092980081332,3.673280135844834
76667.1145,76667.11449999998,76665.2778586778,76668.95114132216,0.25770659,-4.413155214628205,3.673282644362189
76667.73849999999,76667.73849999998,76665.90185283982,76669.57514716014,0.25770655000000003,-4.252346102803131,3.673294320324203
76668.3625,76668.36249999999,76666.52575292143,76670.19924707855,0.25770653000000004,-4.091537128246273,3.6734941571194213
76668.9865,76668.98649999998,76667.14947619618,76670.82352380379,0.25770650000000006,-3.930728141218424,3.6740476076083723
76669.6105,76669.61049999998,76667.77053447321,76671.45046552675,0.25770611000000004,-3.7699180686176987,3.679931053542532
76670.234,76670.23399999998,76668.35002962066,76672.1179703793,0.25770610000000005,-3.6092382840724895,3.7679407586401794
76670.858,76670.85799999998,76668.97402907346,76672.7419709265,0.25770610000000005,-3.448429677664535,3.767941853031516
76671.48199999999,76671.48199999999,76669.59802209979,76673.36597790019,0.25770610000000005,-3.2876210712711327,3.767955800401978
76671.70899999999,76671.70899999999,76669.8249458368,76673.59305416318,0.25770610000000005,-3.2291217865713406,3.768108326388756
76671.93549999999,76671.93549999999,76670.0508302007,76673.82016979929,0.25770587000000006,-3.1707511721760966,3.76933959859889
76672.06049999999,76672.06049999999,76670.17567557663,76673.94532442336,0.25770571000000003,-3.1385378313134424,3.7696488467336167
76672.18549999999,76672.18549999999,76670.25342763805,76674.11757236194,0.25770552,-3.1063245141122025,3.8641447238915134
76672.31049999999,76672.31049999999,76670.37842900303,76674.24257099695,0.25770547000000005,-3.0741113031399436,3.8641419939231128
76672.43549999999,76672.43549999999,76670.50342829658,76674.3675717034,0.25770534000000006,-3.0418980811082292,3.86414340682677
76672.55999999998,76672.55999999998,76670.6279273781,76674.49207262187,0.25770527000000004,-3.009813754382776,3.864145243773237
76672.6075,76672.6075,76670.67542827925,76674.53957172074,0.25770518000000003,-2.997572743013734,3.864143441489432
76672.73199999999,76672.73199999999,76670.79961979763,76674.66438020235,0.24770518000000002,-2.9655084481055383,3.864760404714616
76672.73199999999,76672.73199999999,76670.97130787223,76674.49269212775,0.24741037000000002,-2.9655090377345914,3.5213842555240262
76672.73199999999,76672.73199999999,76670.97313810037,76674.49086189961,0.24708431000000003,-2.9655096898495685,3.517723799246596
76672.73199999999,76672.73199999999,76670.97516676744,76674.48883323254,0.24701169000000003,-2.9655098350776825,3.513666465092683
76672.7315,76672.7315,76670.97511871024,76674.48788128975,0.24701166000000002,-2.9656333409657236,3.5127625795139465
76672.7315,76672.7315,76670.97569941201,76674.48730058798,0.24701156000000002,-2.9656333411112428,3.511601175967371
76672.7315,76672.7315,76670.97569928835,76674.48730071164,0.24701153,-2.9656333411548985,3.5116014232917223
76672.7315,76672.7315,76670.97569916466,76674.48730083533,0.24701148,-2.965633341227658,3.511601670674281
76672.7115,76672.7115,76670.95568538435,76674.46731461566,0.24650647,-2.9707662321452517,3.511629231303232
76672.7115,76672.7115,76670.95883480617,76674.46416519384,0.24630908,-2.9707625804294366,3.5053303876775317
76672.711,76672.711,76670.9595622799,76674.4624377201,0.24629188000000002,-2.9708854081691243,3.5028754402010236
76672.6905,76672.6905,76670.93916890596,76674.44183109404,0.24629181000000003,-2.9759344169287942,3.5026621880824678
76672.67000000001,76672.67000000001,76670.91866915426,76674.42133084577,0.24629179000000004,-2.980983405839652,3.5026616915129125
76672.65050000002,76672.65050000002,76670.89916890544,76674.4018310946,0.24629179000000004,-2.985786095741787,3.5026621891593095
76672.6305,76672.6305,76670.87983101177,76674.38116898823,0.24629168000000004,-2.990711964594084,3.5013379764568526
76672.611,76672.611,76670.86033145072,76674.36166854929,0.24629168000000004,-2.9955146523570875,3.5013370985689107
76672.59100000001,76672.59100000001,76670.84021386316,76674.34178613687,0.24629159000000003,-3.000440509436885,3.501572273700731
76672.57100000003,76672.57100000003,76670.820213984,76674.32178601605,0.24629137000000004,-3.0053663942526327,3.5015720320516266
76672.551,76672.551,76670.80021485574,76674.30178514427,0.24629114000000005,-3.010292272490915,3.5015702885284554
76672.53100000002,76672.53100000002,76670.78019681797,76674.28180318206,0.24558680000000005,-3.0153596676245797,3.5016063640941866
76672.51100000001,76672.51100000001,76670.76583886346,76674.25616113657,0.24553816000000006,-3.0202802074636566,3.490322273108177
76672.49150000002,76672.49150000002,76670.98683347806,76673.99616652197,0.24553816000000006,-3.0250682015757775,3.009333043912193
76672.55,76672.55,76671.21062026739,76673.88937973262,0.24553816000000006,-3.0107042192248628,2.6787594652269036
76672.4715,76672.4715,76671.13979280443,76673.80320719557,0.24553816000000006,-3.0299789647833677,2.6634143911360297
76672.39299999998,76672.39299999998,76671.06128994307,76673.7247100569,0.24553816000000006,-3.0492537103418726,2.6634201138222124
76672.31449999998,76672.31449999998,76670.9827896135,76673.64621038646,0.24553816000000006,-3.0685284559149295,2.6634207729657646
76672.23599999998,76672.23599999998,76670.90428729534,76673.56771270461,0.24553816000000006,-3.0878032014734345,2.663425409264164
76672.15799999997,76672.15799999997,76670.8262876265,76673.48971237343,0.24553816000000006,-3.106955177951022,2.6634247469191905
76672.09949999997,76672.09949999997,76670.77129827149,76673.42770172845,0.24553816000000006,-3.1213191603164887,2.6564034569601063
76672.02149999996,76672.02149999996,76670.67099626947,76673.37200373044,0.24553816000000006,-3.1404711367940763,2.7010074609715957
76671.94299999997,76671.94299999997,76670.52333767335,76673.36266232659,0.24553816000000006,-3.1597458823525812,2.8393246532359626
76671.88499999998,76671.88499999998,76670.41712026893,76673.35287973103,0.24553816000000006,-3.1739870956225786,2.93575946209603
76671.90399999998,76671.90399999998,76670.44894191826,76673.3590580817,0.24553816000000006,-3.169321870591375,2.910116163431667
76671.84499999999,76671.84499999999,76670.48826649447,76673.2017335055,0.24553816000000006,-3.183808622023207,2.713467011024477
76671.78699999998,76671.78699999998,76670.43026488753,76673.14373511243,0.24553816000000006,-3.1980498353077564,2.7134702249022666
76671.72799999999,76671.72799999999,76670.39499271753,76673.06100728245,0.24553816000000006,-3.2125365867395885,2.6660145649220794
76671.66949999999,76671.66949999999,76670.3364925522,76673.00250744777,0.24553816000000006,-3.226900569105055,2.6660148955706973
76671.68849999999,76671.68849999999,76670.35549189086,76673.02150810912,0.24553816000000006,-3.2222353440592997,2.66601621825248
76671.6305,76671.6305,76670.32078120872,76672.94021879128,0.24553816000000006,-3.236476557343849,2.619437582558021
76671.62499999999,76671.62499999999,76670.32596300803,76672.92403699194,0.24553816000000006,-3.23782701723394,2.598073983914219
76671.62049999999,76671.62049999999,76670.32146266464,76672.91953733534,0.24553816000000006,-3.238931938947644,2.59807467070641
76671.65,76671.65,76670.34839656306,76672.95160343693,0.24553816000000006,-3.231688563217176,2.603206873871386
76671.6795,76671.6795,76670.41339194194,76672.94560805806,0.24553816000000006,-3.22444518750126,2.532216116116615
76671.84599999999,76671.84599999999,76670.37608206998,76673.31591793,0.24553816000000006,-3.1835630838613724,2.9398358600155916
76672.0125,76672.0125,76670.54640192603,76673.47859807397,0.24553816000000006,-3.142680980221485,2.932196147943614
76672.254,76672.254,76670.82654945189,76673.68145054812,0.24553816000000006,-3.0833835145749617,2.8549010962306056
76672.421,76672.421,76671.12928288351,76673.71271711649,0.24553816000000006,-3.0423786418687087,2.5834342329762876
76672.5875,76672.5875,76671.29750740036,76673.87749259963,0.24553816000000006,-3.001496538228821,2.5799851992633194
76672.7545,76672.7545,76671.46529212012,76674.04370787987,0.24553816000000006,-2.960491665508016,2.578415759751806
76672.921,76672.921,76671.63850270989,76674.20349729012,0.24553816000000006,-2.9196095618681284,2.564994580228813
76673.088,76673.088,76671.80971890833,76674.36628109167,0.24553816000000006,-2.8786046891473234,2.556562183337519
76673.22549999999,76673.22549999999,76671.77030414097,76674.680695859,0.24553816000000006,-2.8448431921424344,2.91039171803277
76673.33899999999,76673.33899999999,76671.82958751581,76674.84841248418,0.24553816000000006,-2.8169746109924745,3.018824968370609
76673.529,76673.529,76671.9534292349,76675.10457076509,0.24553816000000006,-2.770322360593127,3.151141530193854
76673.71699999999,76673.71699999999,76672.12571422782,76675.30828577216,0.24553816000000006,-2.724161186502897,3.1825715443410445
76673.90599999999,76673.90599999999,76672.28141445901,76675.53058554097,0.24553816000000006,-2.6777544742653845,3.2491710819595028
76674.09599999999,76674.09599999999,76672.46347198304,76675.72852801695,0.24553816000000006,-2.631102223866037,3.2650560339097865
76674.16199999998,76674.16199999998,76672.41785200706,76675.90614799291,0.24553816000000006,-2.614896705315914,3.488295985851437
76674.30649999999,76674.30649999999,76672.5623543792,76676.05064562078,0.24553816000000006,-2.579416441178182,3.4882912415778264
76674.3985,76674.3985,76672.59304439746,76676.20395560253,0.24553816000000006,-2.5568269304640125,3.6109112050617114
76674.4895,76674.4895,76672.69886199466,76676.28013800533,0.24553816000000006,-2.5344829579116777,3.5812760106637143
76674.54650000001,76674.54650000001,76672.75376745276,76676.33923254727,0.24553816000000006,-2.520487282774411,3.5854650945111644
76674.52550000002,76674.52550000002,76672.73241595659,76676.31858404345,0.24553816000000006,-2.525643584143836,3.586168086854741
76674.50400000002,76674.50400000002,76672.70253691127,76676.30546308876,0.24553816000000006,-2.5309226545796264,3.602926177496556
76674.48250000001,76674.48250000001,76672.68315006483,76676.2818499352,0.24553816000000006,-2.5362017250154167,3.598699870373821
76674.38650000002,76674.38650000002,76672.58715242177,76676.18584757828,0.24553816000000006,-2.559773388376925,3.5986951565137133
76674.36450000003,76674.36450000003,76672.55891674937,76676.17008325068,0.24553816000000006,-2.565175227893633,3.6111665013013408
76674.34250000003,76674.34250000003,76672.53691450122,76676.14808549883,0.24553816000000006,-2.5705770674103405,3.6111709976103157
76674.32050000003,76674.32050000003,76672.51490325319,76676.12609674687,0.24553816000000006,-2.5759789069416,3.6111934936780017
76674.29900000003,76674.29900000003,76672.49338075244,76676.10461924762,0.24553816000000006,-2.5812579773773905,3.611238495184807
76674.27750000004,76674.27750000004,76672.38895871727,76676.1660412828,0.24553816000000006,-2.586537047813181,3.7770825655316003
76674.28450000004,76674.28450000004,76672.38568627655,76676.18331372352,0.24553816000000006,-2.58481828069489,3.7976274469692726
76673.96300000003,76673.96300000003,76672.07803063923,76675.84796936084,0.24894629000000007,-2.6453105914551998,3.7699387216125615
76673.54850000003,76673.54850000002,76671.65830336166,76675.43869663838,0.24894629000000007,-2.748498828659649,3.780393276712857
76673.15600000003,76673.15600000002,76671.2658079662,76675.04619203383,0.24894629000000007,-2.846210247487761,3.7803840676206164
76672.90850000003,76672.90850000002,76671.01832907605,76674.79867092399,0.24968861000000006,-2.9056579933385365,3.7803418479452375
76672.65850000002,76672.6585,76670.76720704597,76674.54979295404,0.24968861000000006,-2.968080145845306,3.782585908076726
76672.45500000002,76672.455,76670.56371243717,76674.34628756283,0.24968861000000006,-3.018891777988756,3.7825751256605145
76672.25000000001,76672.25,76670.380040743,76674.119959257,0.24968861000000006,-3.0700779430335388,3.7399185140093323
76672.04500000001,76672.045,76670.17502659767,76673.91497340232,0.24968861000000006,-3.1212641080783214,3.7399468046496622
76671.84,76671.83999999998,76669.97087554308,76673.70912445689,0.24968861000000006,-3.172450273137656,3.7382489138108213
76671.6345,76671.63449999999,76669.76537106502,76673.50362893495,0.24968861000000006,-3.223761282482883,3.7382578699325677
76671.42899999999,76671.42899999997,76669.56039038447,76673.29760961547,0.24968861000000006,-3.275072291842662,3.7372192309994716
76671.09199999999,76671.09199999998,76669.22748474639,76672.95651525357,0.24968861000000006,-3.359217353427084,3.7290305071801413
76670.80999999998,76670.80999999997,76669.44692489253,76672.1730751074,0.24968861000000006,-3.4296295414387714,2.7261502148758154
76670.60449999999,76670.60449999997,76669.58559205588,76671.62340794406,0.24968861000000006,-3.4809405507985502,2.037815888179466
76670.39949999998,76670.39949999997,76669.3843445222,76671.41465547774,0.24968861000000006,-3.532126715843333,2.03031095553888
76670.19449999998,76670.19449999997,76669.18243640744,76671.2065635925,0.24968861000000006,-3.5833128808881156,2.0241271850536577
76669.98949999998,76669.98949999997,76669.26969731144,76670.7093026885,0.24968861000000006,-3.63449904594745,1.4396053770615254
76669.65349999999,76669.65349999997,76668.41223611828,76670.89476388166,0.24968861000000006,-3.7183944189018803,2.4825277633790392
76669.317,76669.31699999998,76667.92108882933,76670.71291117063,0.24968861000000006,-3.8024146361713065,2.7918223412998486
76669.1115,76669.11149999998,76667.61749836039,76670.60550163958,0.24968861000000006,-3.8537256455165334,2.9880032791988924
76669.05150000002,76669.0515,76667.44792301445,76670.65507698555,0.24968861000000006,-3.8687069621228147,3.207153971103253
76669.01850000002,76669.0185,76667.3937070726,76670.64329292742,0.24968861000000006,-3.8769466862431727,3.249585854820907
76669.03050000002,76669.03050000001,76667.4049766393,76670.65602336072,0.24968861000000006,-3.8739504229306476,3.25104672141606
76668.83200000001,76668.832,76667.14777223559,76670.5162277644,0.24968861000000006,-3.9235136120114475,3.368455528805498
76668.63450000001,76668.6345,76666.91187633989,76670.35712366011,0.24968861000000006,-3.972827112491359,3.4452473202254623
76668.437,76668.43699999999,76666.71405220348,76670.1599477965,0.24968861000000006,-4.0221406129712705,3.4458955930313095
76668.24,76668.23999999999,76666.51690545579,76669.96309454419,0.24970921000000007,-4.071283537137788,3.4461890883976594
76668.04299999999,76668.04299999998,76666.31905632284,76669.76694367711,0.25758531000000007,-4.104542901201057,3.4478873542684596
76667.8455,76667.84549999998,76666.19574891523,76669.49525108474,0.25758531000000007,-4.155415999921388,3.299502169509651
76667.6125,76667.61249999999,76665.96210908226,76669.26289091771,0.25758531000000007,-4.215433377146837,3.3007818354526535
76667.37950000001,76667.3795,76665.69007868787,76669.06892131212,0.25758531000000007,-4.2754507543868385,3.3788426242535934
76667.27850000001,76667.27850000001,76665.57269294753,76668.9843070525,0.25758531000000007,-4.3014668706891825,3.411614104959881
76667.15800000001,76667.15800000001,76665.43954343542,76668.8764565646,0.25758531000000007,-4.332505900543765,3.436913129175082
76666.96050000002,76666.96050000002,76665.22734314928,76668.69365685075,0.25758531000000007,-4.383378999264096,3.466313701472245
76666.763,76666.763,76665.02751677005,76668.49848322997,0.25758531000000007,-4.434252097998979,3.4709664599213284
76666.53000000001,76666.53000000001,76664.73988015586,76668.32011984417,0.25758531000000007,-4.494269475224428,3.580239688308211
76666.259,76666.259,76664.44621449699,76668.07178550302,0.25758531000000007,-4.564075094240252,3.625571006035898
76666.11500000002,76666.11500000002,76664.28814650611,76667.94185349393,0.25758531000000007,-4.601167378874379,3.6537069878249895
76665.91450000001,76665.91450000001,76664.08618752577,76667.74281247426,0.25758531000000007,-4.6528132335224655,3.6566249484894797
76665.54250000001,76665.54250000001,76663.71328808884,76667.37171191118,0.25758531000000007,-4.748634968855185,3.658423822344048
76665.29950000001,76665.29950000001,76663.45938683754,76667.13961316248,0.25758531000000007,-4.811228199178004,3.6802263249410316
76665.22600000001,76665.22600000001,76663.37739287438,76667.07460712564,0.25758531000000007,-4.830160719458945,3.6972142512677237
76664.9845,76664.9845,76663.12487706776,76666.84412293225,0.25758531000000007,-4.892367571825162,3.719245864485856
76664.69400000002,76664.69400000002,76662.81836081052,76666.56963918952,0.25758531000000007,-4.967196104378672,3.7512783790007234
76664.51800000001,76664.51800000001,76662.62820073793,76666.40779926209,0.25758531000000007,-5.012531118947663,3.7795985241536982
76664.3075,76664.3075,76662.41442684655,76666.20057315344,0.25758531000000007,-5.0667528267076705,3.786146306898445
76664.058,76664.058,76662.16395332961,76665.9520466704,0.25758531000000007,-5.131020361543051,3.7880933407868724
76663.80799999999,76663.80799999999,76661.9137646681,76665.70223533188,0.25758531000000007,-5.195416689050035,3.7884706637705676
76663.52100000001,76663.52100000001,76661.62539931614,76665.41660068388,0.25758531000000007,-5.269343673018739,3.7912013677414507
76663.2685,76663.2685,76661.36418200996,76665.17281799005,0.25758531000000007,-5.334383963781875,3.80863598009455
76663.016,76663.016,76661.11168423985,76664.92031576016,0.25758531000000007,-5.3994242545595625,3.8086315203108825
76662.7615,76662.7615,76660.84938503162,76664.67361496837,0.25758531000000007,-5.464979715965455,3.824229936755728
76662.2515,76662.25149999998,76660.33883163767,76664.1641683623,0.25758531000000007,-5.59634822406224,3.825336724636145
76661.6365,76661.63649999998,76659.72382058336,76663.5491794166,0.25758531000000007,-5.754763189717778,3.825358833244536
76661.0235,76661.02349999998,76659.10913895271,76662.93786104725,0.25758531000000007,-5.912662984745111,3.8287220945348963
76660.486,76660.48599999999,76658.57151607842,76662.40048392156,0.25758531000000007,-6.051115088863298,3.828967843146529
76660.136,76660.13599999998,76658.22114869254,76662.05085130743,0.25758531000000007,-6.141269947373075,3.829702614893904
76659.6625,76659.66249999999,76657.74701796443,76661.57798203555,0.25758531000000007,-6.263236591650639,3.8309640711231623
76659.27100000001,76659.271,76657.35548153601,76661.18651846398,0.25758531000000007,-6.364081240521045,3.8310369279643055
76658.8925,76658.89249999999,76656.97698133953,76660.80801866045,0.25758531000000007,-6.461577280351776,3.8310373209242243
76658.55399999999,76658.55399999997,76656.63833722228,76660.46966277767,0.25758531000000007,-6.54876990779303,3.8313255553948693
76657.9915,76657.99149999999,76656.07560419275,76659.90739580723,0.25758531000000007,-6.6936616446619155,3.8317916144733317
76657.50850000001,76657.5085,76655.59258535125,76659.42441464875,0.25758531000000007,-6.8180753493797965,3.8318292975018267
76657.03550000001,76657.0355,76655.11960007215,76658.95139992784,0.25758531000000007,-6.9399132010148605,3.831799855688587
76656.41100000001,76656.411,76654.49510101065,76658.32689898934,0.25758531000000007,-7.1007752271107165,3.831797978695249
76655.804,76655.80399999999,76653.88809776564,76657.71990223434,0.25758531000000007,-7.257129510282539,3.831804468703922
76655.23449999999,76655.23449999998,76653.31869984097,76657.15030015899,0.25758531000000007,-7.40382434433559,3.831600318022538
76654.651,76654.65099999998,76652.73562258907,76656.5663774109,0.25758531000000007,-7.554125372713315,3.830754821829032
76654.323,76654.32299999999,76652.40722923091,76656.23877076907,0.25758531000000007,-7.6386133544001495,3.831541538151214
76653.843,76653.84299999998,76651.92749294151,76655.75850705845,0.25758531000000007,-7.762254303204827,3.8310141169349663
76653.36299999998,76653.36299999997,76651.44803991959,76655.27796008035,0.25758531000000007,-7.885895251994953,3.8299201607587747
76652.88499999998,76652.88499999997,76650.9701811216,76654.79981887834,0.25758531000000007,-8.009021030185977,3.8296377567457967
76652.62699999998,76652.62699999996,76650.71218112674,76654.54181887319,0.25758531000000007,-8.075478040162125,3.8296377464430407
76652.47399999997,76652.47399999996,76650.55977525763,76654.38822474229,0.25758531000000007,-8.11488859259407,3.828449484659359
76652.31949999997,76652.31949999995,76650.40551070213,76654.23348929778,0.25771408000000007,-8.154471829184331,3.827978595654713
76652.12449999996,76652.12449999995,76650.21080384837,76654.03819615152,0.25771408000000007,-8.204726074778591,3.82739230315201
76651.77999999997,76651.77999999996,76649.86630384788,76653.69369615203,0.25771408000000007,-8.293508575341548,3.82739230414154
76651.56299999998,76651.56299999997,76649.6492964247,76653.47670357523,0.25898189000000005,-8.34828769825981,3.827407150529325
76651.32049999997,76651.32049999996,76649.39166544074,76653.24933455918,0.25898189000000005,-8.411090806592256,3.8576691184425727
76651.10649999997,76651.10649999995,76649.17766746764,76653.03533253226,0.25904633000000005,-8.466484158590902,3.857665064628236
76650.85349999998,76650.85349999997,76648.92494102953,76652.7820589704,0.25904736000000006,-8.532022680767113,3.8571179408754688
76650.72199999998,76650.72199999997,76648.79351370994,76652.65048628999,0.2591765200000001,-8.56607940068352,3.856972580048023
76650.61299999998,76650.61299999997,76648.6848945438,76652.54110545614,0.2591765200000001,-8.594329641360673,3.8562109123449773
76650.60799999998,76650.60799999996,76648.67993180899,76652.53606819094,0.2591765200000001,-8.595625523972558,3.8561363819462713
76650.64049999998,76650.64049999996,76648.71243187775,76652.56856812218,0.2591765200000001,-8.587202287075343,3.8561362444306724
76650.68999999997,76650.68999999996,76648.76190865808,76652.61809134184,0.2591765200000001,-8.574373049326823,3.856182683754014
76650.74049999999,76650.74049999997,76648.81262444578,76652.66837555416,0.2591765200000001,-8.561284635070479,3.855751108378172
76650.80549999999,76650.80549999999,76648.87785797383,76652.73314202615,0.2591765200000001,-8.544438161261496,3.8552840523188934
76650.65249999998,76650.65249999998,76648.72488909439,76652.58011090558,0.2591765200000001,-8.584092168821371,3.8552218111872207
76650.65249999998,76650.65249999998,76648.7249043071,76652.58009569286,0.2591765200000001,-8.584092168821371,3.855191385751823
76650.65249999998,76650.65249999998,76648.72517202674,76652.57982797323,0.2591765200000001,-8.584092168821371,3.854655946488492
76650.65249999998,76650.65249999998,76648.72524603184,76652.57975396812,0.2591765200000001,-8.584092168821371,3.854507936281152
76650.65299999998,76650.65299999998,76648.72623212788,76652.57976787207,0.25923837000000005,-8.58396301351604,3.8535357441869564
76650.65299999998,76650.65299999998,76648.72795734082,76652.57804265914,0.25923837000000005,-8.58396301351604,3.850085318321362
76650.65249999998,76650.65249999998,76648.7303897213,76652.57461027867,0.25923837000000005,-8.584092632692773,3.844220557366498
76650.65249999998,76650.65249999998,76648.73263309046,76652.5723669095,0.25923837000000005,-8.584092632692773,3.8397338190407027
76650.65249999998,76650.65249999998,76648.73361534785,76652.57138465211,0.25923837000000005,-8.584092632692773,3.8377693042566534
76650.65199999997,76650.65199999997,76648.7333308405,76652.57066915944,0.25923837000000005,-8.584222251884057,3.83733831893187
76650.65249999998,76650.65249999998,76648.73429267871,76652.57070732125,0.26719936000000005,-8.584152340132277,3.836414642544696
76650.65249999998,76650.65249999998,76648.81743146005,76652.48756853992,0.27719936000000006,-8.584227340121288,3.670137079869164
76650.65249999998,76650.65249999998,76649.96197484093,76651.34302515903,0.27719936000000006,-8.584227340121288,1.3810503181011882
76650.65249999998,76650.65249999998,76649.97343050172,76651.33156949824,0.27719936000000006,-8.584227340121288,1.3581389965256676
76650.65299999998,76650.65299999998,76649.84131993016,76651.4646800698,0.27719936000000006,-8.584088740433799,1.6233601396379527
76650.65349999999,76650.65349999999,76649.70768833018,76651.5993116698,0.27719936000000006,-8.583950140760862,1.8916233396157622
76650.65399999998,76650.65399999998,76649.6771617622,76651.63083823776,0.27719936000000006,-8.583811541073374,1.953676475561224
76650.65449999998,76650.65449999998,76649.61780391684,76651.6911960831,0.27719936000000006,-8.583672941400437,2.0733921662613284
76650.65499999998,76650.65499999998,76649.54439751369,76651.76560248628,0.27719936000000006,-8.583534341712948,2.221204972593114
76650.65549999998,76650.65549999998,76649.37076683171,76651.94023316825,0.27719936000000006,-8.583395742040011,2.5694663365429733
76650.65599999999,76650.65599999999,76649.35505891366,76651.95694108632,0.27719936000000006,-8.583257142352522,2.601882172661135
76650.65649999998,76650.65649999998,76649.3116592717,76652.00134072827,0.27719936000000006,-8.583118542679586,2.689681456569815
76650.65699999998,76650.65699999998,76649.2694817595,76652.04451824045,0.27719936000000006,-8.582979942992097,2.775036480947165
76650.65749999999,76650.65749999999,76649.1782117906,76652.13678820938,0.27719936000000006,-8.58284134331916,2.9585764187795576
76650.65749999999,76650.65749999999,76649.13349576297,76652.181504237,0.27719936000000006,-8.58284134331916,3.048008474026574
76650.65799999998,76650.65799999998,76649.10871372714,76652.20728627282,0.27719936000000006,-8.582702743631671,3.098572545684874
76650.65949999998,76650.65949999998,76649.0923344236,76652.22666557635,0.27719936000000006,-8.582286944598309,3.1343311527452897
76650.7125,76650.7125,76649.12802448217,76652.29697551782,0.27719936000000006,-8.567595378510305,3.168951035651844
76651.192,76651.19199999998,76649.58775427548,76652.79624572449,0.27719929000000004,-8.43467765202513,3.2084914490114897
76651.67199999999,76651.67199999998,76650.04275564104,76653.30124435891,0.27719929000000004,-8.301621992824948,3.2584887178672943
76652.339,76652.33899999998,76650.50082995855,76654.17717004141,0.27719929000000004,-8.116730066394666,3.6763400828640442
76652.997,76652.99699999997,76651.13216773106,76654.86183226889,0.27719918000000004,-7.934331743046641,3.7296645378228277
76653.71300000002,76653.71299999999,76651.84815518011,76655.57784481987,0.27680792000000004,-7.731448803737294,3.7296896397601813
76654.42900000002,76654.42899999999,76652.56579586036,76656.29220413962,0.27680772000000003,-7.5332522228272865,3.726408279268071
76655.145,76655.14499999997,76653.28179644093,76657.00820355902,0.27680753,-7.335056026655366,3.7264071180834435
76655.861,76655.86099999998,76653.99779698123,76657.72420301872,0.27680739000000004,-7.136860558515764,3.7264060374873225
76656.577,76656.57699999998,76654.71379683458,76658.44020316537,0.27680734000000007,-6.938666047135484,3.726406330795726
76657.293,76657.29299999998,76655.42981173967,76659.15618826028,0.2768072000000001,-6.740470915508922,3.726376520615304
76658.00899999999,76658.00899999996,76656.14581203734,76659.87218796258,0.2768071100000001,-6.5422763329261215,3.7263759252382442
76658.725,76658.72499999998,76656.86181220497,76660.58818779499,0.27680704000000006,-6.3440820043033455,3.726375590020325
76659.44099999999,76659.44099999996,76657.57795756568,76661.30404243425,0.27680694000000006,-6.145887609774945,3.72608486856916
76660.15699999999,76660.15699999996,76658.29395773305,76662.02004226687,0.27680692000000007,-5.947693744281423,3.726084533816902
76661.01849999999,76661.01849999996,76659.15546520718,76662.88153479274,0.27680692000000007,-5.709224582693423,3.7260695855657104
76661.73499999999,76661.73499999996,76659.87191725495,76663.59808274497,0.27680692000000007,-5.510892424514168,3.7261654900212307
76662.45199999999,76662.45199999996,76660.58891518998,76664.31508480995,0.27680692000000007,-5.312421862880001,3.726169619971188
76663.313,76663.31299999997,76661.44991334196,76665.17608665797,0.2768067900000001,-5.074090511043323,3.7261733160121366
76664.17299999998,76664.17299999995,76662.30991375979,76666.03608624011,0.27680673000000006,-4.836036449240055,3.726172480324749
76664.98149999997,76664.98149999995,76663.0925446417,76666.8704553582,0.27680653000000005,-4.612237628345611,3.777910716511542
76665.36349999998,76665.36349999996,76663.4371206024,76667.28987939753,0.27680651000000006,-4.506497483540443,3.85275879513938
76665.74499999997,76665.74499999997,76663.81862037808,76667.67137962185,0.27680640000000006,-4.400895565122482,3.8527592437749263
76665.93949999996,76665.93949999996,76664.01312077523,76667.8658792247,0.27680640000000006,-4.3470567203185055,3.8527584494731855
76666.14299999997,76666.14299999997,76664.21326895973,76668.0727310402,0.27680640000000006,-4.29072661792452,3.859462080465164
76666.28799999997,76666.28799999997,76664.35823069926,76668.21776930068,0.2768062700000001,-4.250589482966461,3.859538601420354
76666.43299999996,76666.43299999996,76664.50323104113,76668.36276895879,0.2768061400000001,-4.210452385712415,3.8595379176549613
76666.57849999997,76666.57849999997,76664.6487309113,76668.50826908865,0.2768061400000001,-4.170177092339145,3.8595381773484405
76666.81699999998,76666.81699999997,76664.88723095146,76668.74676904848,0.2768061400000001,-4.1041588279476855,3.8595380970218685
76667.16799999998,76667.16799999996,76665.23823077857,76669.09776922135,0.2768061400000001,-4.006999872814049,3.8595384427753743
76667.57449999999,76667.57449999997,76665.6447283095,76669.50427169044,0.2768061400000001,-3.8944781768950634,3.859543380938703
76667.9815,76667.98149999998,76666.05171266115,76669.91128733881,0.2768061400000001,-3.7818180779140675,3.8595746776554734
76668.388,76668.38799999999,76666.45820977075,76670.31779022924,0.2768060400000001,-3.6692959097999847,3.8595804584911093
76668.7945,76668.79449999999,76666.86471011251,76670.72428988747,0.27680597000000007,-3.556773952455842,3.859579774958547
76669.20150000001,76669.20150000001,76667.2717330195,76671.13126698052,0.27680597000000007,-3.444113922669203,3.8595339610183146
76669.46250000004,76669.46250000004,76667.53372605988,76671.3912739402,0.2768058500000001,-3.3718671267852187,3.8575478803250007
76669.86900000002,76669.86900000002,76667.9404719635,76671.79752803654,0.2768058500000001,-3.2593455487658503,3.8570560730295256
76670.27500000002,76670.27500000002,76668.34659637221,76672.20340362783,0.2768058500000001,-3.146962373662973,3.856807255622698
76670.48250000001,76670.48250000001,76668.55479243967,76672.41020756036,0.27680577000000006,-3.0895250359899364,3.8554151206917595
76670.74300000002,76670.74300000002,76668.81552449586,76672.67047550417,0.27680577000000006,-3.0174171328981174,3.8549510083103087
76670.95350000003,76670.95350000003,76669.02642050122,76672.88057949884,0.27680570000000004,-2.9591494387714192,3.854158997623017
76671.21200000001,76671.21200000001,76669.28492318833,76673.1390768117,0.27680570000000004,-2.8875951653171796,3.8541536233678926
76671.47350000002,76671.47350000002,76669.54681532925,76673.4001846708,0.27680551000000003,-2.815210163826123,3.8533693415520247
76671.73450000002,76671.73450000002,76669.80794756442,76673.66105243562,0.27680546000000006,-2.742963856944698,3.8531048712029587
76671.99600000001,76671.99600000001,76670.07065538631,76673.92134461371,0.27680546000000006,-2.670579229161376,3.8506892274017446
76672.25800000003,76672.25800000003,76670.33276807595,76674.18323192411,0.27680546000000006,-2.5980561986216344,3.850463848153595
76672.52000000002,76672.52000000002,76670.5962521201,76674.44374787994,0.27680546000000006,-2.5255331681109965,3.8474957598373294
76672.78150000001,76672.78150000001,76670.85924965027,76674.70375034976,0.27680546000000006,-2.4531485403276747,3.8445006994879805
76672.94950000002,76672.94950000002,76671.02809913937,76674.87090086067,0.27680534000000007,-2.4066452037804993,3.84280172130093
76673.00500000003,76673.00500000003,76671.08787801393,76674.92212198614,0.27680528000000004,-2.391282501106616,3.8342439722036943
76673.00500000002,76673.00500000002,76671.09846101643,76674.91153898361,0.27680521,-2.391282493757899,3.813077967177378
76673.0815,76673.0815,76671.17505283475,76674.98794716525,0.27680521,-2.3701068952068454,3.8128943305055145
76673.08200000001,76673.08200000001,76671.17423630776,76674.98976369225,0.27680521,-2.3699684925959446,3.815527384489542
76673.08250000002,76673.08250000002,76671.17277359951,76674.99222640053,0.27680521,-2.3698300899850437,3.819452801020816
76673.1515,76673.1515,76671.24177281464,76675.06122718538,0.27680521,-2.350730530495639,3.8194543707359117
76673.458,76673.45799999998,76671.54825980781,76675.36774019216,0.27680516000000005,-2.2658894445339683,3.8194803843507543
76673.764,76673.76399999998,76671.83234866818,76675.69565133179,0.26680516000000004,-2.1264270655810833,3.86330266360892
76674.07,76674.06999999999,76672.60307604176,76675.53692395822,0.26587695000000006,-2.0399858409073204,2.933847916458035
76674.431,76674.43099999998,76672.9981975711,76675.86380242887,0.26587695000000006,-1.9440042619680753,2.8656048577686306
76674.932,76674.93199999999,76673.49906215933,76676.36493784064,0.26587695000000006,-1.810799910017522,2.8658756813092623
76675.48250000001,76675.4825,76674.04931495627,76676.91568504373,0.26587689000000003,-1.6644341919891303,2.866370087460382
76675.98500000002,76675.985,76674.55181206137,76677.41818793863,0.26587678000000003,-1.530830272109597,2.8663758772599977
76676.48450000002,76676.4845,76675.05131278493,76677.91768721509,0.26587673000000006,-1.3980244897247758,2.8663744301593397
76676.98450000002,76676.9845,76675.55131206602,76678.417687934,0.26587673000000006,-1.2650861247384455,2.8663758679758757
76677.48400000003,76677.48400000001,76676.01947910385,76678.94852089617,0.26587673000000006,-1.132280698089744,2.9290417923184577
76677.98350000003,76677.98350000002,76676.43059027144,76679.5364097286,0.26587673000000006,-0.9994752714555943,3.1058194571523927
76678.51750000003,76678.51750000002,76676.96629630677,76680.06870369326,0.26587673000000006,-0.8574970976333134,3.1024073864973616
76679.05150000003,76679.05150000002,76677.4660386076,76680.63696139243,0.26587673000000006,-0.7155189238255844,3.1709227848332375
76679.58600000002,76679.58600000001,76678.00008399352,76681.1719160065,0.26587673000000006,-0.5734078116365708,3.1718320129730273
76680.12050000002,76680.1205,76678.53355023834,76681.70744976167,0.26587673000000006,-0.43129669944755733,3.1738995233317837
76680.66500000001,76680.665,76679.01320967615,76682.31679032384,0.26587673000000006,-0.28652681996754836,3.3035806476837024
76681.883,76681.88299999994,76680.23116413319,76683.5348358667,0.26587673000000006,0.03731103717291262,3.3036717335053254
76683.1395,76683.13949999995,76681.46792419902,76684.81107580087,0.26587673000000006,0.3713851484208135,3.34315160184633
76684.2335,76684.23349999993,76682.56188642383,76685.90511357602,0.26587673000000006,0.6622542910336051,3.343227152188774
76685.4085,76685.40849999995,76683.71533223949,76687.1016677604,0.26587673000000006,0.9746594487805851,3.3863355209177826
76686.2985,76686.29849999993,76684.55522376028,76688.04177623958,0.26587673000000006,1.211289738479536,3.4865524792985525
76687.16750000001,76687.16749999994,76685.30507960016,76689.02992039971,0.26587673000000006,1.442336616863031,3.724840799550293
76687.93500000003,76687.93499999995,76686.0719322878,76689.79806771211,0.26587673000000006,1.6463970071345102,3.7261354243091773
76688.54700000002,76688.54699999995,76686.68389879652,76690.41010120338,0.26587673000000006,1.8091135658905841,3.726202406862285
76689.08950000003,76689.08949999996,76687.20888728024,76690.97011271967,0.26587673000000006,1.9533516919182148,3.761225439433474
76689.63050000001,76689.63049999994,76687.73362225061,76691.52737774927,0.26587673000000006,2.0971910028456477,3.7937554986565374
76690.1555,76690.15549999992,76688.25879001494,76692.0522099849,0.26587673000000006,2.2367762860958464,3.793419969966635
76690.67550000001,76690.67549999994,76688.778771113,76692.57222888689,0.26587673000000006,2.3750321856932715,3.7934577738924418
76690.95749999999,76690.95749999992,76689.06077015625,76692.85422984358,0.26587673000000006,2.450009423555457,3.793459687323775
76691.50200000001,76691.50199999992,76689.605269293,76693.39873070685,0.26587673000000006,2.594779303035466,3.7934614138503093
76691.9205,76691.9204999999,76690.02252063797,76693.81847936184,0.26587673000000006,2.706048714549979,3.7959587238729
76692.156,76692.15599999992,76690.25390433361,76694.05809566622,0.26587673000000006,2.768662684451556,3.8041913326014765
76692.76550000001,76692.7654999999,76690.86339880034,76694.66760119947,0.26587673000000006,2.930714551388519,3.804202399129281
76693.5645,76693.56449999989,76691.6621084063,76695.46689159349,0.26587673000000006,3.143150058662286,3.804783187195426
76694.374,76694.3739999999,76692.46784668989,76696.2801533099,0.26587673000000006,3.358377271593781,3.812306620005984
76695.0735,76695.07349999995,76693.16669685778,76696.98030314213,0.26587673000000006,3.544358044237015,3.8136062843550462
76695.12299999999,76695.12299999995,76693.21611546537,76697.02988453452,0.26587673000000006,3.5575189423689153,3.8137690691510215
76695.2105,76695.21049999996,76693.30274141411,76697.1182585858,0.26587673000000006,3.580783156241523,3.8155171716935
76695.4605,76695.46049999996,76693.54880709336,76697.37219290655,0.26587673000000006,3.64725233874924,3.823385813186178
76695.56049999999,76695.56049999995,76693.6455779609,76697.475422039,0.26587673000000006,3.673840011746506,3.8298440781072713
76695.70850000001,76695.70849999996,76693.79189051375,76697.62510948618,0.26587673000000006,3.713189767790027,3.833218972431496
76695.8775,76695.87749999996,76693.96044980019,76697.79455019973,0.26587673000000006,3.7581229351635557,3.8341003995446954
76696.148,76696.14799999996,76694.22870877021,76698.0672912297,0.26587673000000006,3.830042590619996,3.8385824594879523
76696.5735,76696.57349999995,76694.65308041511,76698.4939195848,0.26587673000000006,3.9431731392396614,3.84083916968666
76696.8755,76696.87549999995,76694.95390462571,76698.79709537419,0.26587673000000006,4.02346791169839,3.8431907484773546
76697.1795,76697.17949999995,76695.25740900598,76699.10159099393,0.26587673000000006,4.1042944376094965,3.8441819879517425
76697.4995,76697.49949999996,76695.57687215629,76699.42212784363,0.26587673000000006,4.189374991212389,3.845255687338067
76697.9745,76697.97449999997,76696.05179531763,76699.8972046823,0.26587673000000006,4.315666437963955,3.8454093646723777
76698.687,76698.68699999998,76696.76430656722,76700.60969343274,0.26587655000000004,4.505104384428705,3.8453868655196857
76699.3745,76699.37449999998,76697.45180682091,76701.29719317904,0.26587655000000004,4.687894512549974,3.8453863581235055
76700.21650000001,76700.21649999998,76698.29380682055,76702.1391931794,0.26587650000000007,4.911762972828001,3.8453863588511012
76701.291,76701.29099999998,76699.36830682289,76703.21369317708,0.26587650000000007,5.197447272075806,3.8453863541944884
76702.062,76702.06199999999,76700.1309280026,76703.99307199738,0.26587642000000006,5.4024388014222495,3.8621439947746694
76702.7145,76702.71449999999,76700.7826655855,76704.64633441447,0.26587642000000006,5.57592316546652,3.8636688289698213
76703.34,76703.33999999998,76701.40816558775,76705.27183441221,0.26587642000000006,5.742228866176447,3.8636688244587276
76704.3025,76704.30249999999,76702.37066557577,76706.23433442421,0.26587605000000003,5.998139707298833,3.863668848440284
76705.1645,76705.16449999998,76703.2326658274,76707.09633417257,0.26587588,6.227326915221056,3.8636683451768477
76706.0265,76706.02649999999,76704.09466587669,76707.9583341233,0.26587581,6.456512708726223,3.863668246602174
76706.889,76706.88899999998,76704.9571658955,76708.82083410447,0.26587581,6.685830594855361,3.863668208970921
76707.872,76707.87199999999,76705.94016589643,76709.80383410354,0.26587581,6.947186516073998,3.863668207108276
76708.85449999999,76708.85449999997,76706.92266589875,76710.7863341012,0.2658757,7.208410686900606,3.863668202451663
76709.83699999998,76709.83699999997,76707.90516599125,76711.76883400869,0.26587568,7.469633758417331,3.863668017438613
76710.81999999998,76710.81999999996,76708.88816600989,76712.75183399004,0.26587568,7.7309895518410485,3.863667980156606
76711.80249999998,76711.80249999996,76709.87034869756,76713.73465130237,0.25587568,8.070687407453079,3.864302604808472
76712.78499999997,76712.78499999996,76710.88453597033,76714.6854640296,0.24587567999999999,8.390735263063107,3.80092805926688
76713.76749999997,76713.76749999996,76711.88833491405,76715.64666508586,0.24587564999999997,8.632308295127586,3.7583301718113944
76714.75049999997,76714.75049999995,76712.87133519353,76716.62966480637,0.24587564999999997,8.874004059078288,3.7583296128432266
76715.58349999998,76715.58349999996,76713.70436179981,76717.46263820012,0.24587564999999997,9.078818475536536,3.7582764003018383
76716.41599999998,76716.41599999998,76714.53686188167,76718.2951381183,0.24587558999999998,9.283510148205096,3.758276236621896
76717.01099999997,76717.01099999997,76715.13203148614,76718.8899685138,0.24587553999999998,9.429806256186566,3.757937027665321
76717.57799999998,76717.57799999998,76715.69980400639,76719.45619599357,0.24587553999999998,9.569217687370838,3.756391987175448
76718.06049999998,76718.06049999998,76716.1872406794,76719.93375932056,0.24587548999999997,9.687852714894689,3.7465186411573086
76718.47249999997,76718.47249999997,76716.59932167183,76720.34567832811,0.24587542999999998,9.789153487421572,3.7463566562801134
